openTime,datetime,open,high,low,close,volumn,closeTime,quote_volumn,trades,taker_base_volumn,taker_quote_volumn,ignore
1753974900000,2025-07-31 15:15:00,0.5771,0.5798,0.5767,0.5789,47112.58,1753975799999,27264.778065,970,24773.79,14338.405643,0
1753975800000,2025-07-31 15:30:00,0.5788,0.5847,0.5787,0.5833,56278.36,1753976699999,32766.280275,1061,35626.49,20745.51516,0
1753976700000,2025-07-31 15:45:00,0.5833,0.5845,0.5799,0.581,26171.86,1753977599999,15224.232416,677,12613.3,7337.889965,0
1753977600000,2025-07-31 16:00:00,0.5811,0.5827,0.579,0.5827,63721.23,1753978499999,37020.615566,754,29708.8,17265.512828,0
1753978500000,2025-07-31 16:15:00,0.5824,0.5874,0.5824,0.5867,52922.29,1753979399999,30920.977291,877,27424.13,16025.227755,0
1753979400000,2025-07-31 16:30:00,0.5865,0.5937,0.5864,0.5915,95356.32,1753980299999,56402.958163,1136,48021.44,28391.345689,0
1753980300000,2025-07-31 16:45:00,0.5916,0.5921,0.587,0.5895,34186.32,1753981199999,20148.172613,645,11441.45,6746.547566,0
1753981200000,2025-07-31 17:00:00,0.5895,0.5895,0.584,0.5863,94129.36,1753982099999,55211.436289,806,69128.08,40555.764273,0
1753982100000,2025-07-31 17:15:00,0.5863,0.5889,0.5812,0.5833,60187.22,1753982999999,35188.132103,1214,27975.06,16344.879896,0
1753983000000,2025-07-31 17:30:00,0.5834,0.5868,0.5815,0.5832,33419.13,1753983899999,19526.487932,868,16932.43,9896.998535,0
1753983900000,2025-07-31 17:45:00,0.5833,0.5844,0.5785,0.5799,45580.93,1753984799999,26451.926943,949,19524.45,11338.916842,0
1753984800000,2025-07-31 18:00:00,0.5799,0.5805,0.5736,0.5757,82751.19,1753985699999,47657.502523,1050,43026.08,24796.586362,0
1753985700000,2025-07-31 18:15:00,0.5756,0.5807,0.5741,0.5803,72147.84,1753986599999,41716.949569,995,33396.6,19298.279327,0
1753986600000,2025-07-31 18:30:00,0.5803,0.5827,0.5801,0.5813,46655.88,1753987499999,27133.082774,590,13085.73,7608.552053,0
1753987500000,2025-07-31 18:45:00,0.5813,0.5828,0.5774,0.5784,18920.25,1753988399999,10975.500426,543,8209.18,4763.30627,0
1753988400000,2025-07-31 19:00:00,0.5784,0.5794,0.5739,0.5739,40582.88,1753989299999,23407.339256,633,19112.47,11026.460353,0
1753989300000,2025-07-31 19:15:00,0.5739,0.5771,0.5738,0.5758,28050.47,1753990199999,16155.378965,609,13157.0,7573.933032,0
1753990200000,2025-07-31 19:30:00,0.5759,0.5766,0.5744,0.5758,32669.64,1753991099999,18807.983837,524,14793.64,8517.593212,0
1753991100000,2025-07-31 19:45:00,0.576,0.5772,0.573,0.5751,55108.1,1753991999999,31673.750836,741,27419.94,15762.421916,0
1753992000000,2025-07-31 20:00:00,0.575,0.5752,0.569,0.5723,212900.17,1753992899999,121717.975138,1602,97531.27,55755.787866,0
1753992900000,2025-07-31 20:15:00,0.5724,0.5759,0.5717,0.5737,95293.75,1753993799999,54630.317985,987,40411.75,23177.907878,0
1753993800000,2025-07-31 20:30:00,0.5738,0.5753,0.571,0.5743,76510.43,1753994699999,43883.753983,898,37677.51,21616.104639,0
1753994700000,2025-07-31 20:45:00,0.5743,0.5754,0.5716,0.5737,36089.55,1753995599999,20702.857242,547,16160.27,9268.670467,0
1753995600000,2025-07-31 21:00:00,0.5736,0.5754,0.5718,0.5719,43977.56,1753996499999,25204.590481,648,21158.52,12126.885394,0
1753996500000,2025-07-31 21:15:00,0.5718,0.5738,0.5697,0.5735,57137.44,1753997399999,32676.566207,624,30105.46,17223.842948,0
1753997400000,2025-07-31 21:30:00,0.5737,0.5766,0.5732,0.5744,56122.62,1753998299999,32265.487125,529,32373.49,18614.98589,0
1753998300000,2025-07-31 21:45:00,0.5744,0.5748,0.5652,0.5721,109620.68,1753999199999,62437.902876,1248,40966.52,23354.463471,0
1753999200000,2025-07-31 22:00:00,0.5721,0.5721,0.5665,0.5684,76316.81,1754000099999,43430.983865,1283,28954.45,16479.849846,0
1754000100000,2025-07-31 22:15:00,0.5684,0.5716,0.5673,0.5691,72807.8,1754000999999,41453.126587,999,39692.1,22604.709361,0
1754001000000,2025-07-31 22:30:00,0.5692,0.5693,0.5631,0.5648,95529.91,1754001899999,53988.264256,1046,33257.84,18788.673787,0
1754001900000,2025-07-31 22:45:00,0.5649,0.565,0.562,0.5638,85426.23,1754002799999,48107.86708,860,33025.17,18593.638838,0
1754002800000,2025-07-31 23:00:00,0.5638,0.569,0.5634,0.5678,71979.25,1754003699999,40812.010896,928,32211.68,18269.817675,0
1754003700000,2025-07-31 23:15:00,0.5678,0.5678,0.5642,0.5645,61267.48,1754004599999,34687.940914,810,15220.83,8621.898453,0
1754004600000,2025-07-31 23:30:00,0.5645,0.5645,0.5597,0.5626,193367.32,1754005499999,108635.60805,2023,83551.64,46943.099112,0
1754005500000,2025-07-31 23:45:00,0.5627,0.5651,0.5615,0.5635,67837.63,1754006399999,38225.672926,1015,20635.82,11624.242354,0
1754006400000,2025-08-01 00:00:00,0.5634,0.5647,0.5574,0.5577,162046.43,1754007299999,91055.424322,1556,48620.29,27308.341006,0
1754007300000,2025-08-01 00:15:00,0.5582,0.5665,0.5582,0.5614,131490.28,1754008199999,73888.068381,1747,75635.56,42507.444313,0
1754008200000,2025-08-01 00:30:00,0.5613,0.5624,0.557,0.5581,90323.81,1754009099999,50556.735357,1281,36819.09,20603.394064,0
1754009100000,2025-08-01 00:45:00,0.5581,0.5629,0.5493,0.5614,653965.16,1754009999999,361549.63005,4766,273125.11,151119.700895,0
1754010000000,2025-08-01 01:00:00,0.5614,0.5648,0.555,0.5558,121687.24,1754010899999,68147.022414,1626,55168.13,30900.39975,0
1754010900000,2025-08-01 01:15:00,0.556,0.5586,0.5529,0.5563,473832.58,1754011799999,263797.893018,2035,316172.17,176068.295314,0
1754011800000,2025-08-01 01:30:00,0.5563,0.561,0.5535,0.5583,135536.36,1754012699999,75612.453615,1417,73481.47,41047.715262,0
1754012700000,2025-08-01 01:45:00,0.5584,0.5592,0.5542,0.5573,96578.36,1754013599999,53743.153981,1113,49431.8,27511.453081,0
1754013600000,2025-08-01 02:00:00,0.5572,0.5627,0.5558,0.5619,101437.79,1754014499999,56665.257059,1225,55326.58,30932.961858,0
1754014500000,2025-08-01 02:15:00,0.5619,0.5645,0.5606,0.5611,87872.03,1754015399999,49434.709935,937,40578.82,22830.348665,0
1754015400000,2025-08-01 02:30:00,0.5611,0.5652,0.5608,0.5632,69659.22,1754016299999,39213.921725,815,45309.95,25506.097649,0
1754016300000,2025-08-01 02:45:00,0.5631,0.5651,0.5625,0.5651,86623.18,1754017199999,48869.483812,686,53516.94,30201.109346,0
1754017200000,2025-08-01 03:00:00,0.5652,0.5657,0.5626,0.5626,94923.97,1754018099999,53545.860307,720,39547.66,22323.658842,0
1754018100000,2025-08-01 03:15:00,0.5627,0.5678,0.5618,0.567,115222.2,1754018999999,65245.062245,919,81496.9,46154.044754,0
1754019000000,2025-08-01 03:30:00,0.5671,0.5671,0.5654,0.5657,66094.49,1754019899999,37423.057422,663,19466.25,11024.486735,0
1754019900000,2025-08-01 03:45:00,0.5658,0.5672,0.5637,0.5659,54797.84,1754020799999,30964.796236,654,20375.39,11518.995393,0
1754020800000,2025-08-01 04:00:00,0.5658,0.5658,0.561,0.5629,88381.58,1754021699999,49764.025605,975,36040.82,20293.031841,0
1754021700000,2025-08-01 04:15:00,0.563,0.563,0.5603,0.5617,61469.2,1754022599999,34496.719286,829,27772.48,15587.258985,0
1754022600000,2025-08-01 04:30:00,0.5616,0.5643,0.5607,0.5631,45605.47,1754023499999,25643.856408,733,19818.38,11142.770446,0
1754023500000,2025-08-01 04:45:00,0.563,0.564,0.5615,0.5617,52531.19,1754024399999,29562.348811,714,19284.5,10853.593444,0
1754024400000,2025-08-01 05:00:00,0.5618,0.5635,0.561,0.5634,42914.09,1754025299999,24143.614608,627,24401.33,13732.154831,0
1754025300000,2025-08-01 05:15:00,0.5635,0.5637,0.5578,0.5599,108111.9,1754026199999,60540.138517,1259,44342.33,24824.737656,0
1754026200000,2025-08-01 05:30:00,0.5601,0.563,0.5574,0.5588,95239.14,1754027099999,53270.973189,1139,35665.41,19958.051041,0
1754027100000,2025-08-01 05:45:00,0.5587,0.5591,0.5551,0.5586,115255.73,1754027999999,64174.646341,923,35742.01,19906.308144,0
1754028000000,2025-08-01 06:00:00,0.5585,0.5603,0.5549,0.5572,68740.82,1754028899999,38340.154765,981,30660.86,17104.533729,0
1754028900000,2025-08-01 06:15:00,0.5573,0.5593,0.5555,0.5562,106166.34,1754029799999,59128.40676,1213,43944.99,24487.17016,0
1754029800000,2025-08-01 06:30:00,0.5563,0.5587,0.5545,0.5553,88963.51,1754030699999,49527.075933,978,34444.68,19183.69798,0
1754030700000,2025-08-01 06:45:00,0.5552,0.5609,0.5546,0.5606,99725.94,1754031599999,55778.958827,903,51237.79,28654.606297,0
1754031600000,2025-08-01 07:00:00,0.5607,0.5626,0.5582,0.5602,163938.2,1754032499999,91885.530852,1219,64560.04,36243.717425,0
1754032500000,2025-08-01 07:15:00,0.5603,0.5626,0.5591,0.5592,99186.54,1754033399999,55670.20768,991,62126.14,34873.03938,0
1754033400000,2025-08-01 07:30:00,0.5593,0.5603,0.5569,0.5571,81191.66,1754034299999,45353.103161,916,32030.48,17899.078782,0
1754034300000,2025-08-01 07:45:00,0.5572,0.5576,0.5548,0.5571,159445.11,1754035199999,88671.588791,919,75400.59,41924.80123,0
1754035200000,2025-08-01 08:00:00,0.5569,0.5569,0.5418,0.5471,448889.71,1754036099999,246143.55699,4054,123579.28,67621.947777,0
1754036100000,2025-08-01 08:15:00,0.547,0.55,0.5445,0.5456,202148.3,1754036999999,110636.181856,2496,61720.17,33775.75047,0
1754037000000,2025-08-01 08:30:00,0.5458,0.5515,0.5431,0.55,218604.04,1754037899999,119728.376318,2647,79215.98,43369.251492,0
1754037900000,2025-08-01 08:45:00,0.5498,0.5519,0.5459,0.5459,145622.17,1754038799999,79993.542847,1572,44284.65,24368.604609,0
1754038800000,2025-08-01 09:00:00,0.5458,0.5541,0.5454,0.5467,418409.39,1754039699999,230140.738961,2460,213646.14,117599.798114,0
1754039700000,2025-08-01 09:15:00,0.5469,0.5502,0.5463,0.5479,109150.2,1754040599999,59859.840335,1292,25842.01,14169.969507,0
1754040600000,2025-08-01 09:30:00,0.548,0.5501,0.5464,0.5494,129677.37,1754041499999,71177.730474,1222,71148.15,39070.983605,0
1754041500000,2025-08-01 09:45:00,0.5493,0.5493,0.5452,0.5454,117904.71,1754042399999,64504.63518,993,30350.51,16600.325891,0
1754042400000,2025-08-01 10:00:00,0.5456,0.5486,0.5454,0.5486,128060.85,1754043299999,70031.882995,1207,33489.22,18318.65934,0
1754043300000,2025-08-01 10:15:00,0.5485,0.5497,0.5469,0.5489,63774.17,1754044199999,34978.516693,873,23324.27,12794.208282,0
1754044200000,2025-08-01 10:30:00,0.549,0.5522,0.5485,0.5515,61741.32,1754045099999,33973.108488,932,32620.7,17961.253351,0
1754045100000,2025-08-01 10:45:00,0.5515,0.5519,0.549,0.5515,66193.16,1754045999999,36451.476471,705,34174.47,18820.836074,0
1754046000000,2025-08-01 11:00:00,0.5515,0.552,0.5488,0.5504,41903.24,1754046899999,23053.102958,658,14767.41,8125.683854,0
1754046900000,2025-08-01 11:15:00,0.5505,0.551,0.548,0.5484,42472.66,1754047799999,23313.093275,620,20106.75,11035.609693,0
1754047800000,2025-08-01 11:30:00,0.5484,0.5522,0.5477,0.552,47993.44,1754048699999,26437.019061,557,34945.94,19251.874864,0
1754048700000,2025-08-01 11:45:00,0.5519,0.5548,0.5519,0.5538,22757.01,1754049599999,12605.810457,434,7498.22,4153.676584,0
1754049600000,2025-08-01 12:00:00,0.5536,0.5574,0.553,0.5546,81713.88,1754050499999,45378.437745,870,36187.92,20101.785742,0
1754050500000,2025-08-01 12:15:00,0.5545,0.5545,0.5512,0.5536,108818.05,1754051399999,60229.3536,658,81841.89,45307.64318,0
1754051400000,2025-08-01 12:30:00,0.5536,0.5606,0.5507,0.5591,257824.16,1754052299999,143316.165416,2180,130736.43,72779.06112,0
1754052300000,2025-08-01 12:45:00,0.559,0.5591,0.5541,0.5569,88627.01,1754053199999,49387.797156,1079,50670.49,28243.355342,0
1754053200000,2025-08-01 13:00:00,0.5571,0.5591,0.5567,0.5571,51453.17,1754054099999,28707.609451,685,23971.02,13378.34624,0
1754054100000,2025-08-01 13:15:00,0.5571,0.5591,0.5542,0.5548,54240.77,1754054999999,30189.620687,920,20879.16,11618.783595,0
1754055000000,2025-08-01 13:30:00,0.5547,0.5566,0.5499,0.5499,138570.96,1754055899999,76687.639199,1602,50624.44,28042.532544,0
1754055900000,2025-08-01 13:45:00,0.5499,0.55,0.5379,0.5426,475807.82,1754056799999,258191.243533,3643,187984.05,102052.641496,0
1754056800000,2025-08-01 14:00:00,0.5425,0.5516,0.5383,0.5509,240553.34,1754057699999,131236.98607,2369,122236.9,66740.15915,0
1754057700000,2025-08-01 14:15:00,0.5509,0.5572,0.5505,0.5563,180157.98,1754058599999,99791.419331,1538,105918.48,58655.11028,0
1754058600000,2025-08-01 14:30:00,0.5564,0.5579,0.5543,0.5547,98281.47,1754059499999,54670.552045,1147,37325.89,20774.864377,0
1754059500000,2025-08-01 14:45:00,0.5547,0.558,0.5547,0.5564,77831.76,1754060399999,43336.501173,1132,27423.34,15268.998948,0
1754060400000,2025-08-01 15:00:00,0.5564,0.5568,0.5509,0.5521,103128.89,1754061299999,57086.300417,1429,39498.47,21871.178508,0
1754061300000,2025-08-01 15:15:00,0.5521,0.5525,0.5467,0.5491,148913.44,1754062199999,81766.620586,1770,68480.79,37598.522061,0
1754062200000,2025-08-01 15:30:00,0.5492,0.5536,0.5469,0.5529,116632.42,1754063099999,64100.918737,1647,47794.39,26286.165698,0
1754063100000,2025-08-01 15:45:00,0.553,0.5536,0.5504,0.5524,57880.82,1754063999999,31959.712341,770,21668.05,11968.854258,0
1754064000000,2025-08-01 16:00:00,0.5523,0.5568,0.5513,0.5558,60284.19,1754064899999,33398.251908,754,34665.16,19205.643178,0
1754064900000,2025-08-01 16:15:00,0.5559,0.5585,0.555,0.5572,44482.1,1754065799999,24778.542782,622,16444.31,9158.22243,0
1754065800000,2025-08-01 16:30:00,0.5571,0.5571,0.5489,0.5531,141367.71,1754066699999,78104.580442,1134,75879.22,41951.948144,0
1754066700000,2025-08-01 16:45:00,0.5531,0.5537,0.5447,0.5463,99031.41,1754067599999,54338.598506,1176,34461.72,18920.779159,0
1754067600000,2025-08-01 17:00:00,0.5464,0.5469,0.5413,0.5428,114491.77,1754068499999,62219.41916,1444,54781.49,29782.534262,0
1754068500000,2025-08-01 17:15:00,0.5427,0.5461,0.5426,0.5455,55967.96,1754069399999,30475.284773,938,25712.08,13995.007012,0
1754069400000,2025-08-01 17:30:00,0.5456,0.5502,0.5413,0.5443,144466.37,1754070299999,78874.26886,1409,65781.23,35969.15023,0
1754070300000,2025-08-01 17:45:00,0.5442,0.5448,0.5411,0.5424,93358.93,1754071199999,50680.238837,698,70439.32,38243.151058,0
1754071200000,2025-08-01 18:00:00,0.5424,0.5453,0.5395,0.5425,113814.93,1754072099999,61704.189662,1406,41015.59,22258.408354,0
1754072100000,2025-08-01 18:15:00,0.5428,0.5488,0.538,0.5464,205977.63,1754072999999,111743.251987,1895,100527.47,54640.159466,0
1754073000000,2025-08-01 18:30:00,0.5463,0.5492,0.5459,0.5476,46989.72,1754073899999,25733.221592,950,18348.82,10048.426651,0
1754073900000,2025-08-01 18:45:00,0.5475,0.5485,0.5428,0.5452,92408.73,1754074799999,50368.818653,1290,44156.69,24059.870859,0
1754074800000,2025-08-01 19:00:00,0.5451,0.5481,0.5442,0.5468,49295.66,1754075699999,26924.671825,1032,23701.18,12949.397555,0
1754075700000,2025-08-01 19:15:00,0.5467,0.5487,0.5441,0.5479,96559.98,1754076599999,52734.440951,1230,56068.45,30612.842011,0
1754076600000,2025-08-01 19:30:00,0.5479,0.5529,0.5468,0.5493,103966.11,1754077499999,57170.583083,1337,47954.49,26373.853113,0
1754077500000,2025-08-01 19:45:00,0.5494,0.5535,0.5492,0.5525,56229.36,1754078399999,31040.100933,933,23980.95,13232.624526,0
1754078400000,2025-08-01 20:00:00,0.5524,0.5544,0.5446,0.5457,223228.08,1754079299999,122616.199953,1805,119020.75,65440.04384,0
1754079300000,2025-08-01 20:15:00,0.5456,0.5478,0.5428,0.5455,95211.68,1754080199999,51917.098549,1293,56326.19,30738.031607,0
1754080200000,2025-08-01 20:30:00,0.5456,0.546,0.5377,0.5421,120921.84,1754081099999,65452.795227,1434,48426.1,26218.054939,0
1754081100000,2025-08-01 20:45:00,0.5421,0.5496,0.5407,0.5481,108426.19,1754081999999,59039.16622,1327,71651.53,39017.855301,0
1754082000000,2025-08-01 21:00:00,0.5482,0.5528,0.547,0.5516,219534.6,1754082899999,120974.580267,1180,152552.17,84133.752525,0
1754082900000,2025-08-01 21:15:00,0.5517,0.5527,0.5496,0.5511,56207.92,1754083799999,30972.024949,578,14919.62,8224.801184,0
1754083800000,2025-08-01 21:30:00,0.5512,0.5537,0.551,0.5519,36155.75,1754084699999,19961.419115,341,29484.63,16279.825955,0
1754084700000,2025-08-01 21:45:00,0.5515,0.5518,0.5479,0.5485,65789.81,1754085599999,36180.134223,331,13063.17,7191.592916,0
1754085600000,2025-08-01 22:00:00,0.5486,0.5491,0.5396,0.5407,82041.08,1754086499999,44544.589223,1279,43096.52,23400.217253,0
1754086500000,2025-08-01 22:15:00,0.5406,0.5429,0.5254,0.5295,760575.5,1754087399999,404238.48941,3423,216729.27,115048.257314,0
1754087400000,2025-08-01 22:30:00,0.5295,0.5312,0.5214,0.5312,560606.57,1754088299999,295294.509556,4544,244405.81,128790.009831,0
1754088300000,2025-08-01 22:45:00,0.5313,0.5339,0.5271,0.532,165070.07,1754089199999,87699.723653,2093,71759.71,38138.944167,0
1754089200000,2025-08-01 23:00:00,0.532,0.5384,0.5311,0.5375,123536.04,1754090099999,66043.900424,1439,77914.49,41688.829401,0
1754090100000,2025-08-01 23:15:00,0.5374,0.5409,0.5369,0.5392,65352.39,1754090999999,35255.742754,734,29928.63,16158.645689,0
1754091000000,2025-08-01 23:30:00,0.5391,0.5419,0.5373,0.5419,21781.74,1754091899999,11754.768693,487,12380.59,6682.043797,0
1754091900000,2025-08-01 23:45:00,0.5416,0.5423,0.5399,0.54,44288.28,1754092799999,23949.858311,359,7432.02,4019.298426,0
1754092800000,2025-08-02 00:00:00,0.54,0.5419,0.5384,0.5396,103382.04,1754093699999,55822.68512,909,46501.12,25129.927546,0
1754093700000,2025-08-02 00:15:00,0.5397,0.5441,0.5397,0.5425,26237.83,1754094599999,14243.091159,448,15591.53,8464.692104,0
1754094600000,2025-08-02 00:30:00,0.5425,0.5436,0.541,0.5412,39500.88,1754095499999,21410.794047,491,19979.01,10833.92163,0
1754095500000,2025-08-02 00:45:00,0.5413,0.5449,0.541,0.5444,150131.84,1754096399999,81516.304013,860,86211.27,46838.484272,0
1754096400000,2025-08-02 01:00:00,0.5444,0.5455,0.5421,0.5438,118595.13,1754097299999,64597.101647,347,108014.93,58842.920193,0
1754097300000,2025-08-02 01:15:00,0.5438,0.5449,0.5403,0.5419,24512.42,1754098199999,13275.536179,295,7911.13,4290.047814,0
1754098200000,2025-08-02 01:30:00,0.542,0.5441,0.5408,0.5441,18209.73,1754099099999,9875.86294,255,9811.76,5326.921287,0
1754099100000,2025-08-02 01:45:00,0.5441,0.5454,0.5433,0.5454,18245.36,1754099999999,9922.428286,217,4732.45,2576.337066,0
1754100000000,2025-08-02 02:00:00,0.5451,0.5456,0.5441,0.5443,19945.03,1754100899999,10863.206806,192,4354.56,2373.564231,0
1754100900000,2025-08-02 02:15:00,0.5443,0.5446,0.5428,0.543,10046.15,1754101799999,5462.040357,134,4018.69,2185.862258,0
1754101800000,2025-08-02 02:30:00,0.5432,0.544,0.5423,0.5436,100007.44,1754102699999,54317.695203,272,73404.37,39867.288442,0
1754102700000,2025-08-02 02:45:00,0.5437,0.5438,0.5422,0.5426,13121.39,1754103599999,7119.769746,238,3917.66,2125.794231,0
1754103600000,2025-08-02 03:00:00,0.5427,0.5438,0.5421,0.5422,14048.98,1754104499999,7629.840583,260,7999.62,4345.582198,0
1754104500000,2025-08-02 03:15:00,0.5423,0.5429,0.5417,0.5426,10705.67,1754105399999,5806.218765,171,8161.18,4426.704678,0
1754105400000,2025-08-02 03:30:00,0.5426,0.5438,0.5421,0.5433,15893.48,1754106299999,8636.605306,180,10746.18,5840.536522,0
1754106300000,2025-08-02 03:45:00,0.5432,0.5432,0.5414,0.542,84371.47,1754107199999,45745.861833,391,56415.21,30589.306929,0
1754107200000,2025-08-02 04:00:00,0.5421,0.5425,0.5411,0.5411,166848.51,1754108099999,90399.726743,508,89660.05,48581.750325,0
1754108100000,2025-08-02 04:15:00,0.5411,0.5417,0.5396,0.5417,49771.26,1754108999999,26881.246365,404,11001.08,5946.096058,0
1754109000000,2025-08-02 04:30:00,0.5416,0.5438,0.5402,0.5432,85359.41,1754109899999,46188.348062,345,10139.97,5495.374638,0
1754109900000,2025-08-02 04:45:00,0.5432,0.5435,0.5405,0.5411,17652.49,1754110799999,9562.139407,275,3006.93,1628.470374,0
1754110800000,2025-08-02 05:00:00,0.541,0.5412,0.5396,0.5401,32198.29,1754111699999,17395.749649,296,12898.4,6973.133828,0
1754111700000,2025-08-02 05:15:00,0.5398,0.5423,0.5396,0.5418,20281.88,1754112599999,10973.430013,242,13528.97,7318.373466,0
1754112600000,2025-08-02 05:30:00,0.5417,0.5417,0.5395,0.5398,13832.42,1754113499999,7478.331911,209,9723.34,5257.36241,0
1754113500000,2025-08-02 05:45:00,0.5397,0.5404,0.5392,0.5398,13417.08,1754114399999,7247.204863,125,4773.13,2577.350959,0
1754114400000,2025-08-02 06:00:00,0.5397,0.5411,0.5386,0.5389,30018.41,1754115299999,16196.799222,306,10469.08,5652.757464,0
1754115300000,2025-08-02 06:15:00,0.5388,0.5388,0.5326,0.5329,138948.78,1754116199999,74329.704633,895,32340.69,17284.455082,0
1754116200000,2025-08-02 06:30:00,0.5328,0.5329,0.5281,0.5294,153338.08,1754117099999,81243.356855,1119,67301.33,35669.151309,0
1754117100000,2025-08-02 06:45:00,0.5296,0.5328,0.5294,0.5315,85001.78,1754117999999,45143.189464,835,28108.82,14912.606766,0
1754118000000,2025-08-02 07:00:00,0.5314,0.532,0.5264,0.5284,91737.68,1754118899999,48554.75925,917,39163.2,20728.574488,0
1754118900000,2025-08-02 07:15:00,0.5284,0.5358,0.5282,0.5344,318343.75,1754119799999,170114.712423,1431,256421.0,137069.264904,0
1754119800000,2025-08-02 07:30:00,0.5345,0.5383,0.533,0.5377,269829.75,1754120699999,144595.057522,1203,208344.48,111706.666885,0
1754120700000,2025-08-02 07:45:00,0.5378,0.5414,0.5375,0.5408,61252.47,1754121599999,33043.665703,463,37002.81,19957.97361,0
1754121600000,2025-08-02 08:00:00,0.5408,0.5432,0.5404,0.5426,104133.77,1754122499999,56467.931438,505,73716.84,39985.880097,0
1754122500000,2025-08-02 08:15:00,0.5429,0.5442,0.5404,0.5406,34381.92,1754123399999,18641.395012,408,19189.6,10407.067237,0
1754123400000,2025-08-02 08:30:00,0.5405,0.5407,0.5373,0.5377,49390.99,1754124299999,26619.824389,616,24074.52,12979.164249,0
1754124300000,2025-08-02 08:45:00,0.5376,0.5388,0.5353,0.5361,40726.61,1754125199999,21861.23271,535,25491.92,13683.081353,0
1754125200000,2025-08-02 09:00:00,0.5361,0.5395,0.5358,0.5383,65056.61,1754126099999,34973.864769,610,42325.64,22754.287346,0
1754126100000,2025-08-02 09:15:00,0.5382,0.5393,0.5367,0.5379,43641.62,1754126999999,23470.573351,447,33379.55,17951.524031,0
1754127000000,2025-08-02 09:30:00,0.5377,0.5389,0.536,0.5363,30999.75,1754127899999,16660.781022,572,11313.56,6079.988954,0
1754127900000,2025-08-02 09:45:00,0.5363,0.5393,0.5362,0.5387,26161.32,1754128799999,14068.599817,462,11016.5,5923.805713,0
1754128800000,2025-08-02 10:00:00,0.5386,0.539,0.5356,0.5366,39018.53,1754129699999,20966.272864,616,20508.68,11025.544812,0
1754129700000,2025-08-02 10:15:00,0.5366,0.5386,0.5348,0.5373,48340.91,1754130599999,25903.04297,687,21504.09,11526.591834,0
1754130600000,2025-08-02 10:30:00,0.5372,0.5385,0.5335,0.5346,41986.62,1754131499999,22471.29848,647,11592.79,6208.666564,0
1754131500000,2025-08-02 10:45:00,0.5347,0.5375,0.5339,0.5373,20884.32,1754132399999,11180.789651,477,11132.33,5959.570113,0
1754132400000,2025-08-02 11:00:00,0.5374,0.539,0.5328,0.5338,27342.02,1754133299999,14635.230191,525,7828.87,4201.322994,0
1754133300000,2025-08-02 11:15:00,0.5337,0.5426,0.5335,0.5421,52379.17,1754134199999,28245.067714,628,41349.61,22313.894862,0
1754134200000,2025-08-02 11:30:00,0.542,0.5425,0.5398,0.5405,27755.96,1754135099999,15029.141339,398,18175.28,9847.632511,0
1754135100000,2025-08-02 11:45:00,0.5405,0.5415,0.538,0.539,21382.87,1754135999999,11546.811787,302,10761.24,5814.668465,0
1754136000000,2025-08-02 12:00:00,0.5389,0.5396,0.5375,0.5378,24050.03,1754136899999,12945.00076,338,5905.78,3178.397825,0
1754136900000,2025-08-02 12:15:00,0.5379,0.5384,0.5363,0.5369,28464.4,1754137799999,15296.184648,481,14674.89,7887.923,0
1754137800000,2025-08-02 12:30:00,0.5368,0.5378,0.5341,0.5341,51726.41,1754138699999,27753.486825,609,20834.23,11175.485993,0
1754138700000,2025-08-02 12:45:00,0.5343,0.539,0.5332,0.5381,29399.78,1754139599999,15767.221682,572,16593.21,8902.109846,0
1754139600000,2025-08-02 13:00:00,0.5382,0.5384,0.5346,0.5346,39824.69,1754140499999,21350.457233,558,8481.57,4550.007299,0
1754140500000,2025-08-02 13:15:00,0.5346,0.5372,0.5346,0.5354,30672.57,1754141399999,16441.268272,474,15137.36,8116.004785,0
1754141400000,2025-08-02 13:30:00,0.5353,0.5389,0.5338,0.5377,36156.93,1754142299999,19411.946167,735,19102.61,10259.823181,0
1754142300000,2025-08-02 13:45:00,0.5376,0.5408,0.5374,0.5392,56834.26,1754143199999,30675.149672,470,20704.14,11167.307626,0
1754143200000,2025-08-02 14:00:00,0.5393,0.5397,0.5364,0.5373,77767.79,1754144099999,41860.643044,685,58008.64,31227.935464,0
1754144100000,2025-08-02 14:15:00,0.5371,0.538,0.5343,0.5374,52473.71,1754144999999,28155.960694,630,28631.25,15370.916329,0
1754145000000,2025-08-02 14:30:00,0.5373,0.5376,0.5319,0.5337,138918.55,1754145899999,74134.328825,1226,41733.43,22297.29071,0
1754145900000,2025-08-02 14:45:00,0.5336,0.5356,0.5319,0.535,59184.34,1754146799999,31609.777667,879,32275.11,17242.335207,0
1754146800000,2025-08-02 15:00:00,0.535,0.5379,0.5346,0.5373,45893.44,1754147699999,24614.542587,790,23238.2,12465.78751,0
1754147700000,2025-08-02 15:15:00,0.5371,0.54,0.5369,0.5369,47046.8,1754148599999,25341.402618,592,23502.19,12663.664554,0
1754148600000,2025-08-02 15:30:00,0.5369,0.5369,0.5316,0.5342,56885.39,1754149499999,30368.211268,952,31441.0,16777.005534,0
1754149500000,2025-08-02 15:45:00,0.5343,0.5345,0.5294,0.5318,138443.55,1754150399999,73491.148521,1113,54869.63,29143.297758,0
1754150400000,2025-08-02 16:00:00,0.5317,0.534,0.53,0.5316,131959.46,1754151299999,70197.804572,1277,58773.93,31283.161308,0
1754151300000,2025-08-02 16:15:00,0.5317,0.5331,0.5294,0.5319,88870.99,1754152199999,47175.59861,1016,48797.86,25898.383496,0
1754152200000,2025-08-02 16:30:00,0.5318,0.5364,0.5268,0.5354,189844.48,1754153099999,100482.267499,1555,75636.64,40104.926972,0
1754153100000,2025-08-02 16:45:00,0.5355,0.5368,0.5309,0.5338,46977.26,1754153999999,25054.510735,840,21837.42,11650.424843,0
1754154000000,2025-08-02 17:00:00,0.5338,0.5378,0.5322,0.5368,34512.94,1754154899999,18461.901643,648,15641.58,8374.73444,0
1754154900000,2025-08-02 17:15:00,0.5369,0.5383,0.5352,0.5379,71074.34,1754155799999,38193.912926,591,30982.45,16661.09671,0
1754155800000,2025-08-02 17:30:00,0.538,0.5384,0.5316,0.5317,41571.08,1754156699999,22243.51958,707,19797.05,10597.528406,0
1754156700000,2025-08-02 17:45:00,0.5316,0.5322,0.525,0.527,155865.4,1754157599999,82142.424596,1416,44577.88,23488.340339,0
1754157600000,2025-08-02 18:00:00,0.5271,0.5288,0.5242,0.5246,96517.82,1754158499999,50793.173355,1374,45406.28,23898.468684,0
1754158500000,2025-08-02 18:15:00,0.5245,0.5289,0.5219,0.5234,241189.78,1754159399999,126530.330542,1972,86655.36,45510.857615,0
1754159400000,2025-08-02 18:30:00,0.5233,0.5273,0.5225,0.5241,123550.51,1754160299999,64748.251197,1550,71472.51,37448.325499,0
1754160300000,2025-08-02 18:45:00,0.524,0.5248,0.52,0.5232,280817.79,1754161199999,146480.178079,1996,131804.81,68796.72215,0
1754161200000,2025-08-02 19:00:00,0.5233,0.5265,0.5201,0.5265,116736.81,1754162099999,61205.279005,1214,55201.05,28957.235902,0
1754162100000,2025-08-02 19:15:00,0.5265,0.5337,0.526,0.5335,317882.08,1754162999999,168773.833664,1244,251068.8,133319.00772,0
1754163000000,2025-08-02 19:30:00,0.5336,0.535,0.5303,0.5323,63287.49,1754163899999,33707.604774,773,28036.21,14943.631986,0
1754163900000,2025-08-02 19:45:00,0.5322,0.5322,0.5277,0.5282,58370.67,1754164799999,30907.036664,542,17758.91,9393.361756,0
1754164800000,2025-08-02 20:00:00,0.5282,0.5309,0.5272,0.5303,47395.42,1754165699999,25065.10425,608,17682.7,9355.397317,0
1754165700000,2025-08-02 20:15:00,0.5304,0.5335,0.5287,0.5324,51894.36,1754166599999,27565.567705,734,20807.49,11058.213084,0
1754166600000,2025-08-02 20:30:00,0.5324,0.5331,0.53,0.5307,28653.15,1754167499999,15224.171425,607,10451.42,5557.735269,0
1754167500000,2025-08-02 20:45:00,0.5306,0.5334,0.5296,0.5334,29681.28,1754168399999,15774.454184,619,15951.52,8477.306468,0
1754168400000,2025-08-02 21:00:00,0.5335,0.5363,0.5299,0.5302,77182.09,1754169299999,41135.525277,808,43902.9,23394.784017,0
1754169300000,2025-08-02 21:15:00,0.5303,0.5324,0.5301,0.5312,68505.96,1754170199999,36396.388448,559,43717.73,23221.404124,0
1754170200000,2025-08-02 21:30:00,0.5314,0.5355,0.5314,0.5327,53591.69,1754171099999,28596.467402,349,36256.11,19349.031613,0
1754171100000,2025-08-02 21:45:00,0.5324,0.5357,0.5324,0.5333,36287.88,1754171999999,19361.912572,279,17516.03,9350.994906,0
1754172000000,2025-08-02 22:00:00,0.5331,0.536,0.5331,0.5344,42274.29,1754172899999,22615.359571,331,28879.44,15449.692669,0
1754172900000,2025-08-02 22:15:00,0.5345,0.5345,0.5303,0.5314,39447.13,1754173799999,20989.44545,415,13737.86,7308.507339,0
1754173800000,2025-08-02 22:30:00,0.5313,0.5362,0.5312,0.5361,18798.49,1754174699999,10033.574652,319,9126.94,4873.396798,0
1754174700000,2025-08-02 22:45:00,0.5362,0.5384,0.5362,0.5364,35287.33,1754175599999,18955.769218,388,11455.82,6154.684595,0
1754175600000,2025-08-02 23:00:00,0.5367,0.5371,0.5317,0.5323,34672.03,1754176499999,18528.37169,401,14021.53,7500.062501,0
1754176500000,2025-08-02 23:15:00,0.5324,0.5337,0.5295,0.5295,40454.01,1754177399999,21486.986651,640,13237.73,7039.804243,0
1754177400000,2025-08-02 23:30:00,0.5295,0.5376,0.5295,0.5354,38467.52,1754178299999,20541.718055,546,28125.64,15009.511576,0
1754178300000,2025-08-02 23:45:00,0.5355,0.5372,0.5342,0.5351,15984.92,1754179199999,8558.614844,344,6816.9,3649.903322,0
1754179200000,2025-08-03 00:00:00,0.5352,0.5365,0.5337,0.5337,46531.77,1754180099999,24887.05138,657,14502.27,7760.540502,0
1754180100000,2025-08-03 00:15:00,0.534,0.5364,0.5299,0.5316,40975.16,1754180999999,21815.009155,647,21642.27,11521.787643,0
1754181000000,2025-08-03 00:30:00,0.5314,0.5363,0.5265,0.5357,108847.44,1754181899999,57729.837604,1145,52891.86,28050.615726,0
1754181900000,2025-08-03 00:45:00,0.5359,0.5393,0.5351,0.5388,53025.71,1754182799999,28498.559782,616,29686.28,15962.255554,0
1754182800000,2025-08-03 01:00:00,0.5389,0.5391,0.5365,0.5378,50673.66,1754183699999,27253.207503,512,30961.31,16653.956477,0
1754183700000,2025-08-03 01:15:00,0.5377,0.5389,0.5357,0.5389,85939.07,1754184599999,46185.722044,533,43995.66,23670.277351,0
1754184600000,2025-08-03 01:30:00,0.5389,0.5412,0.538,0.541,36370.93,1754185499999,19613.97116,343,21017.94,11338.876268,0
1754185500000,2025-08-03 01:45:00,0.541,0.541,0.5386,0.5395,30524.13,1754186399999,16487.315948,272,17908.01,9671.828939,0
1754186400000,2025-08-03 02:00:00,0.5395,0.5427,0.5395,0.5419,27886.34,1754187299999,15105.628797,268,24216.48,13117.351948,0
1754187300000,2025-08-03 02:15:00,0.5418,0.5424,0.5409,0.5409,17218.02,1754188199999,9330.053687,189,8732.77,4732.590754,0
1754188200000,2025-08-03 02:30:00,0.5408,0.5426,0.5401,0.5426,35914.11,1754189099999,19445.165364,206,23089.23,12511.556814,0
1754189100000,2025-08-03 02:45:00,0.5424,0.5428,0.5417,0.5424,27465.98,1754189999999,14901.818364,171,16093.9,8733.643932,0
1754190000000,2025-08-03 03:00:00,0.5423,0.5425,0.541,0.541,58188.75,1754190899999,31525.582658,424,34015.44,18432.777205,0
1754190900000,2025-08-03 03:15:00,0.541,0.5422,0.5404,0.5414,23019.48,1754191799999,12462.253541,214,11160.72,6044.436561,0
1754191800000,2025-08-03 03:30:00,0.5414,0.5422,0.5411,0.542,7096.05,1754192699999,3844.22746,105,3531.56,1913.152929,0
1754192700000,2025-08-03 03:45:00,0.5419,0.5419,0.5402,0.5402,46208.49,1754193599999,24985.758579,238,12286.74,6644.397438,0
1754193600000,2025-08-03 04:00:00,0.5401,0.5401,0.5381,0.5382,147431.61,1754194499999,79465.501681,484,59390.0,32013.11894,0
1754194500000,2025-08-03 04:15:00,0.5382,0.5394,0.5382,0.5387,33884.75,1754195399999,18259.503266,194,15665.25,8439.935833,0
1754195400000,2025-08-03 04:30:00,0.5386,0.5386,0.5366,0.5375,64862.1,1754196299999,34870.819768,226,13276.34,7131.809316,0
1754196300000,2025-08-03 04:45:00,0.5376,0.5402,0.5376,0.5401,18558.72,1754197199999,10000.691,183,14731.75,7939.803301,0
1754197200000,2025-08-03 05:00:00,0.5401,0.5414,0.54,0.54,42730.22,1754198099999,23098.858659,304,26171.75,14149.317335,0
1754198100000,2025-08-03 05:15:00,0.5399,0.5416,0.5394,0.5413,17819.0,1754198999999,9639.309992,176,10670.02,5773.264321,0
1754199000000,2025-08-03 05:30:00,0.5411,0.5413,0.5397,0.5398,9174.51,1754199899999,4959.790135,145,5011.83,2709.514702,0
1754199900000,2025-08-03 05:45:00,0.5396,0.5411,0.5393,0.5411,13417.67,1754200799999,7251.814867,166,11266.7,6090.193923,0
1754200800000,2025-08-03 06:00:00,0.541,0.5416,0.5392,0.5394,22257.43,1754201699999,12036.082337,209,9741.75,5271.767736,0
1754201700000,2025-08-03 06:15:00,0.5393,0.5411,0.5387,0.5399,20142.46,1754202599999,10876.381788,197,8198.71,4425.831973,0
1754202600000,2025-08-03 06:30:00,0.5398,0.5408,0.5395,0.5403,13502.28,1754203499999,7293.982589,153,8782.34,4745.501304,0
1754203500000,2025-08-03 06:45:00,0.5403,0.5407,0.5392,0.5403,67565.6,1754204399999,36477.522009,320,38707.76,20903.360822,0
1754204400000,2025-08-03 07:00:00,0.5403,0.541,0.54,0.5402,62916.36,1754205299999,34003.086789,318,27712.02,14978.08084,0
1754205300000,2025-08-03 07:15:00,0.5402,0.5405,0.5386,0.5405,36385.95,1754206199999,19630.752951,233,11104.25,5994.943675,0
1754206200000,2025-08-03 07:30:00,0.5405,0.5415,0.5397,0.5403,12350.68,1754207099999,6677.429008,194,7028.99,3800.578347,0
1754207100000,2025-08-03 07:45:00,0.5401,0.5408,0.5391,0.5408,29956.89,1754207999999,16168.146087,161,14111.63,7619.8967,0
1754208000000,2025-08-03 08:00:00,0.5409,0.5432,0.5409,0.5432,36641.39,1754208899999,19844.081647,236,18720.07,10140.672524,0
1754208900000,2025-08-03 08:15:00,0.5432,0.5432,0.5405,0.5407,15432.08,1754209799999,8365.763202,173,4260.25,2309.508079,0
1754209800000,2025-08-03 08:30:00,0.5408,0.5412,0.5395,0.5405,84719.3,1754210699999,45745.302047,272,10857.39,5868.647117,0
1754210700000,2025-08-03 08:45:00,0.5406,0.5418,0.54,0.5411,57368.8,1754211599999,31031.155809,249,40495.28,21907.174225,0
1754211600000,2025-08-03 09:00:00,0.5412,0.5417,0.5403,0.5411,41837.31,1754212499999,22630.688236,287,25445.79,13764.639248,0
1754212500000,2025-08-03 09:15:00,0.541,0.5428,0.5407,0.5427,16174.93,1754213399999,8767.442726,164,12328.24,6682.072652,0
1754213400000,2025-08-03 09:30:00,0.5428,0.5433,0.5424,0.5425,18069.89,1754214299999,9810.94432,151,9589.49,5207.858185,0
1754214300000,2025-08-03 09:45:00,0.5425,0.5441,0.5425,0.5436,28567.43,1754215199999,15519.642529,171,21759.86,11822.440262,0
1754215200000,2025-08-03 10:00:00,0.5437,0.5456,0.5436,0.5454,55636.7,1754216099999,30321.72538,247,23888.68,13016.33497,0
1754216100000,2025-08-03 10:15:00,0.5454,0.5454,0.5445,0.5446,33172.66,1754216999999,18075.570132,207,10373.95,5653.238074,0
1754217000000,2025-08-03 10:30:00,0.5445,0.5464,0.544,0.5461,44503.35,1754217899999,24284.798657,215,23764.11,12961.946863,0
1754217900000,2025-08-03 10:45:00,0.5459,0.5465,0.5452,0.5455,48509.06,1754218799999,26478.60988,236,22509.77,12290.864774,0
1754218800000,2025-08-03 11:00:00,0.5454,0.5489,0.5454,0.5487,34168.26,1754219699999,18698.327684,249,20582.6,11264.193598,0
1754219700000,2025-08-03 11:15:00,0.5486,0.5486,0.5461,0.5464,95483.23,1754220599999,52280.905976,377,19147.55,10485.806799,0
1754220600000,2025-08-03 11:30:00,0.5463,0.5466,0.5452,0.5457,17851.21,1754221499999,9744.980756,209,6362.94,3474.362235,0
1754221500000,2025-08-03 11:45:00,0.5456,0.5472,0.5455,0.5458,14623.09,1754222399999,7991.109529,173,7636.81,4174.41401,0
1754222400000,2025-08-03 12:00:00,0.546,0.5463,0.5434,0.5437,28209.33,1754223299999,15362.033495,322,2585.39,1408.79247,0
1754223300000,2025-08-03 12:15:00,0.5439,0.545,0.5432,0.545,20640.7,1754224199999,11224.52287,206,8919.29,4851.432702,0
1754224200000,2025-08-03 12:30:00,0.5451,0.5464,0.545,0.5464,21059.91,1754225099999,11488.896658,185,17952.46,9793.540389,0
1754225100000,2025-08-03 12:45:00,0.5463,0.547,0.5455,0.5459,49254.0,1754225999999,26916.674858,231,32379.3,17695.647857,0
1754226000000,2025-08-03 13:00:00,0.546,0.5473,0.5454,0.5461,14095.33,1754226899999,7702.013028,190,3837.81,2096.472959,0
1754226900000,2025-08-03 13:15:00,0.5462,0.5476,0.5451,0.5455,102691.31,1754227799999,56124.718592,337,93571.77,51148.382212,0
1754227800000,2025-08-03 13:30:00,0.5455,0.5463,0.545,0.545,80064.66,1754228699999,43718.372615,290,13257.45,7237.494577,0
1754228700000,2025-08-03 13:45:00,0.545,0.546,0.5443,0.5458,39508.99,1754229599999,21547.560989,262,22444.37,12243.896774,0
1754229600000,2025-08-03 14:00:00,0.5458,0.5465,0.5435,0.544,56048.61,1754230499999,30539.077906,357,15650.83,8525.626907,0
1754230500000,2025-08-03 14:15:00,0.5441,0.5447,0.5423,0.5441,41683.44,1754231399999,22652.553097,512,11463.93,6234.242643,0
1754231400000,2025-08-03 14:30:00,0.5443,0.545,0.5431,0.545,41003.41,1754232299999,22304.457829,329,25137.17,13672.179121,0
1754232300000,2025-08-03 14:45:00,0.5448,0.5448,0.543,0.5432,62019.55,1754233199999,33731.39987,568,6100.51,3317.707553,0
1754233200000,2025-08-03 15:00:00,0.5431,0.5432,0.5419,0.5429,52990.8,1754234099999,28751.746913,348,18680.97,10135.934434,0
1754234100000,2025-08-03 15:15:00,0.5429,0.5453,0.5429,0.5453,58923.24,1754234999999,32064.328777,311,17726.01,9652.967588,0
1754235000000,2025-08-03 15:30:00,0.5453,0.5456,0.5427,0.5453,49188.5,1754235899999,26780.41063,382,38479.53,20955.634032,0
1754235900000,2025-08-03 15:45:00,0.5454,0.5459,0.544,0.5453,30764.22,1754236799999,16758.844936,236,11305.78,6159.86965,0
1754236800000,2025-08-03 16:00:00,0.5451,0.5454,0.544,0.544,6641.23,1754237699999,3618.451686,110,2548.29,1389.099392,0
1754237700000,2025-08-03 16:15:00,0.5443,0.5453,0.544,0.5444,39585.56,1754238599999,21555.444152,220,25263.3,13757.458229,0
1754238600000,2025-08-03 16:30:00,0.5446,0.5477,0.5446,0.5456,33185.17,1754239499999,18125.981034,274,22049.4,12042.65409,0
1754239500000,2025-08-03 16:45:00,0.5457,0.5476,0.5457,0.5462,27777.44,1754240399999,15185.82608,213,15556.22,8502.42385,0
1754240400000,2025-08-03 17:00:00,0.5462,0.5464,0.5444,0.5457,28405.55,1754241299999,15486.994721,280,13939.44,7596.350466,0
1754241300000,2025-08-03 17:15:00,0.5457,0.5457,0.5436,0.5441,21932.6,1754242199999,11942.800438,244,6744.9,3673.955706,0
1754242200000,2025-08-03 17:30:00,0.5442,0.5454,0.5428,0.5429,16421.68,1754243099999,8938.069351,171,4723.09,2571.101483,0
1754243100000,2025-08-03 17:45:00,0.543,0.5447,0.5428,0.5447,7431.46,1754243999999,4043.596443,94,5942.39,3234.107706,0
1754244000000,2025-08-03 18:00:00,0.5448,0.5448,0.5435,0.5439,5651.67,1754244899999,3076.315677,68,1005.85,547.301186,0
1754244900000,2025-08-03 18:15:00,0.5439,0.5459,0.5435,0.545,33176.94,1754245799999,18069.380968,175,25352.8,13806.611285,0
1754245800000,2025-08-03 18:30:00,0.5449,0.5451,0.5434,0.5442,66029.66,1754246699999,35914.237144,233,58840.93,32001.020993,0
1754246700000,2025-08-03 18:45:00,0.5445,0.5461,0.5445,0.5458,42467.23,1754247599999,23167.418456,244,21246.03,11592.604169,0
1754247600000,2025-08-03 19:00:00,0.5458,0.5461,0.5443,0.5444,92191.44,1754248499999,50215.156578,247,76375.62,41594.37741,0
1754248500000,2025-08-03 19:15:00,0.5444,0.5469,0.5439,0.5467,71158.69,1754249399999,38805.828056,368,16002.3,8734.492615,0
1754249400000,2025-08-03 19:30:00,0.5469,0.5475,0.5455,0.5455,22222.31,1754250299999,12146.34183,203,10859.47,5934.210586,0
1754250300000,2025-08-03 19:45:00,0.5454,0.5459,0.5442,0.5444,14405.05,1754251199999,7854.39524,135,11454.17,6246.354061,0
1754251200000,2025-08-03 20:00:00,0.5445,0.5447,0.5435,0.544,13961.34,1754252099999,7593.785708,134,9570.05,5206.346672,0
1754252100000,2025-08-03 20:15:00,0.544,0.5447,0.5437,0.5446,14184.15,1754252999999,7719.038792,116,3037.57,1653.705278,0
1754253000000,2025-08-03 20:30:00,0.5445,0.5458,0.5439,0.5456,7960.12,1754253899999,4336.631733,126,4355.32,2373.200233,0
1754253900000,2025-08-03 20:45:00,0.5457,0.5463,0.5456,0.546,4790.3,1754254799999,2614.810411,93,1696.25,926.095154,0
1754254800000,2025-08-03 21:00:00,0.5459,0.5467,0.5452,0.5467,21917.69,1754255699999,11961.53634,156,10163.09,5548.329171,0
1754255700000,2025-08-03 21:15:00,0.5466,0.5476,0.546,0.5471,19439.24,1754256599999,10635.807406,153,12476.05,6827.792065,0
1754256600000,2025-08-03 21:30:00,0.5472,0.5477,0.5468,0.5474,19042.47,1754257499999,10423.944579,131,10354.16,5667.693136,0
1754257500000,2025-08-03 21:45:00,0.5473,0.5481,0.5471,0.5478,1528.37,1754258399999,837.317895,39,1468.89,804.759002,0
1754258400000,2025-08-03 22:00:00,0.5482,0.5495,0.5461,0.5461,40508.03,1754259299999,22184.028145,391,13335.96,7309.655191,0
1754259300000,2025-08-03 22:15:00,0.5461,0.5462,0.5446,0.5453,13325.67,1754260199999,7267.767757,236,5577.97,3043.108891,0
1754260200000,2025-08-03 22:30:00,0.5453,0.5466,0.545,0.5464,18981.42,1754261099999,10359.179797,259,8079.76,4408.992258,0
1754261100000,2025-08-03 22:45:00,0.5464,0.5473,0.5458,0.5463,13257.43,1754261999999,7244.389525,196,5562.65,3039.092952,0
1754262000000,2025-08-03 23:00:00,0.5465,0.5486,0.5458,0.5477,24197.49,1754262899999,13237.980654,318,12060.65,6594.27391,0
1754262900000,2025-08-03 23:15:00,0.5476,0.5488,0.5467,0.5473,34214.86,1754263799999,18741.880598,427,13132.03,7194.806029,0
1754263800000,2025-08-03 23:30:00,0.5471,0.5478,0.5458,0.5464,22336.0,1754264699999,12212.923786,240,8833.34,4830.808677,0
1754264700000,2025-08-03 23:45:00,0.5462,0.5467,0.5457,0.5463,23800.09,1754265599999,13000.229011,202,12736.82,6957.057865,0
1754265600000,2025-08-04 00:00:00,0.5462,0.5469,0.5456,0.5469,19930.62,1754266499999,10887.941335,244,13920.02,7605.12685,0
1754266500000,2025-08-04 00:15:00,0.5468,0.5494,0.5456,0.5485,111426.25,1754267399999,60905.962637,660,11964.21,6553.208614,0
1754267400000,2025-08-04 00:30:00,0.5484,0.5519,0.5482,0.5516,25534.52,1754268299999,14035.196727,373,14781.63,8128.879964,0
1754268300000,2025-08-04 00:45:00,0.5516,0.5551,0.5514,0.5546,80788.72,1754269199999,44758.164759,705,24072.55,13335.620792,0
1754269200000,2025-08-04 01:00:00,0.5546,0.5554,0.5523,0.5526,58623.14,1754270099999,32474.206053,637,28784.49,15945.509974,0
1754270100000,2025-08-04 01:15:00,0.5525,0.5526,0.5508,0.5511,32866.83,1754270999999,18134.652433,479,13120.98,7239.386776,0
1754271000000,2025-08-04 01:30:00,0.551,0.5519,0.5498,0.5504,22462.82,1754271899999,12372.835098,353,8634.22,4755.859637,0
1754271900000,2025-08-04 01:45:00,0.5502,0.5505,0.5478,0.5484,18951.79,1754272799999,10399.922756,232,5563.05,3053.514439,0
1754272800000,2025-08-04 02:00:00,0.5484,0.5488,0.5468,0.5478,19775.87,1754273699999,10829.560143,204,9869.73,5406.484268,0
1754273700000,2025-08-04 02:15:00,0.5477,0.5506,0.5476,0.5499,20220.16,1754274599999,11104.071529,221,13885.36,7623.805237,0
1754274600000,2025-08-04 02:30:00,0.5499,0.5514,0.5495,0.5498,9890.44,1754275499999,5442.33125,148,5720.55,3148.644853,0
1754275500000,2025-08-04 02:45:00,0.5498,0.5518,0.5498,0.5518,69711.28,1754276399999,38376.66898,188,65131.24,35854.847702,0
1754276400000,2025-08-04 03:00:00,0.5519,0.5524,0.5505,0.5505,18234.9,1754277299999,10052.933203,193,5132.7,2829.791836,0
1754277300000,2025-08-04 03:15:00,0.5505,0.5505,0.5494,0.5497,23176.59,1754278199999,12746.875182,204,13099.81,7204.718258,0
1754278200000,2025-08-04 03:30:00,0.5495,0.5505,0.549,0.5505,59739.8,1754279099999,32826.984658,259,18726.65,10298.626025,0
1754279100000,2025-08-04 03:45:00,0.5504,0.5504,0.5498,0.5498,2777.39,1754279999999,1527.870151,52,627.52,345.282802,0
1754280000000,2025-08-04 04:00:00,0.55,0.5517,0.55,0.5507,21464.31,1754280899999,11826.424197,215,6060.92,3339.801207,0
1754280900000,2025-08-04 04:15:00,0.5506,0.5519,0.55,0.5519,25461.02,1754281799999,14031.112363,250,6312.96,3479.395565,0
1754281800000,2025-08-04 04:30:00,0.5517,0.5517,0.5484,0.5485,41441.35,1754282699999,22774.033602,325,17268.01,9486.675572,0
1754282700000,2025-08-04 04:45:00,0.5484,0.55,0.5484,0.549,125644.9,1754283599999,69051.492588,469,106228.1,58384.506142,0
1754283600000,2025-08-04 05:00:00,0.549,0.5497,0.5481,0.5493,12924.38,1754284499999,7094.863875,148,5592.91,3071.22889,0
1754284500000,2025-08-04 05:15:00,0.5494,0.55,0.5485,0.5491,48445.97,1754285399999,26606.389336,304,10214.63,5612.203518,0
1754285400000,2025-08-04 05:30:00,0.5494,0.5497,0.5478,0.5482,20118.2,1754286299999,11040.935017,252,7340.25,4029.017542,0
1754286300000,2025-08-04 05:45:00,0.5481,0.5517,0.5476,0.5515,531205.99,1754287199999,292181.105259,646,472231.46,259727.171552,0
1754287200000,2025-08-04 06:00:00,0.5516,0.5518,0.5493,0.5493,31196.97,1754288099999,17185.323043,255,4038.82,2224.174248,0
1754288100000,2025-08-04 06:15:00,0.5492,0.5495,0.5478,0.5489,43805.08,1754288999999,24022.674187,370,18730.47,10273.125195,0
1754289000000,2025-08-04 06:30:00,0.5489,0.5507,0.548,0.5494,50020.72,1754289899999,27478.089193,405,32079.39,17636.54678,0
1754289900000,2025-08-04 06:45:00,0.5493,0.5502,0.5479,0.55,18292.35,1754290799999,10049.946954,224,10598.91,5825.049662,0
1754290800000,2025-08-04 07:00:00,0.55,0.5511,0.5496,0.5506,25152.6,1754291699999,13842.653445,240,13278.99,7307.92526,0
1754291700000,2025-08-04 07:15:00,0.5508,0.551,0.5493,0.5504,22372.1,1754292599999,12309.361135,257,9177.86,5050.086488,0
1754292600000,2025-08-04 07:30:00,0.5504,0.5533,0.5495,0.5523,37862.38,1754293499999,20899.015731,356,21296.02,11753.520832,0
1754293500000,2025-08-04 07:45:00,0.5523,0.5537,0.5521,0.5521,45096.54,1754294399999,24935.206919,279,17083.51,9446.384846,0
1754294400000,2025-08-04 08:00:00,0.5524,0.5533,0.5518,0.5525,36599.85,1754295299999,20227.164288,315,19072.17,10542.036595,0
1754295300000,2025-08-04 08:15:00,0.5525,0.5538,0.5516,0.5516,64235.99,1754296199999,35477.248442,418,32347.48,17872.880291,0
1754296200000,2025-08-04 08:30:00,0.5518,0.5532,0.5501,0.5517,50955.17,1754297099999,28124.039684,388,38991.61,21526.606041,0
1754297100000,2025-08-04 08:45:00,0.5517,0.552,0.5502,0.5505,55748.78,1754297999999,30713.664518,365,12633.1,6959.019646,0
1754298000000,2025-08-04 09:00:00,0.5506,0.5519,0.5498,0.5499,72535.35,1754298899999,39976.393847,384,47494.32,26184.852438,0
1754298900000,2025-08-04 09:15:00,0.5498,0.5519,0.5489,0.5517,72867.78,1754299799999,40129.087421,364,39174.66,21588.332267,0
1754299800000,2025-08-04 09:30:00,0.5517,0.5529,0.5504,0.5506,43977.61,1754300699999,24262.822562,310,23938.02,13207.132079,0
1754300700000,2025-08-04 09:45:00,0.5506,0.5509,0.5493,0.5499,77563.41,1754301599999,42651.513425,410,29517.17,16235.900895,0
1754301600000,2025-08-04 10:00:00,0.55,0.5508,0.5492,0.5507,50904.68,1754302499999,27995.299996,307,27139.33,14931.352595,0
1754302500000,2025-08-04 10:15:00,0.5508,0.5516,0.5491,0.5504,112326.25,1754303399999,61799.42747,496,39165.44,21568.087461,0
1754303400000,2025-08-04 10:30:00,0.5506,0.5511,0.5495,0.5498,64965.32,1754304299999,35743.99265,383,35165.69,19352.943867,0
1754304300000,2025-08-04 10:45:00,0.5499,0.5518,0.5496,0.5498,57607.3,1754305199999,31707.51554,361,21113.01,11622.381315,0
1754305200000,2025-08-04 11:00:00,0.5497,0.5507,0.5488,0.5495,57714.02,1754306099999,31732.328261,374,37705.92,20737.284162,0
1754306100000,2025-08-04 11:15:00,0.5495,0.5495,0.5471,0.548,72505.91,1754306999999,39727.371759,462,23984.01,13141.969498,0
1754307000000,2025-08-04 11:30:00,0.5479,0.5499,0.5471,0.5485,65359.81,1754307899999,35855.529906,448,45911.09,25194.065244,0
1754307900000,2025-08-04 11:45:00,0.5485,0.549,0.5477,0.5482,44295.04,1754308799999,24286.270947,340,15579.17,8541.749724,0
1754308800000,2025-08-04 12:00:00,0.5484,0.5496,0.5464,0.5489,94181.92,1754309699999,51580.035677,508,47837.9,26206.106662,0
1754309700000,2025-08-04 12:15:00,0.549,0.5496,0.5467,0.548,48276.96,1754310599999,26468.901744,430,28715.89,15749.115329,0
1754310600000,2025-08-04 12:30:00,0.5481,0.5495,0.5473,0.5479,46334.18,1754311499999,25413.131162,421,22413.67,12294.690679,0
1754311500000,2025-08-04 12:45:00,0.5478,0.5505,0.5473,0.5495,65777.55,1754312399999,36121.158685,459,39273.29,21575.175664,0
1754312400000,2025-08-04 13:00:00,0.5496,0.5512,0.5479,0.549,58269.36,1754313299999,31999.083775,485,36213.44,19892.792194,0
1754313300000,2025-08-04 13:15:00,0.5489,0.5497,0.5467,0.5474,48062.46,1754314199999,26341.452058,427,22010.46,12064.179607,0
1754314200000,2025-08-04 13:30:00,0.5475,0.554,0.5475,0.554,164393.33,1754315099999,90664.394763,1183,95874.52,52856.750491,0
1754315100000,2025-08-04 13:45:00,0.554,0.5566,0.5512,0.5564,257596.92,1754315999999,142689.659897,1474,125709.73,69697.563268,0
1754316000000,2025-08-04 14:00:00,0.5558,0.56,0.5552,0.5594,307340.98,1754316899999,171637.222949,1482,121893.65,68074.265456,0
1754316900000,2025-08-04 14:15:00,0.5594,0.5625,0.5585,0.5624,253722.23,1754317799999,142084.10128,1212,92398.25,51752.087295,0
1754317800000,2025-08-04 14:30:00,0.5624,0.5624,0.5594,0.5597,208392.23,1754318699999,116934.121088,1090,68404.2,38380.596865,0
1754318700000,2025-08-04 14:45:00,0.5598,0.5633,0.5596,0.5609,307638.55,1754319599999,172662.561548,1475,103392.73,58018.863634,0
1754319600000,2025-08-04 15:00:00,0.561,0.5635,0.5606,0.5628,205245.9,1754320499999,115351.837944,1129,69025.85,38797.848664,0
1754320500000,2025-08-04 15:15:00,0.5628,0.5639,0.5615,0.5618,129623.26,1754321399999,72963.264678,877,59054.35,33245.494797,0
1754321400000,2025-08-04 15:30:00,0.5617,0.5628,0.5602,0.5604,75050.38,1754322299999,42132.035612,720,34566.49,19405.125729,0
1754322300000,2025-08-04 15:45:00,0.5605,0.5611,0.5579,0.5609,112924.24,1754323199999,63205.229534,715,56634.77,31708.501965,0
1754323200000,2025-08-04 16:00:00,0.5608,0.5643,0.5608,0.5632,111114.35,1754324099999,62477.876056,679,41045.48,23082.604616,0
1754324100000,2025-08-04 16:15:00,0.5633,0.5657,0.5633,0.5645,130046.27,1754324999999,73438.098049,845,56652.35,31990.78855,0
1754325000000,2025-08-04 16:30:00,0.5645,0.5688,0.5643,0.5671,164791.0,1754325899999,93302.666039,964,65728.23,37204.935912,0
1754325900000,2025-08-04 16:45:00,0.5672,0.5692,0.5662,0.5692,153426.75,1754326799999,87134.958487,702,66138.41,37594.898724,0
1754326800000,2025-08-04 17:00:00,0.5692,0.5726,0.568,0.572,166225.86,1754327699999,94916.582174,1107,79200.81,45216.03936,0
1754327700000,2025-08-04 17:15:00,0.5719,0.5735,0.5713,0.5715,146394.68,1754328599999,83774.554952,742,66237.53,37918.872859,0
1754328600000,2025-08-04 17:30:00,0.5715,0.5716,0.569,0.5702,81056.48,1754329499999,46249.748028,689,35346.58,20169.073482,0
1754329500000,2025-08-04 17:45:00,0.5702,0.5719,0.5701,0.5714,78136.54,1754330399999,44596.894536,542,39006.65,22265.132877,0
1754330400000,2025-08-04 18:00:00,0.5714,0.572,0.5688,0.5689,162339.83,1754331299999,92480.551176,730,26240.13,14960.61941,0
1754331300000,2025-08-04 18:15:00,0.5689,0.5713,0.5686,0.5688,89418.87,1754332199999,50939.790886,504,14517.47,8272.611561,0
1754332200000,2025-08-04 18:30:00,0.5688,0.5688,0.5669,0.5678,53557.95,1754333099999,30417.75986,423,20719.42,11764.072932,0
1754333100000,2025-08-04 18:45:00,0.568,0.5691,0.5667,0.5682,63169.96,1754333999999,35864.919508,442,43295.65,24584.33603,0
1754334000000,2025-08-04 19:00:00,0.568,0.5687,0.5666,0.5672,55568.57,1754334899999,31557.444746,515,33269.6,18896.378131,0
1754334900000,2025-08-04 19:15:00,0.5672,0.5678,0.5648,0.5652,35202.29,1754335799999,19925.118975,381,22286.5,12613.615778,0
1754335800000,2025-08-04 19:30:00,0.5652,0.5666,0.5644,0.5662,39134.49,1754336699999,22128.997293,450,22875.02,12940.106216,0
1754336700000,2025-08-04 19:45:00,0.5663,0.5676,0.5663,0.5676,40245.2,1754337599999,22816.638909,386,24242.73,13744.15312,0
1754337600000,2025-08-04 20:00:00,0.5675,0.5697,0.5668,0.5684,43746.71,1754338499999,24855.152179,471,24246.88,13775.159464,0
1754338500000,2025-08-04 20:15:00,0.5683,0.5697,0.5676,0.5697,37583.82,1754339399999,21372.389198,386,24527.95,13949.83334,0
1754339400000,2025-08-04 20:30:00,0.5697,0.5716,0.5696,0.5714,45703.68,1754340299999,26089.770883,530,28263.85,16134.926791,0
1754340300000,2025-08-04 20:45:00,0.5713,0.5726,0.5703,0.5717,53911.37,1754341199999,30816.180932,490,31832.83,18200.275076,0
1754341200000,2025-08-04 21:00:00,0.5716,0.5736,0.5714,0.5726,38385.3,1754342099999,21972.965293,407,24901.84,14253.897972,0
1754342100000,2025-08-04 21:15:00,0.5726,0.5748,0.5722,0.5745,43839.7,1754342999999,25149.102109,419,26056.18,14946.593792,0
1754343000000,2025-08-04 21:30:00,0.5744,0.576,0.5741,0.5754,46478.79,1754343899999,26729.039314,370,31399.78,18058.674657,0
1754343900000,2025-08-04 21:45:00,0.5755,0.578,0.5753,0.5768,41904.45,1754344799999,24173.31951,523,28688.71,16551.263553,0
1754344800000,2025-08-04 22:00:00,0.5769,0.5795,0.5766,0.5785,137739.06,1754345699999,79631.721918,937,115704.38,66901.379629,0
1754345700000,2025-08-04 22:15:00,0.5784,0.5799,0.5776,0.5788,43551.91,1754346599999,25212.397216,674,15724.14,9104.041977,0
1754346600000,2025-08-04 22:30:00,0.5789,0.5794,0.5776,0.5788,33267.66,1754347499999,19243.236189,507,18159.55,10505.979431,0
1754347500000,2025-08-04 22:45:00,0.5787,0.5801,0.5782,0.5796,68083.85,1754348399999,39439.000126,549,48342.16,28008.920922,0
1754348400000,2025-08-04 23:00:00,0.5797,0.5799,0.5774,0.5797,67874.63,1754349299999,39273.367443,547,36122.16,20910.396697,0
1754349300000,2025-08-04 23:15:00,0.5796,0.5796,0.5769,0.5776,99219.86,1754350199999,57333.037306,381,13947.52,8066.728301,0
1754350200000,2025-08-04 23:30:00,0.5775,0.5786,0.5763,0.5778,51028.33,1754351099999,29463.886162,410,23853.38,13780.52599,0
1754351100000,2025-08-04 23:45:00,0.5777,0.578,0.5771,0.5775,58121.07,1754351999999,33569.312547,480,16765.88,9686.034283,0
1754352000000,2025-08-05 00:00:00,0.5775,0.5775,0.5752,0.5765,85378.08,1754352899999,49198.936752,538,28990.31,16708.407475,0
1754352900000,2025-08-05 00:15:00,0.5766,0.5777,0.5763,0.5773,36763.15,1754353799999,21210.385142,348,20921.3,12072.90486,0
1754353800000,2025-08-05 00:30:00,0.5775,0.5787,0.5755,0.5755,53165.05,1754354699999,30692.75065,418,16066.37,9274.003997,0
1754354700000,2025-08-05 00:45:00,0.5755,0.5755,0.5739,0.5746,64433.93,1754355599999,37036.306359,251,14623.64,8400.72294,0
1754355600000,2025-08-05 01:00:00,0.5745,0.5754,0.5739,0.5744,28562.57,1754356499999,16417.719336,224,14464.43,8313.933256,0
1754356500000,2025-08-05 01:15:00,0.5744,0.575,0.5729,0.5739,54396.1,1754357399999,31224.236495,284,31767.86,18237.230977,0
1754357400000,2025-08-05 01:30:00,0.5739,0.5739,0.5712,0.5718,60148.57,1754358299999,34415.466063,309,21776.34,12462.448289,0
1754358300000,2025-08-05 01:45:00,0.5719,0.572,0.5693,0.5699,87188.89,1754359199999,49785.068739,289,11082.42,6325.872881,0
1754359200000,2025-08-05 02:00:00,0.5699,0.5716,0.5691,0.5691,42768.39,1754360099999,24389.464395,332,12130.19,6921.120183,0
1754360100000,2025-08-05 02:15:00,0.5691,0.5709,0.5691,0.57,33636.19,1754360999999,19168.923016,283,15177.28,8653.894702,0
1754361000000,2025-08-05 02:30:00,0.5697,0.5701,0.5691,0.5696,49016.49,1754361899999,27914.53105,217,26786.29,15255.931736,0
1754361900000,2025-08-05 02:45:00,0.5696,0.5704,0.5694,0.5703,28956.26,1754362799999,16503.853027,181,9776.62,5572.25681,0
1754362800000,2025-08-05 03:00:00,0.5703,0.5703,0.5661,0.5669,57162.62,1754363699999,32422.690858,425,16630.18,9434.28612,0
1754363700000,2025-08-05 03:15:00,0.5668,0.567,0.5649,0.5654,31484.47,1754364599999,17814.662052,304,16740.3,9470.159323,0
1754364600000,2025-08-05 03:30:00,0.5655,0.5656,0.5635,0.5635,35780.52,1754365499999,20188.981259,276,7720.08,4356.848502,0
1754365500000,2025-08-05 03:45:00,0.5634,0.5639,0.5613,0.5614,19862.23,1754366399999,11172.469686,261,8875.09,4994.955705,0
1754366400000,2025-08-05 04:00:00,0.5613,0.565,0.5612,0.565,31691.39,1754367299999,17862.99217,316,27375.03,15432.392057,0
1754367300000,2025-08-05 04:15:00,0.5648,0.5655,0.562,0.5649,14235.16,1754368199999,8027.003286,333,8573.36,4832.784133,0
1754368200000,2025-08-05 04:30:00,0.5648,0.5648,0.5621,0.5626,46968.73,1754369099999,26433.381901,327,26750.24,15051.075367,0
1754369100000,2025-08-05 04:45:00,0.5627,0.5656,0.5626,0.5656,32187.47,1754369999999,18151.642517,280,17796.83,10040.690632,0
1754370000000,2025-08-05 05:00:00,0.5654,0.5675,0.5632,0.5634,43552.2,1754370899999,24653.864296,380,24471.61,13856.94999,0
1754370900000,2025-08-05 05:15:00,0.5635,0.5651,0.5629,0.5634,51464.82,1754371799999,29004.803076,319,6862.73,3870.28554,0
1754371800000,2025-08-05 05:30:00,0.5634,0.5637,0.5612,0.5618,47883.53,1754372699999,26924.927906,466,18693.38,10514.537687,0
1754372700000,2025-08-05 05:45:00,0.5619,0.5642,0.5618,0.5638,16979.52,1754373599999,9554.884085,278,13241.69,7449.974442,0
1754373600000,2025-08-05 06:00:00,0.5637,0.5639,0.5624,0.5628,39740.44,1754374499999,22379.093992,381,24850.2,13993.74112,0
1754374500000,2025-08-05 06:15:00,0.5629,0.5645,0.5627,0.564,33823.4,1754375399999,19068.218291,325,26800.44,15110.378036,0
1754375400000,2025-08-05 06:30:00,0.5638,0.5638,0.5609,0.5618,62153.9,1754376299999,34908.666937,412,6618.37,3722.309504,0
1754376300000,2025-08-05 06:45:00,0.5618,0.5618,0.5572,0.5593,67725.29,1754377199999,37874.733496,672,21204.41,11866.606087,0
1754377200000,2025-08-05 07:00:00,0.5593,0.5601,0.5587,0.559,51374.07,1754378099999,28730.430485,558,33060.8,18489.692856,0
1754378100000,2025-08-05 07:15:00,0.5589,0.5599,0.5556,0.5559,74092.83,1754378999999,41411.903164,410,52117.64,29140.902512,0
1754379000000,2025-08-05 07:30:00,0.5559,0.5559,0.5503,0.5513,94710.76,1754379899999,52330.866089,1348,41398.81,22886.548022,0
1754379900000,2025-08-05 07:45:00,0.5512,0.5533,0.5509,0.5525,62848.1,1754380799999,34716.480538,666,31940.42,17648.436804,0
1754380800000,2025-08-05 08:00:00,0.5524,0.5533,0.5511,0.5521,34378.62,1754381699999,18991.424788,516,16144.05,8918.562061,0
1754381700000,2025-08-05 08:15:00,0.5522,0.5553,0.5522,0.5534,42553.01,1754382599999,23587.132976,540,20260.23,11230.244491,0
1754382600000,2025-08-05 08:30:00,0.5534,0.555,0.552,0.5546,36308.5,1754383499999,20097.155796,559,19257.22,10658.424014,0
1754383500000,2025-08-05 08:45:00,0.5546,0.5559,0.5542,0.5555,19145.98,1754384399999,10627.325376,305,7380.09,4094.751118,0
1754384400000,2025-08-05 09:00:00,0.5556,0.5577,0.5553,0.5572,37525.49,1754385299999,20892.091339,361,19362.62,10780.090646,0
1754385300000,2025-08-05 09:15:00,0.5574,0.5595,0.5568,0.5588,23256.9,1754386199999,12986.367488,372,11585.43,6467.560429,0
1754386200000,2025-08-05 09:30:00,0.5588,0.5623,0.5584,0.5618,56863.2,1754387099999,31881.760036,403,23169.34,12993.331461,0
1754387100000,2025-08-05 09:45:00,0.5619,0.5664,0.5619,0.566,106761.23,1754387999999,60216.767524,601,49054.43,27651.999176,0
1754388000000,2025-08-05 10:00:00,0.566,0.566,0.5645,0.5655,110038.34,1754388899999,62178.328788,518,41860.0,23650.661326,0
1754388900000,2025-08-05 10:15:00,0.5654,0.5675,0.5638,0.5666,114307.5,1754389799999,64670.309653,663,55302.36,31316.536083,0
1754389800000,2025-08-05 10:30:00,0.5666,0.5702,0.5665,0.569,88428.87,1754390699999,50306.861917,697,47959.1,27286.978061,0
1754390700000,2025-08-05 10:45:00,0.5689,0.5695,0.5674,0.5688,18749.1,1754391599999,10659.029874,313,6658.04,3786.465299,0
1754391600000,2025-08-05 11:00:00,0.569,0.5701,0.5679,0.5695,13761.33,1754392499999,7829.456229,268,8318.9,4734.167922,0
1754392500000,2025-08-05 11:15:00,0.5696,0.5705,0.5681,0.5696,15026.62,1754393399999,8555.065384,260,7231.93,4115.819996,0
1754393400000,2025-08-05 11:30:00,0.5697,0.5699,0.5683,0.5693,16463.0,1754394299999,9371.634058,233,11181.03,6365.974149,0
1754394300000,2025-08-05 11:45:00,0.5692,0.5693,0.568,0.5686,56623.03,1754395199999,32183.321329,317,18995.17,10799.819393,0
1754395200000,2025-08-05 12:00:00,0.5687,0.5692,0.5675,0.5689,41897.15,1754396099999,23813.038702,402,19409.85,11033.069517,0
1754396100000,2025-08-05 12:15:00,0.5689,0.5689,0.5632,0.5654,53903.37,1754396999999,30530.386059,814,26942.84,15264.190207,0
1754397000000,2025-08-05 12:30:00,0.5654,0.5657,0.5594,0.563,69135.57,1754397899999,38912.721523,958,35503.1,19979.304342,0
1754397900000,2025-08-05 12:45:00,0.5629,0.5656,0.5622,0.5637,44389.65,1754398799999,25064.549868,643,27667.45,15627.916113,0
1754398800000,2025-08-05 13:00:00,0.5635,0.5648,0.5625,0.564,37628.34,1754399699999,21206.401477,637,23822.93,13425.882059,0
1754399700000,2025-08-05 13:15:00,0.5642,0.5656,0.5626,0.5643,32618.88,1754400599999,18395.202464,560,12675.5,7153.323972,0
1754400600000,2025-08-05 13:30:00,0.5642,0.5663,0.5618,0.5624,86393.09,1754401499999,48714.331377,1010,47128.59,26590.543021,0
1754401500000,2025-08-05 13:45:00,0.5625,0.5662,0.5625,0.5653,113811.04,1754402399999,64281.59017,831,91506.58,51694.432125,0
1754402400000,2025-08-05 14:00:00,0.5652,0.5652,0.5567,0.5584,151507.91,1754403299999,84887.835552,1484,74589.75,41779.948229,0
1754403300000,2025-08-05 14:15:00,0.5584,0.5584,0.5522,0.5541,202825.08,1754404199999,112502.229131,2247,86157.71,47764.721652,0
1754404200000,2025-08-05 14:30:00,0.5542,0.5562,0.5526,0.5542,147180.96,1754405099999,81585.860284,1463,82832.03,45912.486062,0
1754405100000,2025-08-05 14:45:00,0.5542,0.5569,0.5538,0.555,57990.66,1754405999999,32172.265765,962,28226.42,15656.960502,0
1754406000000,2025-08-05 15:00:00,0.555,0.5577,0.5528,0.5565,70045.95,1754406899999,38877.476601,921,33770.09,18745.17155,0
1754406900000,2025-08-05 15:15:00,0.5564,0.5574,0.5516,0.5529,45418.14,1754407799999,25195.43818,724,13838.84,7683.111574,0
1754407800000,2025-08-05 15:30:00,0.5531,0.5533,0.5471,0.5479,135135.73,1754408699999,74192.097332,1223,56659.72,31143.096632,0
1754408700000,2025-08-05 15:45:00,0.5479,0.5494,0.5467,0.5491,83379.55,1754409599999,45723.215863,1013,51388.09,28182.613432,0
1754409600000,2025-08-05 16:00:00,0.549,0.5526,0.5485,0.5522,50905.41,1754410499999,28056.398708,629,34107.11,18797.963093,0
1754410500000,2025-08-05 16:15:00,0.5523,0.5548,0.5519,0.5532,88588.28,1754411399999,48999.072929,626,43455.69,24049.453362,0
1754411400000,2025-08-05 16:30:00,0.5532,0.5547,0.5467,0.5495,71403.34,1754412299999,39345.045019,819,34382.86,18973.25438,0
1754412300000,2025-08-05 16:45:00,0.5494,0.5502,0.5473,0.549,35898.8,1754413199999,19695.616205,622,26170.85,14360.019426,0
1754413200000,2025-08-05 17:00:00,0.549,0.5495,0.547,0.5476,46359.57,1754414099999,25423.798149,566,22317.07,12237.597758,0
1754414100000,2025-08-05 17:15:00,0.5477,0.5498,0.5471,0.5485,54682.65,1754414999999,29990.651793,628,27398.06,15031.880019,0
1754415000000,2025-08-05 17:30:00,0.5484,0.5507,0.5472,0.5474,92426.99,1754415899999,50736.997828,807,46916.49,25761.866081,0
1754415900000,2025-08-05 17:45:00,0.5473,0.5498,0.5455,0.5489,164651.88,1754416799999,90168.827791,1012,68540.36,37509.437108,0
1754416800000,2025-08-05 18:00:00,0.5488,0.5495,0.5462,0.5462,78202.58,1754417699999,42862.153084,713,30333.77,16634.408298,0
1754417700000,2025-08-05 18:15:00,0.5463,0.5485,0.5448,0.5459,87443.27,1754418599999,47792.92001,751,65953.34,36049.109553,0
1754418600000,2025-08-05 18:30:00,0.5457,0.5548,0.5444,0.5462,998083.37,1754419499999,549166.143613,3193,528781.42,290843.421463,0
1754419500000,2025-08-05 18:45:00,0.5462,0.5466,0.5417,0.5436,215864.32,1754420399999,117305.815098,1336,105699.78,57451.656666,0
1754420400000,2025-08-05 19:00:00,0.5436,0.5468,0.5435,0.5438,100759.4,1754421299999,54998.80327,674,80930.0,44184.183179,0
1754421300000,2025-08-05 19:15:00,0.5437,0.5442,0.5416,0.5433,40688.8,1754422199999,22086.966736,628,13993.6,7598.637536,0
1754422200000,2025-08-05 19:30:00,0.5434,0.5435,0.541,0.5416,44751.07,1754423099999,24270.350722,519,22289.46,12098.168354,0
1754423100000,2025-08-05 19:45:00,0.5415,0.5428,0.5391,0.5415,96073.89,1754423999999,51975.839231,889,58693.38,31769.44523,0
1754424000000,2025-08-05 20:00:00,0.5417,0.5438,0.5415,0.5436,52453.43,1754424899999,28486.760909,472,40346.77,21913.998835,0
1754424900000,2025-08-05 20:15:00,0.5436,0.5474,0.5433,0.5472,68080.38,1754425799999,37113.083411,623,29458.57,16063.077475,0
1754425800000,2025-08-05 20:30:00,0.5475,0.5476,0.544,0.5457,45938.84,1754426699999,25084.388346,552,27203.96,14853.814327,0
1754426700000,2025-08-05 20:45:00,0.5457,0.5459,0.5433,0.5433,41745.59,1754427599999,22723.826358,520,20935.49,11397.814183,0
1754427600000,2025-08-05 21:00:00,0.5433,0.5464,0.5424,0.5444,73497.17,1754428499999,40071.433822,583,54662.73,29809.226756,0
1754428500000,2025-08-05 21:15:00,0.5444,0.5465,0.5444,0.5462,52691.76,1754429399999,28747.972328,498,30603.81,16698.827807,0
1754429400000,2025-08-05 21:30:00,0.5463,0.5473,0.5448,0.5449,38832.12,1754430299999,21209.884234,387,20726.45,11323.60956,0
1754430300000,2025-08-05 21:45:00,0.5452,0.5453,0.5414,0.5422,40845.14,1754431199999,22169.640563,376,21909.09,11899.613518,0
1754431200000,2025-08-05 22:00:00,0.5423,0.5433,0.5356,0.5427,130016.95,1754432099999,70083.191462,1278,52931.29,28538.23424,0
1754432100000,2025-08-05 22:15:00,0.5428,0.5445,0.5427,0.5436,56505.28,1754432999999,30719.781208,504,28949.61,15740.98281,0
1754433000000,2025-08-05 22:30:00,0.5437,0.5468,0.5435,0.5461,85790.98,1754433899999,46758.971545,606,49174.82,26796.904764,0
1754433900000,2025-08-05 22:45:00,0.5463,0.5475,0.5456,0.5463,51368.7,1754434799999,28081.966617,515,24258.4,13265.140476,0
1754434800000,2025-08-05 23:00:00,0.5463,0.5503,0.546,0.5497,65009.11,1754435699999,35648.255435,568,34280.51,18788.214736,0
1754435700000,2025-08-05 23:15:00,0.5498,0.5514,0.5492,0.5507,71132.74,1754436599999,39162.28172,692,36458.66,20071.748756,0
1754436600000,2025-08-05 23:30:00,0.5507,0.5523,0.5499,0.5511,94164.5,1754437499999,51918.813523,740,37506.48,20687.720371,0
1754437500000,2025-08-05 23:45:00,0.551,0.5532,0.5506,0.5529,126590.94,1754438399999,69921.735501,602,57130.64,31551.00565,0
1754438400000,2025-08-06 00:00:00,0.5529,0.5535,0.5493,0.5509,397276.93,1754439299999,219284.677789,1200,270855.16,149498.64655,0
1754439300000,2025-08-06 00:15:00,0.5508,0.5513,0.5497,0.5502,65565.39,1754440199999,36092.123689,562,17328.4,9539.199737,0
1754440200000,2025-08-06 00:30:00,0.5501,0.5515,0.5487,0.5493,39660.5,1754441099999,21802.139734,537,14802.29,8139.265969,0
1754441100000,2025-08-06 00:45:00,0.5492,0.5492,0.5446,0.5455,59497.11,1754441999999,32486.090881,617,17775.65,9703.411483,0
1754442000000,2025-08-06 01:00:00,0.5454,0.5469,0.5437,0.5466,64862.33,1754442899999,35402.314963,735,39548.46,21593.66385,0
1754442900000,2025-08-06 01:15:00,0.5467,0.5474,0.5423,0.5429,60691.92,1754443799999,33064.076552,771,23816.08,12973.53631,0
1754443800000,2025-08-06 01:30:00,0.543,0.547,0.5427,0.5456,79382.25,1754444699999,43231.585911,863,34237.72,18643.450134,0
1754444700000,2025-08-06 01:45:00,0.5457,0.549,0.5444,0.5487,80769.96,1754445599999,44157.515355,798,44862.25,24531.045411,0
1754445600000,2025-08-06 02:00:00,0.5486,0.5488,0.5427,0.5447,82936.81,1754446499999,45195.606832,711,25164.94,13700.977719,0
1754446500000,2025-08-06 02:15:00,0.5445,0.5473,0.5442,0.5465,38178.29,1754447399999,20850.714715,500,23427.17,12795.738843,0
1754447400000,2025-08-06 02:30:00,0.5464,0.5475,0.5444,0.5469,65193.48,1754448299999,35609.419223,601,44985.2,24576.827587,0
1754448300000,2025-08-06 02:45:00,0.5468,0.5479,0.5446,0.5454,44975.11,1754449199999,24572.309619,473,22948.9,12541.940618,0
1754449200000,2025-08-06 03:00:00,0.5453,0.5457,0.5432,0.5444,41327.66,1754450099999,22509.815483,477,18599.88,10131.324717,0
1754450100000,2025-08-06 03:15:00,0.5444,0.5444,0.5404,0.5415,102162.47,1754450999999,55285.963241,677,35998.13,19478.056764,0
1754451000000,2025-08-06 03:30:00,0.5416,0.5439,0.5415,0.5432,29612.27,1754451899999,16071.731348,353,16988.71,9219.559603,0
1754451900000,2025-08-06 03:45:00,0.5432,0.5443,0.5417,0.5417,25222.0,1754452799999,13688.031865,305,12573.67,6825.359136,0
1754452800000,2025-08-06 04:00:00,0.5417,0.542,0.5388,0.5398,73546.9,1754453699999,39725.91963,598,20675.6,11176.1058,0
1754453700000,2025-08-06 04:15:00,0.5398,0.5424,0.5396,0.542,56185.9,1754454599999,30406.913053,481,40815.09,22091.088313,0
1754454600000,2025-08-06 04:30:00,0.542,0.5439,0.5415,0.5438,56286.42,1754455499999,30543.136984,394,35196.5,19099.4861,0
1754455500000,2025-08-06 04:45:00,0.5437,0.5461,0.5433,0.5446,34112.63,1754456399999,18579.251301,445,16342.74,8901.315911,0
1754456400000,2025-08-06 05:00:00,0.5445,0.5539,0.5431,0.5532,145206.94,1754457299999,79967.285784,1007,99499.91,54861.144644,0
1754457300000,2025-08-06 05:15:00,0.5531,0.5576,0.5525,0.5547,207249.56,1754458199999,115238.572421,1374,102718.84,57117.606037,0
1754458200000,2025-08-06 05:30:00,0.5547,0.5591,0.5529,0.5577,124089.27,1754459099999,69059.206221,1080,56114.49,31219.174509,0
1754459100000,2025-08-06 05:45:00,0.5578,0.5593,0.5533,0.5539,152650.33,1754459999999,84705.487105,976,60798.77,33755.313662,0
1754460000000,2025-08-06 06:00:00,0.554,0.5544,0.5514,0.5524,73080.9,1754460899999,40388.786533,538,26820.57,14815.728769,0
1754460900000,2025-08-06 06:15:00,0.5523,0.5529,0.5514,0.5518,67831.86,1754461799999,37446.380761,607,39875.26,22014.74425,0
1754461800000,2025-08-06 06:30:00,0.5518,0.5566,0.5511,0.5549,76446.6,1754462699999,42347.342933,681,33396.77,18503.309478,0
1754462700000,2025-08-06 06:45:00,0.555,0.5575,0.5548,0.556,85132.08,1754463599999,47346.819919,694,40438.02,22489.547825,0
1754463600000,2025-08-06 07:00:00,0.5561,0.5591,0.5552,0.5583,73235.09,1754464499999,40744.07078,762,23826.56,13261.977176,0
1754464500000,2025-08-06 07:15:00,0.5582,0.5592,0.5563,0.559,61175.4,1754465399999,34107.717409,638,26687.12,14889.950323,0
1754465400000,2025-08-06 07:30:00,0.5589,0.56,0.5572,0.5595,94522.7,1754466299999,52831.110602,715,53187.56,29735.569703,0
1754466300000,2025-08-06 07:45:00,0.5594,0.5648,0.5574,0.5609,777327.66,1754467199999,435762.301689,2757,595342.54,333860.153181,0
1754467200000,2025-08-06 08:00:00,0.5609,0.5618,0.5574,0.5586,64562.12,1754468099999,36141.318149,699,26585.53,14889.520815,0
1754468100000,2025-08-06 08:15:00,0.5586,0.5623,0.5575,0.5591,73800.76,1754468999999,41280.285458,640,20048.29,11209.951178,0
1754469000000,2025-08-06 08:30:00,0.5595,0.5595,0.5559,0.5562,56872.94,1754469899999,31716.352888,614,20566.01,11461.456146,0
1754469900000,2025-08-06 08:45:00,0.5563,0.5571,0.5541,0.5571,78324.8,1754470799999,43500.863198,612,24967.21,13873.298242,0
1754470800000,2025-08-06 09:00:00,0.5571,0.5585,0.5547,0.5582,139931.8,1754471699999,77848.597671,751,77363.87,43057.064475,0
1754471700000,2025-08-06 09:15:00,0.5584,0.5605,0.5577,0.5579,103175.17,1754472599999,57656.551747,695,32590.09,18213.817832,0
1754472600000,2025-08-06 09:30:00,0.5578,0.5586,0.5539,0.5547,21504.01,1754473499999,11970.229005,379,11323.63,6306.648527,0
1754473500000,2025-08-06 09:45:00,0.5548,0.5564,0.5543,0.5559,27605.48,1754474399999,15326.526985,317,14018.97,7782.312588,0
1754474400000,2025-08-06 10:00:00,0.556,0.557,0.5548,0.5555,38868.99,1754475299999,21600.109428,293,12321.7,6848.18405,0
1754475300000,2025-08-06 10:15:00,0.5556,0.5568,0.5531,0.5553,70931.93,1754476199999,39363.863374,493,23272.17,12910.940347,0
1754476200000,2025-08-06 10:30:00,0.5553,0.557,0.5549,0.556,56115.05,1754477099999,31211.566655,324,41501.78,23083.603292,0
1754477100000,2025-08-06 10:45:00,0.556,0.5561,0.5528,0.5537,48833.54,1754477999999,27047.247228,458,18426.18,10205.654878,0
1754478000000,2025-08-06 11:00:00,0.5538,0.556,0.5527,0.5557,54930.75,1754478899999,30437.39542,383,27387.62,15184.515192,0
1754478900000,2025-08-06 11:15:00,0.5556,0.5578,0.5556,0.5572,12853.14,1754479799999,7159.649616,220,8896.05,4955.062905,0
1754479800000,2025-08-06 11:30:00,0.5573,0.5582,0.5557,0.5565,37981.73,1754480699999,21138.450856,334,22624.74,12592.502038,0
1754480700000,2025-08-06 11:45:00,0.5563,0.5563,0.5539,0.5541,22921.8,1754481599999,12724.502138,307,4886.98,2712.019787,0
1754481600000,2025-08-06 12:00:00,0.5541,0.5553,0.5501,0.5501,34687.47,1754482499999,19191.893306,384,17973.0,9952.197347,0
1754482500000,2025-08-06 12:15:00,0.55,0.5535,0.5481,0.5522,66130.37,1754483399999,36394.179227,710,28620.0,15760.259825,0
1754483400000,2025-08-06 12:30:00,0.5521,0.5549,0.5519,0.5522,35629.51,1754484299999,19697.63149,439,10487.65,5801.917218,0
1754484300000,2025-08-06 12:45:00,0.5523,0.5534,0.55,0.5505,26547.93,1754485199999,14635.078093,386,14451.71,7971.333957,0
1754485200000,2025-08-06 13:00:00,0.5506,0.5513,0.5484,0.5505,90090.37,1754486099999,49528.359194,526,63505.3,34916.206967,0
1754486100000,2025-08-06 13:15:00,0.5503,0.5509,0.5488,0.5494,68876.38,1754486999999,37859.201779,514,25499.0,14018.272885,0
1754487000000,2025-08-06 13:30:00,0.5496,0.5528,0.5467,0.551,180392.78,1754487899999,99183.309592,1663,54965.59,30228.00597,0
1754487900000,2025-08-06 13:45:00,0.551,0.5532,0.5489,0.5514,95501.28,1754488799999,52678.160633,1304,56290.74,31067.440658,0
1754488800000,2025-08-06 14:00:00,0.5515,0.5584,0.5515,0.5541,143702.78,1754489699999,79722.803315,1296,83732.5,46480.005021,0
1754489700000,2025-08-06 14:15:00,0.5542,0.5551,0.5488,0.5515,88465.89,1754490599999,48782.820463,1337,45310.22,24990.575896,0
1754490600000,2025-08-06 14:30:00,0.5516,0.5566,0.5508,0.5554,85794.17,1754491499999,47527.289519,1195,55410.48,30698.89195,0
1754491500000,2025-08-06 14:45:00,0.5556,0.5598,0.5534,0.5595,155659.35,1754492399999,86506.366728,1357,68171.22,37869.24036,0
1754492400000,2025-08-06 15:00:00,0.5595,0.5606,0.557,0.5587,71918.78,1754493299999,40173.861021,1191,36456.58,20368.091155,0
1754493300000,2025-08-06 15:15:00,0.5586,0.5607,0.5581,0.5597,57899.03,1754494199999,32397.463817,712,32572.96,18231.257653,0
1754494200000,2025-08-06 15:30:00,0.5595,0.5615,0.5591,0.5597,65797.81,1754495099999,36863.34922,733,34785.56,19492.287978,0
1754495100000,2025-08-06 15:45:00,0.5598,0.5801,0.5587,0.5764,1103537.98,1754495999999,630655.662291,4904,630565.46,360093.262134,0
1754496000000,2025-08-06 16:00:00,0.5764,0.5795,0.5639,0.5646,439856.88,1754496899999,251029.484167,2479,230558.53,131673.645609,0
1754496900000,2025-08-06 16:15:00,0.5647,0.5657,0.562,0.5633,193859.25,1754497799999,109354.938856,737,106879.61,60319.594254,0
1754497800000,2025-08-06 16:30:00,0.5633,0.5665,0.5611,0.5621,182221.88,1754498699999,102753.909674,1040,91972.79,51852.574745,0
1754498700000,2025-08-06 16:45:00,0.562,0.5639,0.5613,0.5617,102934.78,1754499599999,57887.203958,651,51233.79,28828.702747,0
1754499600000,2025-08-06 17:00:00,0.5619,0.5638,0.5615,0.5634,63137.07,1754500499999,35528.469349,571,37377.3,21035.159856,0
1754500500000,2025-08-06 17:15:00,0.5633,0.567,0.5633,0.567,70305.25,1754501399999,39746.298829,535,52335.15,29591.837941,0
1754501400000,2025-08-06 17:30:00,0.5668,0.5705,0.566,0.5701,128898.77,1754502299999,73228.888208,625,86807.71,49353.796821,0
1754502300000,2025-08-06 17:45:00,0.5701,0.5726,0.5697,0.5724,93291.02,1754503199999,53245.059479,711,62118.08,35464.804784,0
1754503200000,2025-08-06 18:00:00,0.5723,0.5746,0.5722,0.5735,60109.06,1754504099999,34468.47727,511,20828.27,11946.634976,0
1754504100000,2025-08-06 18:15:00,0.5737,0.5744,0.5705,0.5717,81986.97,1754504999999,46971.921459,627,20744.65,11884.206345,0
1754505000000,2025-08-06 18:30:00,0.5716,0.573,0.5707,0.571,78395.94,1754505899999,44813.152243,529,46722.41,26705.618798,0
1754505900000,2025-08-06 18:45:00,0.5711,0.5716,0.5698,0.57,65707.2,1754506799999,37476.586317,514,21012.12,11986.611177,0
1754506800000,2025-08-06 19:00:00,0.5701,0.5722,0.57,0.5717,40851.87,1754507699999,23351.392635,341,27428.14,15681.74192,0
1754507700000,2025-08-06 19:15:00,0.572,0.5742,0.5714,0.5735,69084.41,1754508599999,39587.78506,488,37458.09,21457.491068,0
1754508600000,2025-08-06 19:30:00,0.5733,0.5748,0.5723,0.5732,32639.29,1754509499999,18722.541476,390,15496.5,8891.470671,0
1754509500000,2025-08-06 19:45:00,0.5734,0.576,0.5724,0.576,41554.44,1754510399999,23849.978083,418,22097.35,12687.024134,0
1754510400000,2025-08-06 20:00:00,0.5761,0.577,0.5746,0.5746,53436.47,1754511299999,30769.472974,401,29730.9,17119.298344,0
1754511300000,2025-08-06 20:15:00,0.5745,0.5773,0.5737,0.5751,85660.75,1754512199999,49330.518853,515,57971.33,33402.824261,0
1754512200000,2025-08-06 20:30:00,0.5752,0.5778,0.5747,0.5769,66596.51,1754513099999,38376.052048,468,47661.11,27468.06828,0
1754513100000,2025-08-06 20:45:00,0.5772,0.5789,0.5767,0.5788,79385.72,1754513999999,45866.47462,376,37014.47,21383.004312,0
1754514000000,2025-08-06 21:00:00,0.5789,0.5843,0.5787,0.5836,190262.95,1754514899999,110749.321112,881,101326.92,58946.652039,0
1754514900000,2025-08-06 21:15:00,0.5838,0.5891,0.5815,0.5817,335785.1,1754515799999,196698.783034,1992,192626.57,112972.486607,0
1754515800000,2025-08-06 21:30:00,0.5817,0.5841,0.5803,0.5824,195866.71,1754516699999,113926.260109,651,143899.67,83709.510517,0
1754516700000,2025-08-06 21:45:00,0.5824,0.5899,0.5823,0.5898,146975.69,1754517599999,86127.533423,782,96208.3,56357.692903,0
1754517600000,2025-08-06 22:00:00,0.5899,0.5958,0.5888,0.591,334444.34,1754518499999,198084.638983,1930,158392.5,93871.832691,0
1754518500000,2025-08-06 22:15:00,0.591,0.5914,0.5842,0.5865,185201.72,1754519399999,108681.589677,1166,72867.54,42759.076023,0
1754519400000,2025-08-06 22:30:00,0.5866,0.5909,0.5866,0.5905,308925.61,1754520299999,182086.342946,1477,147957.44,87196.576778,0
1754520300000,2025-08-06 22:45:00,0.5906,0.5942,0.5888,0.5919,172916.49,1754521199999,102313.046682,878,85017.75,50329.155309,0
1754521200000,2025-08-06 23:00:00,0.5919,0.5921,0.5864,0.5864,198642.92,1754522099999,117093.664075,1060,43668.66,25728.422886,0
1754522100000,2025-08-06 23:15:00,0.5866,0.588,0.585,0.5865,101283.13,1754522999999,59363.098681,668,42728.49,25046.193475,0
1754523000000,2025-08-06 23:30:00,0.5865,0.5922,0.5865,0.591,100999.31,1754523899999,59603.453268,791,66976.42,39528.15537,0
1754523900000,2025-08-06 23:45:00,0.5911,0.5927,0.5905,0.5924,94826.18,1754524799999,56105.943885,679,51544.0,30513.326577,0
1754524800000,2025-08-07 00:00:00,0.5925,0.5951,0.59,0.5926,310509.19,1754525699999,184100.614646,1928,173375.67,102801.063275,0
1754525700000,2025-08-07 00:15:00,0.5927,0.5946,0.5898,0.5946,180838.94,1754526599999,106979.835843,1152,79959.5,47302.225379,0
1754526600000,2025-08-07 00:30:00,0.5947,0.5991,0.5947,0.5978,217736.76,1754527499999,130098.967402,968,150407.53,89847.689888,0
1754527500000,2025-08-07 00:45:00,0.5978,0.6023,0.5974,0.6014,245307.5,1754528399999,147174.042027,938,142970.58,85778.273646,0
1754528400000,2025-08-07 01:00:00,0.6013,0.6013,0.5958,0.5975,309518.17,1754529299999,185311.92545,1508,118722.94,71115.397636,0
1754529300000,2025-08-07 01:15:00,0.5975,0.6056,0.5965,0.6026,239892.74,1754530199999,144382.806702,1527,121624.72,73227.457249,0
1754530200000,2025-08-07 01:30:00,0.6024,0.6076,0.6022,0.607,135737.18,1754531099999,82162.073036,1318,64366.95,38968.617268,0
1754531100000,2025-08-07 01:45:00,0.6071,0.6083,0.6008,0.602,371640.68,1754531999999,225151.734462,1811,175425.02,106397.994741,0
1754532000000,2025-08-07 02:00:00,0.602,0.6066,0.6,0.6058,344641.56,1754532899999,208148.941381,1533,204030.84,123272.084883,0
1754532900000,2025-08-07 02:15:00,0.6058,0.6063,0.6019,0.6042,155008.68,1754533799999,93645.448957,935,50534.06,30530.921796,0
1754533800000,2025-08-07 02:30:00,0.6042,0.6074,0.604,0.6053,86721.45,1754534699999,52488.145602,783,37905.21,22940.67791,0
1754534700000,2025-08-07 02:45:00,0.6054,0.6101,0.6028,0.6031,317185.4,1754535599999,192605.998971,2033,187776.77,114099.380198,0
1754535600000,2025-08-07 03:00:00,0.6032,0.6082,0.602,0.6032,242882.47,1754536499999,147019.663771,1601,97166.53,58869.925817,0
1754536500000,2025-08-07 03:15:00,0.6031,0.6031,0.5913,0.5931,325930.33,1754537399999,194506.944393,2376,103807.99,61939.915422,0
1754537400000,2025-08-07 03:30:00,0.593,0.5952,0.5922,0.5947,69756.97,1754538299999,41427.785033,721,25942.8,15414.311559,0
1754538300000,2025-08-07 03:45:00,0.5948,0.5978,0.5944,0.5964,51605.5,1754539199999,30749.558454,556,36611.32,21819.857452,0
1754539200000,2025-08-07 04:00:00,0.5964,0.6025,0.5964,0.6025,162402.7,1754540099999,97470.39228,916,107883.61,64742.185437,0
1754540100000,2025-08-07 04:15:00,0.6023,0.6181,0.6023,0.6155,790310.7,1754540999999,483581.667001,4404,344577.39,210893.549629,0
1754541000000,2025-08-07 04:30:00,0.6155,0.6198,0.6119,0.6136,377044.98,1754541899999,232129.15125,3009,193242.43,119010.027536,0
1754541900000,2025-08-07 04:45:00,0.6137,0.6144,0.6085,0.6098,249385.28,1754542799999,152349.730844,1625,166618.11,101790.298624,0
1754542800000,2025-08-07 05:00:00,0.6098,0.6103,0.6029,0.6033,163288.84,1754543699999,99005.356661,1444,61925.33,37552.331059,0
1754543700000,2025-08-07 05:15:00,0.6032,0.6054,0.6015,0.6039,122736.44,1754544599999,74121.386035,1038,73466.43,44391.281781,0
1754544600000,2025-08-07 05:30:00,0.604,0.6076,0.6034,0.6047,102854.72,1754545499999,62278.653401,980,37261.5,22558.960472,0
1754545500000,2025-08-07 05:45:00,0.6049,0.6097,0.6043,0.6095,212396.76,1754546399999,128876.182485,1447,99472.71,60410.350742,0
1754546400000,2025-08-07 06:00:00,0.6095,0.6108,0.605,0.6091,279936.56,1754547299999,170000.683203,1700,96800.54,58812.279731,0
1754547300000,2025-08-07 06:15:00,0.609,0.6139,0.6076,0.6127,231776.96,1754548199999,141610.405589,1769,134661.34,82315.003923,0
1754548200000,2025-08-07 06:30:00,0.6127,0.613,0.6066,0.6082,169760.85,1754549099999,103422.449874,1483,85514.57,52116.971285,0
1754549100000,2025-08-07 06:45:00,0.6081,0.6101,0.604,0.6064,181574.56,1754549999999,110297.654218,1319,73708.78,44784.980364,0
1754550000000,2025-08-07 07:00:00,0.6063,0.6076,0.6044,0.6056,150841.76,1754550899999,91409.459296,1108,63013.3,38211.735587,0
1754550900000,2025-08-07 07:15:00,0.6056,0.6076,0.6025,0.6026,150926.95,1754551799999,91336.24576,980,64129.13,38849.329649,0
1754551800000,2025-08-07 07:30:00,0.6026,0.603,0.599,0.5999,184467.56,1754552699999,110911.291641,1325,54390.29,32720.994326,0
1754552700000,2025-08-07 07:45:00,0.5998,0.6007,0.5971,0.5988,102640.0,1754553599999,61453.612383,797,66906.09,40062.932873,0
1754553600000,2025-08-07 08:00:00,0.5989,0.6021,0.5983,0.601,270663.27,1754554499999,162652.633844,905,75505.7,45314.71887,0
1754554500000,2025-08-07 08:15:00,0.601,0.6048,0.6009,0.6046,95820.65,1754555399999,57753.665876,836,60328.98,36371.370682,0
1754555400000,2025-08-07 08:30:00,0.6045,0.6045,0.5981,0.5997,296280.85,1754556299999,177779.096021,1149,59382.45,35714.72559,0
1754556300000,2025-08-07 08:45:00,0.5996,0.6006,0.5974,0.5984,76662.12,1754557199999,45895.218069,572,37883.44,22676.4982,0
1754557200000,2025-08-07 09:00:00,0.5983,0.5983,0.5953,0.5964,67482.67,1754558099999,40255.083122,538,28222.55,16839.983017,0
1754558100000,2025-08-07 09:15:00,0.5964,0.5996,0.5961,0.5983,62745.84,1754558999999,37510.563348,568,32317.09,19309.762451,0
1754559000000,2025-08-07 09:30:00,0.5984,0.5998,0.5976,0.5995,22635.06,1754559899999,13551.83917,294,9329.18,5588.224537,0
1754559900000,2025-08-07 09:45:00,0.5995,0.6009,0.599,0.6,118265.45,1754560799999,70925.214086,477,34200.66,20513.687963,0
1754560800000,2025-08-07 10:00:00,0.5999,0.602,0.5959,0.6004,602511.59,1754561699999,361191.240629,2550,212702.85,127399.559663,0
1754561700000,2025-08-07 10:15:00,0.6004,0.6024,0.5999,0.6021,134601.33,1754562599999,80908.832481,1153,61960.89,37240.80173,0
1754562600000,2025-08-07 10:30:00,0.6022,0.6061,0.6016,0.6057,227341.4,1754563499999,137312.243376,1426,132755.11,80238.880831,0
1754563500000,2025-08-07 10:45:00,0.6056,0.6065,0.6044,0.6058,222319.76,1754564399999,134625.158637,884,108400.19,65648.721443,0
1754564400000,2025-08-07 11:00:00,0.6059,0.6081,0.6046,0.606,61960.16,1754565299999,37578.241401,731,33566.66,20355.206263,0
1754565300000,2025-08-07 11:15:00,0.6059,0.6081,0.6053,0.6075,71334.44,1754566199999,43275.4447,610,39147.24,23752.010813,0
1754566200000,2025-08-07 11:30:00,0.6075,0.6075,0.6044,0.6046,133055.98,1754567099999,80547.987912,703,62432.97,37795.475117,0
1754567100000,2025-08-07 11:45:00,0.6047,0.6069,0.6043,0.6063,90710.07,1754567999999,54913.47636,754,31659.33,19173.543773,0
1754568000000,2025-08-07 12:00:00,0.6064,0.6065,0.6034,0.6038,104098.9,1754568899999,62991.197627,649,30196.06,18274.303825,0
1754568900000,2025-08-07 12:15:00,0.604,0.6048,0.599,0.6022,293061.04,1754569799999,176163.852494,842,76157.36,45886.805395,0
1754569800000,2025-08-07 12:30:00,0.6022,0.6039,0.6013,0.6014,59685.72,1754570699999,35938.504598,568,32322.19,19467.17473,0
1754570700000,2025-08-07 12:45:00,0.6014,0.6054,0.6012,0.6054,90633.76,1754571599999,54662.842331,623,70531.76,42546.169173,0
1754571600000,2025-08-07 13:00:00,0.6055,0.6067,0.6054,0.6063,50134.83,1754572499999,30385.790956,423,27254.38,16515.183167,0
1754572500000,2025-08-07 13:15:00,0.6065,0.6065,0.6039,0.6051,58730.85,1754573399999,35537.205987,452,24021.84,14535.547135,0
1754573400000,2025-08-07 13:30:00,0.6051,0.6064,0.6041,0.6058,80599.77,1754574299999,48773.104019,618,52313.65,31661.438543,0
1754574300000,2025-08-07 13:45:00,0.6057,0.6071,0.6041,0.6058,64304.07,1754575199999,38964.933903,558,40088.74,24303.500036,0
1754575200000,2025-08-07 14:00:00,0.6059,0.606,0.6037,0.6045,92019.04,1754576099999,55639.667835,464,36808.58,22265.754028,0
1754576100000,2025-08-07 14:15:00,0.6044,0.606,0.6023,0.6033,82679.44,1754576999999,49915.073117,582,26303.49,15890.6668,0
1754577000000,2025-08-07 14:30:00,0.6034,0.6035,0.6014,0.602,40642.44,1754577899999,24485.63811,452,15998.97,9640.889798,0
1754577900000,2025-08-07 14:45:00,0.602,0.6045,0.6016,0.6042,35737.27,1754578799999,21560.507427,372,19917.61,12022.193469,0
1754578800000,2025-08-07 15:00:00,0.6042,0.6042,0.5991,0.6003,55370.52,1754579699999,33296.71959,560,18294.32,11005.136381,0
1754579700000,2025-08-07 15:15:00,0.6004,0.6042,0.6004,0.6036,55186.18,1754580599999,33271.048893,390,30771.14,18543.538658,0
1754580600000,2025-08-07 15:30:00,0.6035,0.6039,0.6014,0.6019,46618.17,1754581499999,28071.183604,340,12051.05,7260.369623,0
1754581500000,2025-08-07 15:45:00,0.6019,0.6022,0.5999,0.6,64829.45,1754582399999,38961.733407,403,24679.37,14838.27152,0
1754582400000,2025-08-07 16:00:00,0.6002,0.6017,0.5973,0.5988,159868.61,1754583299999,95866.485195,830,35108.23,21050.941906,0
1754583300000,2025-08-07 16:15:00,0.5988,0.5993,0.5976,0.5988,59047.37,1754584199999,35343.729293,496,20673.07,12373.752257,0
1754584200000,2025-08-07 16:30:00,0.5987,0.5989,0.5936,0.5936,107213.79,1754585099999,63818.271891,755,36014.83,21435.950913,0
1754585100000,2025-08-07 16:45:00,0.5935,0.5939,0.5864,0.5915,334140.13,1754585999999,197202.455862,2814,90968.75,53707.884567,0
1754586000000,2025-08-07 17:00:00,0.5914,0.5939,0.5905,0.5925,192595.43,1754586899999,114089.881094,1771,72046.79,42679.333301,0
1754586900000,2025-08-07 17:15:00,0.5924,0.5933,0.5914,0.5916,124684.37,1754587799999,73826.48133,1279,38510.65,22803.89973,0
1754587800000,2025-08-07 17:30:00,0.5915,0.5922,0.5899,0.5918,80504.72,1754588699999,47593.754431,947,22560.89,13342.865193,0
1754588700000,2025-08-07 17:45:00,0.5919,0.5938,0.5919,0.5935,137386.0,1754589599999,81460.97145,841,75765.49,44933.894843,0
1754589600000,2025-08-07 18:00:00,0.5934,0.5947,0.5918,0.592,57027.28,1754590499999,33836.659918,535,38229.34,22686.668795,0
1754590500000,2025-08-07 18:15:00,0.5919,0.5934,0.5911,0.5927,182271.03,1754591399999,107914.239874,503,160946.35,95285.147191,0
1754591400000,2025-08-07 18:30:00,0.5926,0.5929,0.5913,0.5921,62464.59,1754592299999,36992.860811,330,19966.4,11825.355333,0
1754592300000,2025-08-07 18:45:00,0.592,0.5948,0.592,0.5943,62551.17,1754593199999,37113.122886,331,41083.81,24380.769461,0
1754593200000,2025-08-07 19:00:00,0.5942,0.5945,0.5931,0.5932,25941.1,1754594099999,15398.666994,189,14204.09,8432.866605,0
1754594100000,2025-08-07 19:15:00,0.5931,0.5942,0.5926,0.594,44446.48,1754594999999,26378.352376,345,32195.46,19109.938626,0
1754595000000,2025-08-07 19:30:00,0.5941,0.5959,0.593,0.5957,88327.79,1754595899999,52498.978454,318,69801.67,41490.451851,0
1754595900000,2025-08-07 19:45:00,0.5958,0.5981,0.5957,0.5979,104893.99,1754596799999,62563.782333,701,74511.85,44427.441951,0
1754596800000,2025-08-07 20:00:00,0.5979,0.5995,0.5979,0.598,109070.23,1754597699999,65272.148946,625,70253.88,42033.405953,0
1754597700000,2025-08-07 20:15:00,0.5981,0.5997,0.598,0.5997,250728.26,1754598599999,150055.446425,765,135809.52,81281.884493,0
1754598600000,2025-08-07 20:30:00,0.5997,0.6014,0.5994,0.6008,66915.98,1754599499999,40170.872947,562,35172.84,21122.665725,0
1754599500000,2025-08-07 20:45:00,0.6006,0.602,0.5999,0.602,76434.99,1754600399999,45965.75569,438,54107.59,32547.855804,0
1754600400000,2025-08-07 21:00:00,0.602,0.6028,0.6019,0.6023,77202.68,1754601299999,46493.312473,439,56786.32,34196.940667,0
1754601300000,2025-08-07 21:15:00,0.6022,0.605,0.602,0.605,63878.73,1754602199999,38569.450777,420,32740.55,19764.050203,0
1754602200000,2025-08-07 21:30:00,0.605,0.6057,0.603,0.6046,116561.81,1754603099999,70408.678637,710,63625.02,38433.796702,0
1754603100000,2025-08-07 21:45:00,0.6046,0.6053,0.6007,0.6052,178751.71,1754603999999,107879.304536,886,114915.29,69353.829866,0
1754604000000,2025-08-07 22:00:00,0.6053,0.6069,0.6043,0.6059,141855.65,1754604899999,85951.195501,794,66385.99,40227.495238,0
1754604900000,2025-08-07 22:15:00,0.6058,0.6074,0.6044,0.607,118588.68,1754605799999,71907.536262,616,76552.42,46425.5502,0
1754605800000,2025-08-07 22:30:00,0.607,0.6101,0.6062,0.6082,154943.19,1754606699999,94314.088751,889,101320.04,61709.098324,0
1754606700000,2025-08-07 22:45:00,0.6083,0.6112,0.6083,0.6104,166404.25,1754607599999,101536.381247,1030,80938.33,49371.558795,0
1754607600000,2025-08-07 23:00:00,0.6103,0.6107,0.608,0.609,144448.5,1754608499999,87955.872407,774,70902.67,43183.187335,0
1754608500000,2025-08-07 23:15:00,0.609,0.6112,0.609,0.6104,90223.83,1754609399999,55074.550034,547,65828.26,40185.6023,0
1754609400000,2025-08-07 23:30:00,0.6104,0.612,0.61,0.6118,105270.72,1754610299999,64345.424561,579,57223.68,34978.620532,0
1754610300000,2025-08-07 23:45:00,0.6119,0.6128,0.6118,0.6125,54583.86,1754611199999,33419.876615,403,27985.37,17134.258921,0
1754611200000,2025-08-08 00:00:00,0.6125,0.613,0.6077,0.6124,212369.77,1754612099999,129409.853036,1337,100416.2,61199.284226,0
1754612100000,2025-08-08 00:15:00,0.6123,0.6146,0.6067,0.6136,793120.27,1754612999999,484124.611196,5236,428858.31,261722.131106,0
1754613000000,2025-08-08 00:30:00,0.6136,0.622,0.6122,0.619,239836.86,1754613899999,148297.017142,2834,115817.15,71600.024647,0
1754613900000,2025-08-08 00:45:00,0.619,0.62,0.6141,0.6145,125400.22,1754614799999,77323.618612,1350,58225.97,35911.485824,0
1754614800000,2025-08-08 01:00:00,0.6146,0.6207,0.6062,0.6198,675777.05,1754615699999,415030.177581,5899,342147.98,210149.377025,0
1754615700000,2025-08-08 01:15:00,0.6198,0.6198,0.6096,0.6124,828395.9,1754616599999,507929.292596,7680,407543.25,249847.046267,0
1754616600000,2025-08-08 01:30:00,0.6124,0.6126,0.6098,0.6108,126391.42,1754617499999,77222.330798,1407,46487.51,28406.855013,0
1754617500000,2025-08-08 01:45:00,0.6108,0.6133,0.6098,0.6122,82900.1,1754618399999,50677.239978,900,46865.43,28643.254045,0
1754618400000,2025-08-08 02:00:00,0.6122,0.6122,0.6088,0.61,71821.63,1754619299999,43842.258215,770,34727.0,21195.635828,0
1754619300000,2025-08-08 02:15:00,0.61,0.6104,0.6077,0.609,53241.84,1754620199999,32434.432618,539,20192.12,12299.600126,0
1754620200000,2025-08-08 02:30:00,0.609,0.6121,0.609,0.6116,137064.38,1754621099999,83689.268742,800,77261.2,47179.152997,0
1754621100000,2025-08-08 02:45:00,0.6117,0.6139,0.6108,0.6117,78664.59,1754621999999,48194.067638,615,45877.64,28111.1549,0
1754622000000,2025-08-08 03:00:00,0.6117,0.6146,0.6117,0.6136,82726.69,1754622899999,50760.547579,752,37690.67,23123.960503,0
1754622900000,2025-08-08 03:15:00,0.6136,0.6197,0.6134,0.6186,128283.79,1754623799999,79216.318266,1039,68345.61,42182.766298,0
1754623800000,2025-08-08 03:30:00,0.6187,0.6191,0.6142,0.6142,126627.52,1754624699999,78228.491137,739,36131.98,22319.893837,0
1754624700000,2025-08-08 03:45:00,0.6141,0.6142,0.6128,0.6138,64782.64,1754625599999,39741.934902,375,46671.31,28630.968224,0
1754625600000,2025-08-08 04:00:00,0.6138,0.6138,0.6101,0.6114,73835.28,1754626499999,45201.59558,713,18802.51,11514.931325,0
1754626500000,2025-08-08 04:15:00,0.6114,0.612,0.6093,0.612,48367.23,1754627399999,29531.318141,517,17166.24,10481.542061,0
1754627400000,2025-08-08 04:30:00,0.6121,0.6135,0.6107,0.6108,98934.86,1754628299999,60549.835868,774,31015.69,18994.210588,0
1754628300000,2025-08-08 04:45:00,0.6107,0.6109,0.6089,0.6093,91447.71,1754629199999,55794.941678,582,25757.89,15717.295501,0
1754629200000,2025-08-08 05:00:00,0.6094,0.6122,0.6083,0.6122,46424.49,1754630099999,28326.22626,429,28406.2,17343.54086,0
1754630100000,2025-08-08 05:15:00,0.6123,0.6137,0.6095,0.6105,92741.08,1754630999999,56762.215072,637,40087.63,24532.580602,0
1754631000000,2025-08-08 05:30:00,0.6105,0.6126,0.61,0.6125,31101.76,1754631899999,19002.359221,375,16293.77,9958.226438,0
1754631900000,2025-08-08 05:45:00,0.6125,0.6129,0.609,0.6104,44107.51,1754632799999,26910.483986,435,11208.34,6842.7142,0
1754632800000,2025-08-08 06:00:00,0.6104,0.6127,0.6098,0.6127,33659.29,1754633699999,20570.116239,504,17219.72,10527.389208,0
1754633700000,2025-08-08 06:15:00,0.6128,0.614,0.6113,0.6137,35439.2,1754634599999,21705.672777,417,18049.53,11057.406588,0
1754634600000,2025-08-08 06:30:00,0.6138,0.615,0.6127,0.6129,48483.5,1754635499999,29773.647465,466,30282.42,18600.118902,0
1754635500000,2025-08-08 06:45:00,0.613,0.6176,0.6112,0.6176,65388.28,1754636399999,40104.895083,593,30944.68,19001.820347,0
1754636400000,2025-08-08 07:00:00,0.6177,0.6177,0.6135,0.6172,76800.9,1754637299999,47278.522773,826,16198.3,9971.664723,0
1754637300000,2025-08-08 07:15:00,0.6173,0.6222,0.6173,0.618,259312.42,1754638199999,160664.658977,1784,162155.05,100446.942832,0
1754638200000,2025-08-08 07:30:00,0.618,0.6204,0.6176,0.6187,69199.44,1754639099999,42812.059505,512,39268.78,24296.506779,0
1754639100000,2025-08-08 07:45:00,0.6186,0.6212,0.6185,0.6199,70280.56,1754639999999,43583.863155,662,33788.74,20955.062823,0
1754640000000,2025-08-08 08:00:00,0.62,0.6243,0.62,0.6237,78628.09,1754640899999,48979.722523,738,31161.3,19411.039463,0
1754640900000,2025-08-08 08:15:00,0.6236,0.6244,0.62,0.621,115358.88,1754641799999,71717.558133,785,75155.77,46710.540396,0
1754641800000,2025-08-08 08:30:00,0.621,0.6227,0.6197,0.6218,47005.86,1754642699999,29198.473904,586,13550.87,8419.399642,0
1754642700000,2025-08-08 08:45:00,0.6217,0.6224,0.6198,0.6221,76855.06,1754643599999,47757.659279,553,43424.8,26984.890055,0
1754643600000,2025-08-08 09:00:00,0.622,0.6234,0.6202,0.6202,58925.83,1754644499999,36639.034017,543,26664.72,16595.613216,0
1754644500000,2025-08-08 09:15:00,0.6202,0.622,0.6186,0.6203,27225.87,1754645399999,16882.029344,410,11811.79,7323.218484,0
1754645400000,2025-08-08 09:30:00,0.6204,0.623,0.6204,0.6216,45705.03,1754646299999,28424.147082,432,19362.37,12043.481028,0
1754646300000,2025-08-08 09:45:00,0.6216,0.6237,0.6212,0.6213,75190.09,1754647199999,46841.098999,448,9115.12,5677.165622,0
1754647200000,2025-08-08 10:00:00,0.6212,0.6218,0.6195,0.6205,36956.22,1754648099999,22923.58118,486,13641.6,8465.432611,0
1754648100000,2025-08-08 10:15:00,0.6205,0.6215,0.6193,0.6196,24250.49,1754648999999,15037.153501,341,15433.36,9568.310069,0
1754649000000,2025-08-08 10:30:00,0.6195,0.6215,0.6176,0.6178,26790.92,1754649899999,16600.001118,449,9487.5,5881.578391,0
1754649900000,2025-08-08 10:45:00,0.6177,0.6181,0.6158,0.6179,98856.38,1754650799999,60943.899611,567,32348.85,19947.216704,0
1754650800000,2025-08-08 11:00:00,0.618,0.6193,0.618,0.6191,26599.67,1754651699999,16462.993202,278,19376.97,11993.687837,0
1754651700000,2025-08-08 11:15:00,0.6192,0.62,0.6176,0.6176,100341.11,1754652599999,62140.601448,343,19537.77,12101.404718,0
1754652600000,2025-08-08 11:30:00,0.6176,0.62,0.6176,0.62,51934.83,1754653499999,32149.107112,259,34810.13,21542.166003,0
1754653500000,2025-08-08 11:45:00,0.6201,0.6213,0.62,0.6208,63175.04,1754654399999,39203.936046,221,22324.88,13853.47408,0
1754654400000,2025-08-08 12:00:00,0.6208,0.622,0.617,0.6193,35245.46,1754655299999,21828.181356,483,15362.67,9511.479773,0
1754655300000,2025-08-08 12:15:00,0.6194,0.62,0.6183,0.6189,16049.98,1754656199999,9935.947104,317,5271.48,3263.526774,0
1754656200000,2025-08-08 12:30:00,0.619,0.6194,0.6165,0.6166,12894.04,1754657099999,7962.569741,297,5084.71,3139.91366,0
1754657100000,2025-08-08 12:45:00,0.6166,0.6172,0.6153,0.6158,40272.68,1754657999999,24815.302454,420,16056.91,9894.66664,0
1754658000000,2025-08-08 13:00:00,0.6159,0.6173,0.6149,0.6154,56273.94,1754658899999,34661.397231,411,27769.51,17099.538277,0
1754658900000,2025-08-08 13:15:00,0.6153,0.6166,0.6148,0.6165,56877.28,1754659799999,35017.283415,443,34503.85,21241.390426,0
1754659800000,2025-08-08 13:30:00,0.6166,0.6195,0.6151,0.619,43266.67,1754660699999,26715.97532,752,30693.94,18957.036498,0
1754660700000,2025-08-08 13:45:00,0.6191,0.6278,0.6191,0.6273,128722.9,1754661599999,80344.711208,1605,66849.26,41695.077877,0
1754661600000,2025-08-08 14:00:00,0.6273,0.6308,0.623,0.6246,339858.44,1754662499999,213199.346275,2534,162432.06,101925.468594,0
1754662500000,2025-08-08 14:15:00,0.6246,0.6263,0.622,0.6254,68954.66,1754663399999,43032.720427,1116,33156.25,20705.232937,0
1754663400000,2025-08-08 14:30:00,0.6254,0.6267,0.6197,0.6232,151584.36,1754664299999,94527.8672,1503,73276.24,45716.455896,0
1754664300000,2025-08-08 14:45:00,0.6231,0.6268,0.6229,0.6253,58517.79,1754665199999,36564.052493,912,25804.09,16124.328747,0
1754665200000,2025-08-08 15:00:00,0.6254,0.626,0.6194,0.6207,61406.36,1754666099999,38224.009497,1156,23994.28,14918.687513,0
1754666100000,2025-08-08 15:15:00,0.6208,0.6235,0.62,0.6214,88400.58,1754666999999,54977.96737,887,32639.5,20300.306505,0
1754667000000,2025-08-08 15:30:00,0.6213,0.6228,0.6174,0.6184,76338.67,1754667899999,47297.452059,997,39430.22,24423.298608,0
1754667900000,2025-08-08 15:45:00,0.6185,0.6237,0.6185,0.6233,102148.35,1754668799999,63423.709484,831,43624.66,27077.731506,0
1754668800000,2025-08-08 16:00:00,0.6234,0.6265,0.619,0.6192,229682.86,1754669699999,142787.631686,1456,99298.09,61774.883999,0
1754669700000,2025-08-08 16:15:00,0.6191,0.6232,0.6181,0.622,55707.08,1754670599999,34594.245704,671,26382.54,16382.892768,0
1754670600000,2025-08-08 16:30:00,0.6221,0.6226,0.6204,0.6215,67989.27,1754671499999,42264.409455,679,41322.49,25688.650422,0
1754671500000,2025-08-08 16:45:00,0.6214,0.6252,0.6214,0.6246,64368.61,1754672399999,40121.8483,657,33020.08,20583.61832,0
1754672400000,2025-08-08 17:00:00,0.6247,0.6302,0.6235,0.629,165896.84,1754673299999,104284.845806,917,135556.03,85288.744201,0
1754673300000,2025-08-08 17:15:00,0.6291,0.6335,0.6291,0.6335,107314.85,1754674199999,67739.791813,993,42093.72,26579.715116,0
1754674200000,2025-08-08 17:30:00,0.6335,0.6395,0.6335,0.6382,191198.78,1754675099999,121734.463037,1336,89892.35,57201.888197,0
1754675100000,2025-08-08 17:45:00,0.6382,0.6403,0.6368,0.6374,197408.7,1754675999999,126052.207058,1185,139965.11,89392.60239,0
1754676000000,2025-08-08 18:00:00,0.6375,0.6394,0.6372,0.6386,65641.78,1754676899999,41895.639089,860,23834.1,15217.997202,0
1754676900000,2025-08-08 18:15:00,0.6387,0.6411,0.6361,0.637,103636.26,1754677799999,66152.823628,1049,62351.69,39808.169957,0
1754677800000,2025-08-08 18:30:00,0.6369,0.6379,0.635,0.6359,55423.3,1754678699999,35270.181744,729,29503.0,18776.333002,0
1754678700000,2025-08-08 18:45:00,0.6358,0.6363,0.6334,0.6363,58750.7,1754679599999,37312.236965,637,23420.28,14876.246475,0
1754679600000,2025-08-08 19:00:00,0.6361,0.637,0.634,0.6354,84104.52,1754680499999,53446.473534,560,31571.05,20054.553986,0
1754680500000,2025-08-08 19:15:00,0.6355,0.6362,0.6345,0.6356,29762.21,1754681399999,18917.695246,394,12963.15,8240.66297,0
1754681400000,2025-08-08 19:30:00,0.6357,0.6357,0.6327,0.6336,37795.23,1754682299999,23969.829014,469,12894.49,8175.652814,0
1754682300000,2025-08-08 19:45:00,0.6336,0.6355,0.6326,0.6351,38475.5,1754683199999,24389.474485,504,14774.83,9372.220031,0
1754683200000,2025-08-08 20:00:00,0.6351,0.6364,0.6314,0.6324,147660.13,1754684099999,93416.050873,806,24546.95,15557.540115,0
1754684100000,2025-08-08 20:15:00,0.6325,0.6327,0.6316,0.6326,26757.58,1754684999999,16915.569465,382,10609.29,6707.881362,0
1754685000000,2025-08-08 20:30:00,0.6326,0.6333,0.6317,0.6326,55208.77,1754685899999,34907.154986,323,15195.43,9609.15057,0
1754685900000,2025-08-08 20:45:00,0.6326,0.6354,0.6326,0.6354,35856.0,1754686799999,22739.733749,362,26181.84,16605.297854,0
1754686800000,2025-08-08 21:00:00,0.6353,0.6363,0.635,0.6352,59998.24,1754687699999,38140.930541,333,29085.7,18489.717751,0
1754687700000,2025-08-08 21:15:00,0.6351,0.6363,0.6342,0.6354,74527.51,1754688599999,47360.302931,285,31684.53,20128.188212,0
1754688600000,2025-08-08 21:30:00,0.6355,0.6381,0.6355,0.636,61649.69,1754689499999,39284.361197,323,48616.41,30984.282572,0
1754689500000,2025-08-08 21:45:00,0.636,0.637,0.6357,0.6358,15919.89,1754690399999,10129.670767,224,13133.29,8357.184464,0
1754690400000,2025-08-08 22:00:00,0.6357,0.6374,0.6347,0.6372,28501.6,1754691299999,18120.518894,443,17985.2,11433.795402,0
1754691300000,2025-08-08 22:15:00,0.6373,0.6391,0.6367,0.639,30066.83,1754692199999,19177.347487,382,15697.32,10014.673713,0
1754692200000,2025-08-08 22:30:00,0.6391,0.6393,0.6363,0.6378,27890.11,1754693099999,17789.770426,445,13129.08,8374.051482,0
1754693100000,2025-08-08 22:45:00,0.6379,0.6409,0.6377,0.6397,54934.87,1754693999999,35139.355727,376,27340.12,17499.875515,0
1754694000000,2025-08-08 23:00:00,0.6396,0.6402,0.6376,0.6385,72845.27,1754694899999,46583.336691,499,37768.17,24151.003001,0
1754694900000,2025-08-08 23:15:00,0.6384,0.6391,0.6378,0.6382,35701.25,1754695799999,22800.433679,284,21724.43,13875.677561,0
1754695800000,2025-08-08 23:30:00,0.6381,0.6381,0.6356,0.6374,89574.43,1754696699999,57053.783667,535,45320.78,28880.907885,0
1754696700000,2025-08-08 23:45:00,0.6373,0.6389,0.6373,0.6389,24941.94,1754697599999,15918.649142,312,12157.2,7759.175476,0
1754697600000,2025-08-09 00:00:00,0.6389,0.6409,0.6375,0.6408,85033.37,1754698499999,54331.437637,512,33441.7,21389.92445,0
1754698500000,2025-08-09 00:15:00,0.6409,0.6411,0.6388,0.6388,165805.59,1754699399999,106080.230144,482,18636.35,11929.651319,0
1754699400000,2025-08-09 00:30:00,0.6387,0.6407,0.638,0.6383,58218.85,1754700299999,37240.866939,484,37609.8,24065.147141,0
1754700300000,2025-08-09 00:45:00,0.6382,0.6397,0.6378,0.6394,42641.06,1754701199999,27225.74128,402,19491.67,12445.846017,0
1754701200000,2025-08-09 01:00:00,0.6395,0.6411,0.6384,0.6391,45805.4,1754702099999,29328.794915,444,19532.83,12505.869734,0
1754702100000,2025-08-09 01:15:00,0.6391,0.64,0.6381,0.6392,31558.05,1754702999999,20163.311757,335,21689.65,13861.267811,0
1754703000000,2025-08-09 01:30:00,0.6393,0.6408,0.6389,0.6399,44981.47,1754703899999,28754.507193,348,31072.32,19861.575057,0
1754703900000,2025-08-09 01:45:00,0.64,0.6411,0.6396,0.6408,47411.21,1754704799999,30369.512863,387,19890.95,12741.532035,0
1754704800000,2025-08-09 02:00:00,0.6407,0.6424,0.6405,0.6413,62656.72,1754705699999,40182.107973,467,33532.14,21505.442968,0
1754705700000,2025-08-09 02:15:00,0.6412,0.6419,0.6404,0.6413,37452.25,1754706599999,24011.995831,309,20869.14,13382.030761,0
1754706600000,2025-08-09 02:30:00,0.6413,0.6413,0.6377,0.6388,37786.53,1754707499999,24147.538396,372,19817.43,12664.688943,0
1754707500000,2025-08-09 02:45:00,0.639,0.6398,0.6383,0.6387,24859.2,1754708399999,15882.090205,271,10977.21,7012.755344,0
1754708400000,2025-08-09 03:00:00,0.6386,0.6411,0.6386,0.6402,60198.46,1754709299999,38510.528783,548,35742.3,22865.337651,0
1754709300000,2025-08-09 03:15:00,0.6403,0.6413,0.6384,0.6392,38150.74,1754710199999,24411.962981,363,17483.22,11194.609505,0
1754710200000,2025-08-09 03:30:00,0.6392,0.6422,0.6389,0.6419,29280.56,1754711099999,18763.352523,341,20001.11,12817.521672,0
1754711100000,2025-08-09 03:45:00,0.6418,0.6432,0.6411,0.6432,44060.67,1754711999999,28297.922022,342,35104.94,22549.841702,0
1754712000000,2025-08-09 04:00:00,0.6433,0.6449,0.6429,0.6449,46811.37,1754712899999,30139.645546,466,34177.13,22009.844302,0
1754712900000,2025-08-09 04:15:00,0.645,0.646,0.6445,0.645,67089.42,1754713799999,43280.756564,540,27982.55,18053.659321,0
1754713800000,2025-08-09 04:30:00,0.6449,0.6478,0.6434,0.644,58736.2,1754714699999,37906.245278,908,27419.63,17697.675043,0
1754714700000,2025-08-09 04:45:00,0.6439,0.6449,0.6428,0.6435,27007.47,1754715599999,17391.651901,458,10989.96,7077.988147,0
1754715600000,2025-08-09 05:00:00,0.6434,0.6504,0.6421,0.649,224666.98,1754716499999,145363.650218,1994,127723.92,82654.041083,0
1754716500000,2025-08-09 05:15:00,0.649,0.6548,0.6488,0.6542,199600.32,1754717399999,130169.428611,1444,134892.43,87964.199163,0
1754717400000,2025-08-09 05:30:00,0.6543,0.6549,0.6524,0.6539,84501.61,1754718299999,55259.997039,867,26561.42,17368.310828,0
1754718300000,2025-08-09 05:45:00,0.6541,0.6554,0.6538,0.6551,80669.66,1754719199999,52831.186332,684,26456.25,17326.978101,0
1754719200000,2025-08-09 06:00:00,0.655,0.6552,0.6518,0.6528,107969.37,1754720099999,70629.584599,997,48542.74,31769.675188,0
1754720100000,2025-08-09 06:15:00,0.6527,0.6548,0.6501,0.6512,188155.2,1754720999999,122628.814342,1085,78244.11,51020.142037,0
1754721000000,2025-08-09 06:30:00,0.6512,0.6515,0.648,0.6483,66549.39,1754721899999,43198.691744,630,15149.4,9839.817836,0
1754721900000,2025-08-09 06:45:00,0.6484,0.6516,0.6479,0.6514,26052.11,1754722799999,16941.358761,331,15687.99,10207.642537,0
1754722800000,2025-08-09 07:00:00,0.6515,0.6562,0.6508,0.655,96407.81,1754723699999,62980.400792,850,29609.64,19378.363603,0
1754723700000,2025-08-09 07:15:00,0.6549,0.6555,0.6519,0.6523,75220.57,1754724599999,49155.400814,478,48400.32,31617.157168,0
1754724600000,2025-08-09 07:30:00,0.6521,0.6525,0.6503,0.6507,66175.58,1754725499999,43078.038703,483,33119.35,21551.858227,0
1754725500000,2025-08-09 07:45:00,0.6505,0.6531,0.6504,0.6531,22209.74,1754726399999,14471.043743,299,13366.29,8708.499059,0
1754726400000,2025-08-09 08:00:00,0.653,0.6533,0.6506,0.6526,64657.32,1754727299999,42170.270225,569,38440.28,25066.974601,0
1754727300000,2025-08-09 08:15:00,0.6526,0.6557,0.6522,0.6551,47029.81,1754728199999,30729.585887,542,19232.14,12568.641362,0
1754728200000,2025-08-09 08:30:00,0.6551,0.656,0.6537,0.655,105085.58,1754729099999,68822.805534,604,56797.36,37225.305027,0
1754729100000,2025-08-09 08:45:00,0.655,0.655,0.6517,0.6537,65947.29,1754729999999,43084.460374,825,25012.83,16345.691637,0
1754730000000,2025-08-09 09:00:00,0.6536,0.6549,0.6515,0.6549,32093.75,1754730899999,20961.116312,485,19178.62,12525.641953,0
1754730900000,2025-08-09 09:15:00,0.6549,0.6554,0.653,0.6551,67336.17,1754731799999,44072.039771,465,56401.53,36919.444392,0
1754731800000,2025-08-09 09:30:00,0.655,0.6556,0.6536,0.6553,41330.43,1754732699999,27060.894413,399,24521.24,16054.906581,0
1754732700000,2025-08-09 09:45:00,0.6553,0.658,0.6551,0.6569,55360.73,1754733599999,36362.252634,732,29744.36,19534.369084,0
1754733600000,2025-08-09 10:00:00,0.6568,0.6589,0.6557,0.6588,40970.88,1754734499999,26943.103499,499,20739.17,13642.955215,0
1754734500000,2025-08-09 10:15:00,0.6586,0.6594,0.6573,0.6584,37755.88,1754735399999,24863.360287,494,17322.18,11408.759924,0
1754735400000,2025-08-09 10:30:00,0.6583,0.66,0.6576,0.6596,91514.94,1754736299999,60301.999072,604,30551.12,20130.867759,0
1754736300000,2025-08-09 10:45:00,0.6598,0.6627,0.6598,0.6599,125074.44,1754737199999,82753.723433,842,52825.71,34938.988958,0
1754737200000,2025-08-09 11:00:00,0.6599,0.66,0.6572,0.6577,36015.91,1754738099999,23723.997974,491,18318.88,12071.001668,0
1754738100000,2025-08-09 11:15:00,0.6578,0.6614,0.6578,0.6608,52349.54,1754738999999,34562.600857,458,30184.54,19927.572713,0
1754739000000,2025-08-09 11:30:00,0.6608,0.6622,0.6581,0.6586,191596.69,1754739899999,126691.322046,747,157063.41,103898.484029,0
1754739900000,2025-08-09 11:45:00,0.6586,0.6614,0.6576,0.6614,20846.59,1754740799999,13756.967827,460,10077.24,6651.078971,0
1754740800000,2025-08-09 12:00:00,0.6614,0.662,0.6595,0.6613,34927.75,1754741699999,23082.500001,507,14997.2,9911.815219,0
1754741700000,2025-08-09 12:15:00,0.6613,0.6643,0.6613,0.664,24732.23,1754742599999,16404.874239,425,13767.09,9130.731995,0
1754742600000,2025-08-09 12:30:00,0.6641,0.6642,0.6591,0.6594,72812.03,1754743499999,48152.339279,606,42222.68,27920.710743,0
1754743500000,2025-08-09 12:45:00,0.6593,0.6625,0.6588,0.6608,52721.19,1754744399999,34824.079141,498,13399.74,8851.654728,0
1754744400000,2025-08-09 13:00:00,0.6609,0.662,0.6553,0.6562,62643.35,1754745299999,41237.001116,794,32654.88,21482.344557,0
1754745300000,2025-08-09 13:15:00,0.6563,0.6608,0.6563,0.658,101356.01,1754746199999,66698.391366,766,41705.53,27473.363453,0
1754746200000,2025-08-09 13:30:00,0.6581,0.6582,0.6558,0.6572,74625.31,1754747099999,49007.155895,672,17964.57,11802.596372,0
1754747100000,2025-08-09 13:45:00,0.6571,0.6574,0.6549,0.6549,56081.16,1754747999999,36786.345562,692,19426.27,12745.637865,0
1754748000000,2025-08-09 14:00:00,0.6548,0.6566,0.6517,0.6561,74776.47,1754748899999,48888.841257,929,29210.97,19096.530219,0
1754748900000,2025-08-09 14:15:00,0.6561,0.6566,0.6534,0.6556,121705.34,1754749799999,79634.909079,827,45418.61,29727.297978,0
1754749800000,2025-08-09 14:30:00,0.6556,0.6557,0.6523,0.6535,23984.18,1754750699999,15678.478266,443,8975.59,5865.439573,0
1754750700000,2025-08-09 14:45:00,0.6535,0.6561,0.6522,0.6557,47517.57,1754751599999,31064.589861,451,32591.04,21318.717253,0
1754751600000,2025-08-09 15:00:00,0.6556,0.6584,0.6535,0.655,30494.77,1754752499999,19989.343534,599,16131.84,10576.393989,0
1754752500000,2025-08-09 15:15:00,0.6551,0.6572,0.6522,0.6572,68862.26,1754753399999,45101.658464,894,36751.72,24056.99489,0
1754753400000,2025-08-09 15:30:00,0.6571,0.6584,0.6552,0.6582,27297.72,1754754299999,17929.470189,529,18402.35,12088.616066,0
1754754300000,2025-08-09 15:45:00,0.6581,0.6594,0.6574,0.6576,10275.09,1754755199999,6762.679932,273,2696.08,1774.606742,0
1754755200000,2025-08-09 16:00:00,0.6577,0.6609,0.6577,0.6605,72125.36,1754756099999,47591.615737,580,13186.88,8700.391861,0
1754756100000,2025-08-09 16:15:00,0.6605,0.6617,0.6596,0.6601,26643.6,1754756999999,17600.900342,393,8706.79,5753.33999,0
1754757000000,2025-08-09 16:30:00,0.6601,0.6607,0.6564,0.6577,39891.47,1754757899999,26269.345335,492,20842.26,13718.432571,0
1754757900000,2025-08-09 16:45:00,0.6576,0.6592,0.6573,0.6579,35507.82,1754758799999,23366.262976,448,18922.53,12453.61984,0
1754758800000,2025-08-09 17:00:00,0.658,0.6599,0.6569,0.6583,40016.48,1754759699999,26356.942745,546,23875.13,15728.430873,0
1754759700000,2025-08-09 17:15:00,0.6583,0.6618,0.6583,0.6593,27575.62,1754760599999,18197.421145,297,15923.9,10516.499429,0
1754760600000,2025-08-09 17:30:00,0.6592,0.6609,0.6576,0.6592,75408.24,1754761499999,49729.993474,574,39965.69,26360.057836,0
1754761500000,2025-08-09 17:45:00,0.659,0.6597,0.6577,0.6592,17565.38,1754762399999,11572.035405,286,11577.78,7628.185803,0
1754762400000,2025-08-09 18:00:00,0.6593,0.6595,0.6565,0.6575,21444.9,1754763299999,14122.387268,257,13436.05,8851.959047,0
1754763300000,2025-08-09 18:15:00,0.6573,0.6588,0.6569,0.6576,30258.69,1754764199999,19904.523154,272,18887.83,12428.432393,0
1754764200000,2025-08-09 18:30:00,0.6577,0.6588,0.657,0.6574,40030.13,1754765099999,26333.143105,335,13897.27,9145.026288,0
1754765100000,2025-08-09 18:45:00,0.6576,0.6616,0.6576,0.6607,64754.86,1754765999999,42734.185099,533,42813.63,28250.09735,0
1754766000000,2025-08-09 19:00:00,0.6606,0.6636,0.6602,0.6633,31560.69,1754766899999,20887.580641,390,26105.64,17276.759473,0
1754766900000,2025-08-09 19:15:00,0.6634,0.6639,0.6624,0.6631,17341.29,1754767799999,11500.062478,362,5993.01,3975.149128,0
1754767800000,2025-08-09 19:30:00,0.663,0.6638,0.6621,0.6631,49435.76,1754768699999,32782.740894,433,39562.28,26236.525654,0
1754768700000,2025-08-09 19:45:00,0.6632,0.6642,0.6615,0.6623,41296.28,1754769599999,27386.170589,337,22179.03,14709.244018,0
1754769600000,2025-08-09 20:00:00,0.6624,0.6649,0.6624,0.6646,53863.1,1754770499999,35743.875271,623,14799.17,9821.889605,0
1754770500000,2025-08-09 20:15:00,0.6644,0.6679,0.6638,0.667,68354.33,1754771399999,45547.369979,698,32008.1,21317.088157,0
1754771400000,2025-08-09 20:30:00,0.6668,0.6691,0.6661,0.6672,60133.6,1754772299999,40161.05832,557,42298.56,28256.758968,0
1754772300000,2025-08-09 20:45:00,0.6673,0.69,0.6658,0.67,759599.16,1754773199999,510564.133839,2134,585402.19,393662.204446,0
1754773200000,2025-08-09 21:00:00,0.67,0.6705,0.6674,0.669,134094.01,1754774099999,89710.391518,991,69213.64,46315.123569,0
1754774100000,2025-08-09 21:15:00,0.6689,0.7,0.6663,0.6692,1026459.02,1754774999999,694902.808399,3602,720500.63,489423.31744,0
1754775000000,2025-08-09 21:30:00,0.669,0.6716,0.6637,0.6683,231259.8,1754775899999,154324.086727,1203,94968.37,63372.036737,0
1754775900000,2025-08-09 21:45:00,0.6681,0.6715,0.6675,0.6684,30997.4,1754776799999,20757.161451,338,6371.29,4262.897207,0
1754776800000,2025-08-09 22:00:00,0.6686,0.6716,0.6679,0.6705,44032.34,1754777699999,29491.398611,646,23099.74,15465.318706,0
1754777700000,2025-08-09 22:15:00,0.6706,0.6761,0.6706,0.6752,98714.49,1754778599999,66528.593998,1039,57790.8,38925.410456,0
1754778600000,2025-08-09 22:30:00,0.6751,0.6758,0.6669,0.6692,628129.59,1754779499999,420835.170271,1955,91814.07,61688.512424,0
1754779500000,2025-08-09 22:45:00,0.6693,0.6695,0.6649,0.6664,194978.69,1754780399999,130167.037159,1359,67788.08,45278.370015,0
1754780400000,2025-08-09 23:00:00,0.6665,0.6671,0.6642,0.6652,62979.69,1754781299999,41927.521999,638,21141.18,14076.553579,0
1754781300000,2025-08-09 23:15:00,0.6653,0.6669,0.6649,0.6668,19626.89,1754782199999,13069.951523,362,14090.84,9382.63588,0
1754782200000,2025-08-09 23:30:00,0.6668,0.669,0.6662,0.6685,35706.04,1754783099999,23846.318498,562,13659.8,9124.564476,0
1754783100000,2025-08-09 23:45:00,0.6684,0.6698,0.6669,0.6671,65678.27,1754783999999,43915.801674,527,27386.6,18315.368567,0
1754784000000,2025-08-10 00:00:00,0.667,0.6699,0.6657,0.6697,106412.14,1754784899999,71035.924792,857,61805.41,41268.41297,0
1754784900000,2025-08-10 00:15:00,0.6697,0.6711,0.6684,0.6689,51771.42,1754785799999,34664.922603,490,23021.76,15422.608362,0
1754785800000,2025-08-10 00:30:00,0.6688,0.6742,0.6669,0.6742,157346.62,1754786699999,105732.7112,783,130816.19,87931.36745,0
1754786700000,2025-08-10 00:45:00,0.6743,0.6813,0.674,0.6788,215131.57,1754787599999,145905.966529,1675,88927.98,60353.48929,0
1754787600000,2025-08-10 01:00:00,0.6787,0.6828,0.6778,0.6778,243822.13,1754788499999,165967.766591,1678,124549.36,84823.168044,0
1754788500000,2025-08-10 01:15:00,0.6777,0.6813,0.6767,0.6773,87885.23,1754789399999,59669.281968,1263,50329.28,34177.36766,0
1754789400000,2025-08-10 01:30:00,0.6772,0.6784,0.6744,0.6753,81132.76,1754790299999,54891.625901,1140,28736.62,19443.771489,0
1754790300000,2025-08-10 01:45:00,0.6753,0.6753,0.6719,0.6721,89709.67,1754791199999,60454.267946,773,63083.23,42510.594327,0
1754791200000,2025-08-10 02:00:00,0.672,0.6735,0.6704,0.6727,115667.58,1754792099999,77725.172448,988,31231.31,20993.653978,0
1754792100000,2025-08-10 02:15:00,0.6728,0.6748,0.669,0.67,104896.11,1754792999999,70488.552024,1091,33518.82,22539.601557,0
1754793000000,2025-08-10 02:30:00,0.6699,0.6716,0.6668,0.6669,26254.27,1754793899999,17570.889016,689,17871.63,11962.651217,0
1754793900000,2025-08-10 02:45:00,0.667,0.6684,0.6659,0.6663,33507.73,1754794799999,22356.715163,572,18184.93,12132.083745,0
1754794800000,2025-08-10 03:00:00,0.6663,0.6675,0.661,0.6646,88093.55,1754795699999,58505.471902,1043,34977.73,23224.302395,0
1754795700000,2025-08-10 03:15:00,0.6647,0.6699,0.6627,0.6685,132196.0,1754796599999,88065.41342,1697,68836.73,45847.069056,0
1754796600000,2025-08-10 03:30:00,0.6684,0.672,0.6655,0.671,67371.42,1754797499999,44971.911973,1148,40493.67,27045.729839,0
1754797500000,2025-08-10 03:45:00,0.6711,0.6725,0.669,0.6707,61613.08,1754798399999,41279.854258,674,16700.28,11208.058588,0
1754798400000,2025-08-10 04:00:00,0.6705,0.6725,0.6681,0.6717,34848.39,1754799299999,23335.021612,580,24498.72,16400.978034,0
1754799300000,2025-08-10 04:15:00,0.6717,0.6745,0.6701,0.6728,32755.52,1754800199999,22008.873298,608,16829.94,11314.080609,0
1754800200000,2025-08-10 04:30:00,0.6729,0.675,0.6719,0.6741,38842.97,1754801099999,26175.860308,577,24716.32,16658.382055,0
1754801100000,2025-08-10 04:45:00,0.674,0.6756,0.6727,0.673,47147.07,1754801999999,31763.66527,495,19242.62,12966.29951,0
1754802000000,2025-08-10 05:00:00,0.6731,0.6731,0.6695,0.6718,26191.86,1754802899999,17569.137419,565,11345.57,7615.228897,0
1754802900000,2025-08-10 05:15:00,0.6717,0.6728,0.6692,0.6703,146381.31,1754803799999,98140.131386,962,81487.43,54625.830571,0
1754803800000,2025-08-10 05:30:00,0.6702,0.6716,0.669,0.6713,67585.46,1754804699999,45288.026051,603,21055.97,14114.047042,0
1754804700000,2025-08-10 05:45:00,0.6712,0.6721,0.6668,0.6668,44612.7,1754805599999,29890.473992,587,13080.41,8764.295873,0
1754805600000,2025-08-10 06:00:00,0.6669,0.667,0.6643,0.6658,63904.33,1754806499999,42532.752514,638,32458.83,21603.88507,0
1754806500000,2025-08-10 06:15:00,0.6657,0.6657,0.6585,0.6592,152689.75,1754807399999,100817.588488,1164,40737.22,26891.490901,0
1754807400000,2025-08-10 06:30:00,0.6591,0.6624,0.6587,0.6619,51970.86,1754808299999,34312.287014,610,15515.56,10259.477397,0
1754808300000,2025-08-10 06:45:00,0.6618,0.6634,0.6596,0.6616,66375.1,1754809199999,43903.631398,681,26661.34,17641.961867,0
1754809200000,2025-08-10 07:00:00,0.6613,0.6649,0.661,0.6644,101685.74,1754810099999,67377.931407,619,44204.05,29299.012966,0
1754810100000,2025-08-10 07:15:00,0.6645,0.6651,0.6594,0.6598,200588.67,1754810999999,132982.303658,825,22117.87,14664.483541,0
1754811000000,2025-08-10 07:30:00,0.6597,0.6602,0.6454,0.6469,424795.1,1754811899999,277231.016167,3218,164408.74,107094.807155,0
1754811900000,2025-08-10 07:45:00,0.6468,0.6505,0.6452,0.6456,253831.45,1754812799999,164197.782307,1957,119340.07,77194.088454,0
1754812800000,2025-08-10 08:00:00,0.6456,0.6458,0.6383,0.6425,314833.6,1754813699999,202008.842455,2848,146926.67,94296.951651,0
1754813700000,2025-08-10 08:15:00,0.6425,0.6501,0.642,0.6501,125260.85,1754814599999,81002.603208,1152,62767.47,40606.832105,0
1754814600000,2025-08-10 08:30:00,0.6502,0.6524,0.648,0.6516,132917.52,1754815499999,86484.812916,907,68910.46,44849.835472,0
1754815500000,2025-08-10 08:45:00,0.6514,0.6528,0.6501,0.6509,85893.31,1754816399999,55946.071803,533,18544.93,12086.114548,0
1754816400000,2025-08-10 09:00:00,0.6508,0.6521,0.6504,0.6507,37946.61,1754817299999,24708.000991,385,17438.78,11355.666178,0
1754817300000,2025-08-10 09:15:00,0.6508,0.6522,0.6485,0.6504,67548.15,1754818199999,43915.000374,520,37273.56,24236.073984,0
1754818200000,2025-08-10 09:30:00,0.6503,0.6541,0.6499,0.6514,25363.14,1754819099999,16549.098633,544,14316.97,9348.174668,0
1754819100000,2025-08-10 09:45:00,0.6516,0.653,0.6483,0.65,48096.68,1754819999999,31325.058723,623,24620.49,16052.84625,0
1754820000000,2025-08-10 10:00:00,0.65,0.652,0.6491,0.6508,38143.58,1754820899999,24826.58013,529,12824.05,8348.377573,0
1754820900000,2025-08-10 10:15:00,0.6507,0.6514,0.6466,0.6468,37130.37,1754821799999,24130.176231,604,16782.72,10908.086007,0
1754821800000,2025-08-10 10:30:00,0.6467,0.6474,0.641,0.6457,267639.99,1754822699999,172301.816438,1291,164630.47,105981.886188,0
1754822700000,2025-08-10 10:45:00,0.6458,0.6475,0.6422,0.6423,55462.4,1754823599999,35751.634336,792,17073.03,11008.636782,0
1754823600000,2025-08-10 11:00:00,0.6423,0.6427,0.6404,0.6413,189491.41,1754824499999,121568.883232,1714,41214.1,26449.07467,0
1754824500000,2025-08-10 11:15:00,0.6414,0.6446,0.6406,0.6437,92956.53,1754825399999,59678.617506,837,24358.15,15651.57741,0
1754825400000,2025-08-10 11:30:00,0.6436,0.6455,0.641,0.6429,95683.31,1754826299999,61582.508448,784,52736.1,33935.115127,0
1754826300000,2025-08-10 11:45:00,0.643,0.644,0.6377,0.6385,111654.24,1754827199999,71435.520043,961,22179.51,14191.455686,0
1754827200000,2025-08-10 12:00:00,0.6384,0.6407,0.638,0.639,70127.03,1754828099999,44801.933364,628,36852.59,23544.537896,0
1754828100000,2025-08-10 12:15:00,0.639,0.6432,0.6385,0.6428,32179.73,1754828999999,20625.898243,676,14425.14,9253.072046,0
1754829000000,2025-08-10 12:30:00,0.6427,0.6456,0.6425,0.6453,62662.57,1754829899999,40368.251086,462,51956.47,33469.802589,0
1754829900000,2025-08-10 12:45:00,0.6452,0.6461,0.6444,0.6452,29171.52,1754830799999,18825.052159,419,17890.31,11548.281252,0
1754830800000,2025-08-10 13:00:00,0.6452,0.6467,0.6447,0.6453,20400.42,1754831699999,13175.517602,378,8186.82,5288.462035,0
1754831700000,2025-08-10 13:15:00,0.6452,0.6458,0.6427,0.6442,84137.17,1754832599999,54182.122063,710,47966.97,30886.149305,0
1754832600000,2025-08-10 13:30:00,0.6442,0.6443,0.6403,0.6416,22249.65,1754833499999,14293.140973,702,6948.73,4461.134128,0
1754833500000,2025-08-10 13:45:00,0.6417,0.6425,0.6392,0.6398,59626.34,1754834399999,38206.229385,795,28858.53,18489.473382,0
1754834400000,2025-08-10 14:00:00,0.6397,0.6452,0.6384,0.6446,69643.58,1754835299999,44758.150167,982,32221.49,20689.140029,0
1754835300000,2025-08-10 14:15:00,0.6445,0.6513,0.6443,0.6507,47082.68,1754836199999,30523.852491,881,34497.16,22370.202521,0
1754836200000,2025-08-10 14:30:00,0.6508,0.656,0.6506,0.6545,153973.59,1754837099999,100713.582749,1474,66123.5,43253.876304,0
1754837100000,2025-08-10 14:45:00,0.6544,0.6551,0.6511,0.6548,54221.32,1754837999999,35442.872964,776,30138.2,19703.046909,0
1754838000000,2025-08-10 15:00:00,0.6546,0.6567,0.6527,0.6567,72937.62,1754838899999,47740.278107,1013,45515.87,29794.727263,0
1754838900000,2025-08-10 15:15:00,0.6568,0.6593,0.6565,0.6584,113230.73,1754839799999,74531.567271,1405,43075.88,28354.488705,0
1754839800000,2025-08-10 15:30:00,0.6583,0.659,0.654,0.6553,71270.51,1754840699999,46746.630822,1291,26327.33,17262.409131,0
1754840700000,2025-08-10 15:45:00,0.6554,0.6577,0.6533,0.6543,53017.57,1754841599999,34713.282118,1075,27661.95,18107.269869,0
1754841600000,2025-08-10 16:00:00,0.6542,0.6558,0.6526,0.6542,94343.52,1754842499999,61755.676261,1376,34077.95,22307.814935,0
1754842500000,2025-08-10 16:15:00,0.6542,0.656,0.6526,0.6529,79811.54,1754843399999,52201.106748,722,43147.31,28218.289943,0
1754843400000,2025-08-10 16:30:00,0.6529,0.6553,0.6518,0.6543,99105.77,1754844299999,64735.459681,1132,52617.26,34361.012148,0
1754844300000,2025-08-10 16:45:00,0.6544,0.6563,0.6532,0.6563,89275.29,1754845199999,58430.00241,1156,39684.62,25978.496973,0
1754845200000,2025-08-10 17:00:00,0.6562,0.6563,0.6526,0.6532,68839.9,1754846099999,45038.902346,1283,23864.13,15615.205509,0
1754846100000,2025-08-10 17:15:00,0.6532,0.6538,0.6501,0.6506,65442.46,1754846999999,42682.668292,1097,10732.8,7000.981066,0
1754847000000,2025-08-10 17:30:00,0.6506,0.6529,0.6501,0.6503,33425.16,1754847899999,21774.230858,666,17034.15,11095.224581,0
1754847900000,2025-08-10 17:45:00,0.6503,0.6535,0.6497,0.6532,58421.44,1754848799999,38070.313129,869,27400.06,17863.717331,0
1754848800000,2025-08-10 18:00:00,0.6533,0.657,0.6531,0.6562,33855.51,1754849699999,22172.836691,724,14288.61,9360.619185,0
1754849700000,2025-08-10 18:15:00,0.6563,0.6565,0.6528,0.6533,30591.83,1754850599999,20040.255451,608,10630.94,6964.04265,0
1754850600000,2025-08-10 18:30:00,0.6532,0.6563,0.6531,0.6556,33756.66,1754851499999,22123.739543,612,13870.68,9091.280113,0
1754851500000,2025-08-10 18:45:00,0.6554,0.6562,0.6547,0.6561,17783.4,1754852399999,11654.475664,445,5623.14,3685.207895,0
1754852400000,2025-08-10 19:00:00,0.6561,0.6581,0.6542,0.6577,38844.81,1754853299999,25501.662136,510,17535.73,11513.658086,0
1754853300000,2025-08-10 19:15:00,0.6576,0.6578,0.6552,0.6558,37529.45,1754854199999,24628.473588,442,18779.65,12322.661134,0
1754854200000,2025-08-10 19:30:00,0.6557,0.6574,0.6552,0.6552,16885.05,1754855099999,11084.90889,349,6623.9,4349.591552,0
1754855100000,2025-08-10 19:45:00,0.6551,0.6571,0.6548,0.6557,33430.19,1754855999999,21939.343658,371,15731.03,10324.370276,0
1754856000000,2025-08-10 20:00:00,0.6556,0.6571,0.6523,0.6552,46306.86,1754856899999,30287.35628,629,22359.65,14635.951042,0
1754856900000,2025-08-10 20:15:00,0.6553,0.6562,0.653,0.6547,94176.16,1754857799999,61682.388067,985,49679.15,32548.04466,0
1754857800000,2025-08-10 20:30:00,0.6548,0.6577,0.6534,0.6567,25000.54,1754858699999,16387.13519,566,11967.07,7842.895247,0
1754858700000,2025-08-10 20:45:00,0.6566,0.6566,0.655,0.6555,17546.18,1754859599999,11511.773846,261,6944.8,4556.810954,0
1754859600000,2025-08-10 21:00:00,0.6555,0.6556,0.6499,0.6519,53935.81,1754860499999,35165.792406,816,21051.66,13726.949608,0
1754860500000,2025-08-10 21:15:00,0.652,0.6536,0.6509,0.6509,21008.48,1754861399999,13712.519165,434,11488.01,7499.207648,0
1754861400000,2025-08-10 21:30:00,0.6509,0.6515,0.6474,0.65,27921.87,1754862299999,18131.551402,636,8734.0,5673.769593,0
1754862300000,2025-08-10 21:45:00,0.6493,0.6543,0.6492,0.6541,9674.79,1754863199999,6316.467363,210,7831.08,5113.518989,0
1754863200000,2025-08-10 22:00:00,0.6542,0.6544,0.6502,0.6515,36910.62,1754864099999,24051.895993,732,7556.36,4923.623855,0
1754864100000,2025-08-10 22:15:00,0.6516,0.6555,0.6513,0.6546,69524.49,1754864999999,45450.217832,714,54990.24,35953.526099,0
1754865000000,2025-08-10 22:30:00,0.6547,0.6565,0.6545,0.6551,29792.26,1754865899999,19527.914769,315,22612.81,14822.992353,0
1754865900000,2025-08-10 22:45:00,0.6552,0.6557,0.6536,0.6557,18389.99,1754866799999,12034.59767,266,7971.82,5219.128776,0
1754866800000,2025-08-10 23:00:00,0.6558,0.6574,0.6548,0.6548,32986.55,1754867699999,21631.930664,512,12531.49,8217.046674,0
1754867700000,2025-08-10 23:15:00,0.6549,0.6563,0.6529,0.6563,99198.54,1754868599999,64961.371578,841,52921.69,34698.481599,0
1754868600000,2025-08-10 23:30:00,0.6563,0.6564,0.6544,0.6559,24544.53,1754869499999,16091.553174,504,10040.84,6583.968204,0
1754869500000,2025-08-10 23:45:00,0.6558,0.6599,0.6558,0.6579,69061.55,1754870399999,45486.367927,612,33627.04,22156.350963,0
1754870400000,2025-08-11 00:00:00,0.6578,0.6578,0.6527,0.6548,213475.46,1754871299999,139996.433779,1230,17978.21,11788.746783,0
1754871300000,2025-08-11 00:15:00,0.6547,0.6587,0.6545,0.6584,107641.79,1754872199999,70742.031653,1078,53515.72,35162.338809,0
1754872200000,2025-08-11 00:30:00,0.6585,0.6587,0.655,0.6553,52357.57,1754873099999,34391.134691,991,13707.15,9002.727864,0
1754873100000,2025-08-11 00:45:00,0.6552,0.6553,0.6522,0.6522,49874.9,1754873999999,32635.984445,799,24579.73,16086.763746,0
1754874000000,2025-08-11 01:00:00,0.6521,0.6575,0.6518,0.657,46677.31,1754874899999,30548.274071,811,18783.61,12276.865229,0
1754874900000,2025-08-11 01:15:00,0.6571,0.6629,0.6561,0.6622,82181.29,1754875799999,54223.155827,1030,54132.24,35745.42192,0
1754875800000,2025-08-11 01:30:00,0.6623,0.6681,0.6623,0.6664,88338.53,1754876699999,58904.408052,1041,69877.54,46601.802411,0
1754876700000,2025-08-11 01:45:00,0.6663,0.6663,0.6617,0.6625,101917.17,1754877599999,67688.769527,652,27757.09,18420.777007,0
1754877600000,2025-08-11 02:00:00,0.6625,0.6702,0.6625,0.6669,125525.01,1754878499999,83779.329684,1640,57009.99,38051.475093,0
1754878500000,2025-08-11 02:15:00,0.6671,0.6709,0.6665,0.6701,117425.72,1754879399999,78613.043107,1411,58724.01,39334.335074,0
1754879400000,2025-08-11 02:30:00,0.6703,0.6736,0.6703,0.6733,56829.02,1754880299999,38193.517656,813,37252.02,25031.694893,0
1754880300000,2025-08-11 02:45:00,0.6732,0.6743,0.6722,0.6727,36286.6,1754881199999,24431.638998,506,23828.19,16042.662376,0
1754881200000,2025-08-11 03:00:00,0.6727,0.6728,0.6703,0.6722,58487.03,1754882099999,39299.723124,739,27339.47,18372.542628,0
1754882100000,2025-08-11 03:15:00,0.6721,0.6735,0.6696,0.6721,33894.94,1754882999999,22773.672541,631,13788.06,9266.252045,0
1754883000000,2025-08-11 03:30:00,0.6723,0.6729,0.6701,0.6703,31324.31,1754883899999,21034.965853,525,20360.39,13672.100701,0
1754883900000,2025-08-11 03:45:00,0.6702,0.6709,0.6691,0.6701,27476.02,1754884799999,18411.516393,362,9876.04,6618.686651,0
1754884800000,2025-08-11 04:00:00,0.6702,0.6757,0.6694,0.6739,66127.49,1754885699999,44483.710342,687,28470.42,19145.571288,0
1754885700000,2025-08-11 04:15:00,0.6738,0.6754,0.6702,0.6705,96451.21,1754886599999,64799.444703,681,17467.06,11752.808786,0
1754886600000,2025-08-11 04:30:00,0.6706,0.6719,0.6688,0.6692,21788.35,1754887499999,14601.25455,397,10172.94,6818.89481,0
1754887500000,2025-08-11 04:45:00,0.6691,0.6704,0.6654,0.6654,152171.26,1754888399999,101765.491243,1017,40812.57,27305.612057,0
1754888400000,2025-08-11 05:00:00,0.6655,0.6681,0.6642,0.6646,48254.39,1754889299999,32141.409717,707,16742.62,11145.094226,0
1754889300000,2025-08-11 05:15:00,0.6646,0.6663,0.6633,0.664,80766.0,1754890199999,53691.760035,693,53841.47,35805.434751,0
1754890200000,2025-08-11 05:30:00,0.664,0.6657,0.6637,0.664,44878.75,1754891099999,29833.578564,486,12489.49,8302.722915,0
1754891100000,2025-08-11 05:45:00,0.664,0.6644,0.6619,0.6641,56425.41,1754891999999,37432.00198,655,33362.77,22139.366309,0
1754892000000,2025-08-11 06:00:00,0.6639,0.6652,0.6623,0.6631,59336.33,1754892899999,39378.401389,418,31204.93,20707.718007,0
1754892900000,2025-08-11 06:15:00,0.6631,0.6644,0.6609,0.6625,57905.12,1754893799999,38392.097846,573,35755.29,23715.39248,0
1754893800000,2025-08-11 06:30:00,0.6626,0.663,0.6606,0.661,61974.24,1754894699999,40997.886818,476,11415.88,7552.73271,0
1754894700000,2025-08-11 06:45:00,0.661,0.6619,0.6599,0.6599,41789.69,1754895599999,27604.193419,307,8146.21,5385.938655,0
1754895600000,2025-08-11 07:00:00,0.66,0.6607,0.6581,0.6591,73349.99,1754896499999,48346.983274,605,35310.65,23262.72337,0
1754896500000,2025-08-11 07:15:00,0.659,0.659,0.654,0.6545,108836.89,1754897399999,71403.657964,717,30562.86,20046.039611,0
1754897400000,2025-08-11 07:30:00,0.6546,0.6546,0.6495,0.6504,170059.8,1754898299999,110759.225166,833,23819.92,15523.380844,0
1754898300000,2025-08-11 07:45:00,0.6503,0.6503,0.647,0.6487,57134.37,1754899199999,37050.397928,793,26934.7,17468.28003,0
1754899200000,2025-08-11 08:00:00,0.6486,0.6489,0.6458,0.6488,165984.77,1754900099999,107406.036965,1131,51063.69,33055.815726,0
1754900100000,2025-08-11 08:15:00,0.6489,0.6511,0.6483,0.6496,75653.24,1754900999999,49131.687177,570,43089.9,27991.884384,0
1754901000000,2025-08-11 08:30:00,0.6496,0.6528,0.6496,0.6515,33026.54,1754901899999,21514.340659,352,14321.68,9329.251664,0
1754901900000,2025-08-11 08:45:00,0.6513,0.6525,0.6503,0.6514,32873.67,1754902799999,21423.719596,336,22059.88,14380.444878,0
1754902800000,2025-08-11 09:00:00,0.6514,0.6529,0.6507,0.6527,26887.54,1754903699999,17517.951799,342,11524.72,7510.068942,0
1754903700000,2025-08-11 09:15:00,0.6527,0.654,0.6511,0.6539,15458.17,1754904599999,10077.560981,280,6042.55,3940.853447,0
1754904600000,2025-08-11 09:30:00,0.654,0.656,0.6512,0.6525,56940.23,1754905499999,37211.442236,642,21180.97,13846.605386,0
1754905500000,2025-08-11 09:45:00,0.6526,0.6527,0.6486,0.6504,26788.03,1754906399999,17404.584962,464,15698.97,10198.415769,0
1754906400000,2025-08-11 10:00:00,0.6503,0.6503,0.6462,0.6469,61248.05,1754907299999,39636.289917,630,15875.33,10275.48573,0
1754907300000,2025-08-11 10:15:00,0.6468,0.651,0.6452,0.6508,291145.29,1754908199999,188237.471755,1272,143258.18,92761.076231,0
1754908200000,2025-08-11 10:30:00,0.6507,0.6509,0.6471,0.648,76693.08,1754909099999,49706.461032,670,36431.82,23611.219578,0
1754909100000,2025-08-11 10:45:00,0.6479,0.6483,0.6453,0.6456,81341.16,1754909999999,52584.210225,681,25187.69,16276.861568,0
1754910000000,2025-08-11 11:00:00,0.6455,0.646,0.6411,0.6423,228903.25,1754910899999,147414.78318,1106,60436.1,38854.440213,0
1754910900000,2025-08-11 11:15:00,0.6423,0.6423,0.634,0.6346,180763.2,1754911799999,115228.333929,1732,67207.43,42869.061074,0
1754911800000,2025-08-11 11:30:00,0.6345,0.6375,0.6332,0.6342,145275.19,1754912699999,92246.398288,1894,63615.08,40384.398592,0
1754912700000,2025-08-11 11:45:00,0.6343,0.6343,0.626,0.6292,217207.3,1754913599999,136597.788736,1917,107656.62,67672.891156,0
1754913600000,2025-08-11 12:00:00,0.6292,0.6328,0.6277,0.6296,138387.59,1754914499999,87138.000888,1331,41613.28,26226.153413,0
1754914500000,2025-08-11 12:15:00,0.6295,0.6311,0.6284,0.6296,58650.94,1754915399999,36934.34852,927,37452.68,23587.912501,0
1754915400000,2025-08-11 12:30:00,0.6297,0.6329,0.6256,0.6277,170568.26,1754916299999,107354.465607,2385,85049.96,53543.718684,0
1754916300000,2025-08-11 12:45:00,0.6275,0.6323,0.626,0.6323,182445.29,1754917199999,115032.905057,1185,73114.85,46055.534959,0
1754917200000,2025-08-11 13:00:00,0.6324,0.6327,0.6265,0.627,123446.61,1754918099999,77619.108241,1479,67989.73,42768.63297,0
1754918100000,2025-08-11 13:15:00,0.6272,0.6297,0.6251,0.6255,111765.52,1754918999999,70070.107981,1137,56826.12,35633.28936,0
1754919000000,2025-08-11 13:30:00,0.6256,0.6376,0.6256,0.6371,274216.24,1754919899999,173330.669224,2116,192659.03,121706.251892,0
1754919900000,2025-08-11 13:45:00,0.6371,0.641,0.6351,0.6375,255863.56,1754920799999,163357.682963,2394,156765.18,100155.477436,0
1754920800000,2025-08-11 14:00:00,0.6375,0.6416,0.6344,0.6362,190147.11,1754921699999,121366.369601,1498,53875.81,34396.166382,0
1754921700000,2025-08-11 14:15:00,0.6363,0.6392,0.6358,0.6386,87139.26,1754922599999,55582.922193,946,41160.52,26253.966265,0
1754922600000,2025-08-11 14:30:00,0.6385,0.643,0.6367,0.6369,104232.2,1754923499999,66765.335794,1183,48100.74,30785.936065,0
1754923500000,2025-08-11 14:45:00,0.6367,0.6379,0.6339,0.6367,57466.6,1754924399999,36564.729648,788,30041.24,19115.009928,0
1754924400000,2025-08-11 15:00:00,0.6368,0.6374,0.6325,0.6347,85231.26,1754925299999,54038.836776,936,27705.96,17573.887638,0
1754925300000,2025-08-11 15:15:00,0.6348,0.6382,0.6337,0.634,60372.58,1754926199999,38367.009855,831,30778.08,19565.846789,0
1754926200000,2025-08-11 15:30:00,0.634,0.6404,0.6332,0.6391,81323.13,1754927099999,51876.483055,800,29710.03,18947.571208,0
1754927100000,2025-08-11 15:45:00,0.639,0.6407,0.638,0.6404,126194.52,1754927999999,80633.445162,998,28380.66,18149.279689,0
1754928000000,2025-08-11 16:00:00,0.6405,0.6527,0.6405,0.6465,307270.91,1754928899999,199223.829108,3222,145876.53,94437.81615,0
1754928900000,2025-08-11 16:15:00,0.6466,0.6481,0.642,0.6447,66700.16,1754929799999,42998.805804,1146,27811.8,17929.376459,0
1754929800000,2025-08-11 16:30:00,0.6448,0.6457,0.6393,0.6393,79968.97,1754930699999,51419.91937,1191,36299.37,23329.984048,0
1754930700000,2025-08-11 16:45:00,0.6392,0.6449,0.639,0.6431,73946.4,1754931599999,47516.30462,931,33471.53,21516.380822,0
1754931600000,2025-08-11 17:00:00,0.643,0.6439,0.6411,0.6413,47603.91,1754932499999,30593.725301,603,17878.27,11490.540759,0
1754932500000,2025-08-11 17:15:00,0.6414,0.6414,0.6368,0.64,67974.98,1754933399999,43434.482544,952,31406.72,20070.488039,0
1754933400000,2025-08-11 17:30:00,0.6399,0.6399,0.6357,0.6382,112612.75,1754934299999,71755.42164,805,47678.52,30393.798403,0
1754934300000,2025-08-11 17:45:00,0.6382,0.6382,0.6346,0.6377,33000.35,1754935199999,20989.914777,558,9710.1,6179.287344,0
1754935200000,2025-08-11 18:00:00,0.6377,0.6377,0.6316,0.6368,69917.69,1754936099999,44382.320664,1149,37139.47,23564.137907,0
1754936100000,2025-08-11 18:15:00,0.6369,0.639,0.635,0.6385,41681.09,1754936999999,26575.479352,627,23564.3,15031.283569,0
1754937000000,2025-08-11 18:30:00,0.6385,0.6402,0.6357,0.6357,21570.85,1754937899999,13780.03635,423,13094.72,8369.369923,0
1754937900000,2025-08-11 18:45:00,0.6356,0.6394,0.6346,0.6375,23710.69,1754938799999,15120.247666,443,14100.72,8997.849409,0
1754938800000,2025-08-11 19:00:00,0.6374,0.6388,0.6361,0.6374,13067.75,1754939699999,8331.906835,308,6894.9,4397.589695,0
1754939700000,2025-08-11 19:15:00,0.6374,0.6377,0.636,0.6372,11608.91,1754940599999,7393.678005,275,4338.25,2762.623581,0
1754940600000,2025-08-11 19:30:00,0.6373,0.6389,0.6349,0.6353,30626.27,1754941499999,19505.058723,525,11760.38,7488.46038,0
1754941500000,2025-08-11 19:45:00,0.6354,0.6365,0.6284,0.6341,366600.36,1754942399999,231358.884891,2371,145137.92,91634.570694,0
1754942400000,2025-08-11 20:00:00,0.6341,0.6342,0.6305,0.6322,74372.67,1754943299999,47027.131315,1183,44521.86,28149.164399,0
1754943300000,2025-08-11 20:15:00,0.6322,0.634,0.6304,0.6328,50379.09,1754944199999,31828.513372,944,23241.72,14682.11585,0
1754944200000,2025-08-11 20:30:00,0.6327,0.6346,0.6308,0.6342,49321.85,1754945099999,31212.806048,781,25517.02,16146.084072,0
1754945100000,2025-08-11 20:45:00,0.6343,0.6359,0.633,0.634,53631.94,1754945999999,34025.41105,745,33112.71,21010.960676,0
1754946000000,2025-08-11 21:00:00,0.6339,0.6366,0.6328,0.6359,66101.23,1754946899999,41957.464377,760,37613.29,23879.534652,0
1754946900000,2025-08-11 21:15:00,0.6358,0.6358,0.6306,0.6309,38092.96,1754947799999,24108.493575,624,15934.57,10086.413845,0
1754947800000,2025-08-11 21:30:00,0.6309,0.631,0.6223,0.6261,154060.05,1754948699999,96404.962289,1481,67512.23,42233.495475,0
1754948700000,2025-08-11 21:45:00,0.6262,0.6275,0.6219,0.6275,60720.52,1754949599999,37871.926132,910,33231.83,20736.492585,0
1754949600000,2025-08-11 22:00:00,0.6276,0.6286,0.6219,0.6231,191985.46,1754950499999,120303.542418,1497,138131.09,86590.167321,0
1754950500000,2025-08-11 22:15:00,0.6232,0.6245,0.6193,0.6222,81797.42,1754951399999,50805.335178,1455,38236.26,23745.285846,0
1754951400000,2025-08-11 22:30:00,0.6222,0.6247,0.6205,0.6236,67576.76,1754952299999,42084.158849,978,21181.01,13194.117138,0
1754952300000,2025-08-11 22:45:00,0.6235,0.6252,0.6224,0.6252,123312.89,1754953199999,76974.50879,889,65794.29,41070.343303,0
1754953200000,2025-08-11 23:00:00,0.625,0.628,0.6234,0.6278,69301.56,1754954099999,43403.580065,1076,51544.84,32292.017377,0
1754954100000,2025-08-11 23:15:00,0.6277,0.6286,0.6261,0.6277,55160.87,1754954999999,34603.949532,913,35232.44,22101.313251,0
1754955000000,2025-08-11 23:30:00,0.6278,0.6291,0.6262,0.629,38373.21,1754955899999,24089.619373,690,26787.33,16813.547077,0
1754955900000,2025-08-11 23:45:00,0.629,0.6299,0.6267,0.6268,179777.63,1754956799999,113103.501762,717,156050.27,98199.15378,0
1754956800000,2025-08-12 00:00:00,0.6268,0.6303,0.6258,0.6283,114108.35,1754957699999,71702.497932,1230,77402.93,48659.507179,0
1754957700000,2025-08-12 00:15:00,0.6282,0.6328,0.628,0.6306,76240.87,1754958599999,48053.718572,1206,34169.78,21534.473131,0
1754958600000,2025-08-12 00:30:00,0.6305,0.6306,0.6281,0.6293,54982.7,1754959499999,34606.180584,854,29975.98,18866.448915,0
1754959500000,2025-08-12 00:45:00,0.6292,0.6369,0.6292,0.6345,88110.47,1754960399999,55834.096328,1273,55190.56,34986.986893,0
1754960400000,2025-08-12 01:00:00,0.6344,0.6373,0.6326,0.6347,97595.39,1754961299999,61950.151397,1268,46969.46,29829.865997,0
1754961300000,2025-08-12 01:15:00,0.6348,0.636,0.6335,0.636,121557.87,1754962199999,77182.256555,638,89798.54,57021.000576,0
1754962200000,2025-08-12 01:30:00,0.636,0.6374,0.6345,0.6373,20307.24,1754963099999,12907.89834,342,5582.42,3551.016979,0
1754963100000,2025-08-12 01:45:00,0.6373,0.6381,0.6356,0.6368,35812.96,1754963999999,22812.5493,498,20177.63,12851.770456,0
1754964000000,2025-08-12 02:00:00,0.6369,0.638,0.6346,0.636,46397.23,1754964899999,29522.414467,648,23195.68,14751.904928,0
1754964900000,2025-08-12 02:15:00,0.6361,0.6403,0.6352,0.6401,39293.19,1754965799999,25059.694226,607,28035.61,17890.593851,0
1754965800000,2025-08-12 02:30:00,0.6401,0.6447,0.6398,0.6403,141318.38,1754966699999,90730.007992,1201,52637.9,33803.803468,0
1754966700000,2025-08-12 02:45:00,0.6403,0.6403,0.6373,0.638,42469.35,1754967599999,27128.904568,558,22891.74,14626.83741,0
1754967600000,2025-08-12 03:00:00,0.6379,0.6388,0.6355,0.6362,51957.9,1754968499999,33097.326462,617,25186.28,16045.064106,0
1754968500000,2025-08-12 03:15:00,0.6361,0.6367,0.6341,0.635,50404.74,1754969399999,32044.920476,737,28167.82,17907.136006,0
1754969400000,2025-08-12 03:30:00,0.635,0.6396,0.635,0.6374,135842.15,1754970299999,86768.403298,835,47173.19,30109.575433,0
1754970300000,2025-08-12 03:45:00,0.6372,0.6404,0.6361,0.6394,210743.53,1754971199999,134725.84155,1126,149077.58,95322.43027,0
1754971200000,2025-08-12 04:00:00,0.6392,0.6443,0.6385,0.6434,400465.14,1754972099999,256735.014053,2014,296066.96,189809.2067,0
1754972100000,2025-08-12 04:15:00,0.6433,0.6433,0.6403,0.6427,39644.29,1754972999999,25449.409137,580,15542.72,9973.437377,0
1754973000000,2025-08-12 04:30:00,0.6427,0.6441,0.6413,0.6415,59251.7,1754973899999,38082.508154,856,26239.87,16871.104156,0
1754973900000,2025-08-12 04:45:00,0.6414,0.6445,0.6405,0.6435,46157.37,1754974799999,29666.617333,664,34075.29,21898.482683,0
1754974800000,2025-08-12 05:00:00,0.6434,0.6434,0.6369,0.6372,110155.97,1754975699999,70367.706756,1408,35505.9,22685.664095,0
1754975700000,2025-08-12 05:15:00,0.6373,0.6382,0.6336,0.6342,63969.44,1754976599999,40639.165731,947,26553.54,16869.998724,0
1754976600000,2025-08-12 05:30:00,0.6341,0.6345,0.6313,0.6321,114943.45,1754977499999,72756.359988,724,54336.81,34381.477373,0
1754977500000,2025-08-12 05:45:00,0.6322,0.6354,0.6319,0.6342,30826.67,1754978399999,19536.609189,498,18089.88,11462.908935,0
1754978400000,2025-08-12 06:00:00,0.6341,0.6353,0.6314,0.6314,40890.62,1754979299999,25930.688131,658,21144.41,13412.961042,0
1754979300000,2025-08-12 06:15:00,0.6314,0.6382,0.6285,0.6374,74868.39,1754980199999,47435.253945,1249,38844.16,24606.941341,0
1754980200000,2025-08-12 06:30:00,0.6374,0.6389,0.6348,0.6362,52138.12,1754981099999,33208.11405,822,34452.72,21945.729594,0
1754981100000,2025-08-12 06:45:00,0.6363,0.6371,0.6347,0.635,42332.11,1754981999999,26910.253293,619,14455.63,9190.321849,0
1754982000000,2025-08-12 07:00:00,0.6351,0.6409,0.6347,0.6384,82343.45,1754982899999,52553.668839,836,52165.48,33309.379114,0
1754982900000,2025-08-12 07:15:00,0.6386,0.6404,0.6379,0.638,39092.58,1754983799999,24978.093842,509,25817.86,16493.790323,0
1754983800000,2025-08-12 07:30:00,0.6381,0.6458,0.6381,0.6458,90327.85,1754984699999,58109.6277,1045,54583.17,35125.137094,0
1754984700000,2025-08-12 07:45:00,0.6458,0.6483,0.6448,0.6479,121723.35,1754985599999,78738.739975,1094,65959.86,42665.142412,0
1754985600000,2025-08-12 08:00:00,0.648,0.6481,0.6433,0.6436,84841.65,1754986499999,54722.102284,1068,28003.47,18062.76445,0
1754986500000,2025-08-12 08:15:00,0.6435,0.645,0.6401,0.6404,71621.65,1754987399999,46085.451073,1045,26646.64,17140.461229,0
1754987400000,2025-08-12 08:30:00,0.6404,0.6429,0.6382,0.6429,40898.75,1754988299999,26162.983499,856,28057.65,17947.473234,0
1754988300000,2025-08-12 08:45:00,0.6428,0.6447,0.6373,0.6373,59534.21,1754989199999,38226.729698,888,25100.23,16122.422409,0
1754989200000,2025-08-12 09:00:00,0.6375,0.6382,0.6308,0.6308,160618.59,1754990099999,101802.36924,1256,107534.31,68144.878977,0
1754990100000,2025-08-12 09:15:00,0.6307,0.6337,0.6304,0.6334,199174.01,1754990999999,125881.185034,953,117600.44,74322.106726,0
1754991000000,2025-08-12 09:30:00,0.6333,0.6333,0.6304,0.6316,110324.16,1754991899999,69657.424415,658,54787.49,34590.618927,0
1754991900000,2025-08-12 09:45:00,0.6316,0.6326,0.6296,0.6311,44349.33,1754992799999,27995.664009,512,22132.44,13972.702788,0
1754992800000,2025-08-12 10:00:00,0.631,0.6317,0.6277,0.6288,156542.92,1754993699999,98395.657182,957,57305.89,36012.098529,0
1754993700000,2025-08-12 10:15:00,0.6289,0.6295,0.6267,0.6277,233448.88,1754994599999,146504.825397,976,167451.79,105066.927534,0
1754994600000,2025-08-12 10:30:00,0.6279,0.6291,0.6246,0.6264,43368.22,1754995499999,27186.575217,717,16009.05,10037.409406,0
1754995500000,2025-08-12 10:45:00,0.6265,0.629,0.6262,0.6264,14897.19,1754996399999,9344.118245,468,6980.68,4380.873559,0
1754996400000,2025-08-12 11:00:00,0.6265,0.6273,0.6211,0.6224,106607.18,1754997299999,66547.086944,1166,46768.26,29195.349177,0
1754997300000,2025-08-12 11:15:00,0.6225,0.6265,0.6225,0.6264,45311.47,1754998199999,28315.005063,725,30109.72,18814.325463,0
1754998200000,2025-08-12 11:30:00,0.6265,0.6327,0.6265,0.6305,90356.6,1754999099999,56923.360651,734,37767.41,23778.500456,0
1754999100000,2025-08-12 11:45:00,0.6304,0.64,0.6303,0.6384,300946.06,1754999999999,191622.966274,1717,234006.98,149025.774494,0
1755000000000,2025-08-12 12:00:00,0.6383,0.6397,0.6365,0.6372,73341.54,1755000899999,46801.741723,992,30019.48,19157.187128,0
1755000900000,2025-08-12 12:15:00,0.6371,0.6501,0.6371,0.6501,159476.85,1755001799999,102790.93836,1291,93815.66,60566.052864,0
1755001800000,2025-08-12 12:30:00,0.6501,0.6629,0.6501,0.6589,901449.4,1755002699999,592644.355441,6879,440122.1,289161.969797,0
1755002700000,2025-08-12 12:45:00,0.659,0.6628,0.6546,0.6578,375248.33,1755003599999,247417.744429,2637,145327.97,95859.781848,0
1755003600000,2025-08-12 13:00:00,0.6579,0.6582,0.6505,0.6548,190339.28,1755004499999,124382.91685,2184,87546.19,57213.728862,0
1755004500000,2025-08-12 13:15:00,0.6548,0.6593,0.6532,0.6589,80216.46,1755005399999,52658.774414,1312,44645.08,29316.925244,0
1755005400000,2025-08-12 13:30:00,0.6589,0.6601,0.6488,0.6491,162629.8,1755006299999,106477.691538,2441,74382.9,48719.819713,0
1755006300000,2025-08-12 13:45:00,0.649,0.6508,0.6439,0.6498,191038.71,1755007199999,123731.843307,2271,121541.06,78769.785649,0
1755007200000,2025-08-12 14:00:00,0.6497,0.654,0.6484,0.6524,65023.59,1755008099999,42333.06768,1176,31800.7,20706.309334,0
1755008100000,2025-08-12 14:15:00,0.6525,0.655,0.6492,0.6539,53015.49,1755008999999,34561.563973,960,29111.17,18977.583978,0
1755009000000,2025-08-12 14:30:00,0.654,0.656,0.6525,0.6552,44861.53,1755009899999,29362.877933,861,20552.82,13450.610563,0
1755009900000,2025-08-12 14:45:00,0.6551,0.6577,0.6535,0.6559,101968.49,1755010799999,66847.347849,933,38198.88,25053.051395,0
1755010800000,2025-08-12 15:00:00,0.6558,0.6607,0.6558,0.6593,87133.74,1755011699999,57362.070994,1238,56248.19,37024.363548,0
1755011700000,2025-08-12 15:15:00,0.6593,0.6645,0.6587,0.6629,398616.82,1755012599999,264112.095324,1667,208599.82,138206.810067,0
1755012600000,2025-08-12 15:30:00,0.663,0.6683,0.663,0.6663,292289.43,1755013499999,194587.159298,2093,182274.82,121345.831131,0
1755013500000,2025-08-12 15:45:00,0.6665,0.6699,0.6652,0.6693,100005.33,1755014399999,66741.494371,1245,53860.51,35951.526777,0
1755014400000,2025-08-12 16:00:00,0.6694,0.6702,0.6677,0.669,173678.19,1755015299999,116198.712448,1560,97129.27,64991.566185,0
1755015300000,2025-08-12 16:15:00,0.6689,0.6712,0.6663,0.6687,118262.09,1755016199999,79105.758666,1401,49831.56,33339.521306,0
1755016200000,2025-08-12 16:30:00,0.6687,0.6689,0.6636,0.664,104263.62,1755017099999,69405.777439,1348,58171.69,38727.179732,0
1755017100000,2025-08-12 16:45:00,0.6639,0.6696,0.6638,0.6692,110396.41,1755017999999,73546.457695,903,78319.63,52189.344682,0
1755018000000,2025-08-12 17:00:00,0.6692,0.6707,0.6671,0.6671,102055.36,1755018899999,68277.501911,927,43618.17,29183.467973,0
1755018900000,2025-08-12 17:15:00,0.6671,0.6727,0.6671,0.6688,143151.46,1755019799999,95960.382166,1382,80661.13,54051.294335,0
1755019800000,2025-08-12 17:30:00,0.6688,0.672,0.6668,0.6681,117410.57,1755020699999,78662.518324,1084,58631.43,39289.771876,0
1755020700000,2025-08-12 17:45:00,0.668,0.6695,0.6668,0.6678,62040.89,1755021599999,41421.553371,623,27800.95,18562.564568,0
1755021600000,2025-08-12 18:00:00,0.6678,0.6696,0.6651,0.6695,87334.83,1755022499999,58286.209159,895,47978.09,32036.407859,0
1755022500000,2025-08-12 18:15:00,0.6694,0.6719,0.6687,0.6701,134823.57,1755023399999,90372.2884,989,75351.0,50532.377401,0
1755023400000,2025-08-12 18:30:00,0.6702,0.6703,0.6672,0.6691,43002.21,1755024299999,28758.812241,554,28772.35,19243.79748,0
1755024300000,2025-08-12 18:45:00,0.6692,0.6692,0.6663,0.6676,38225.36,1755025199999,25523.51715,485,25064.51,16732.365369,0
1755025200000,2025-08-12 19:00:00,0.6676,0.6681,0.6657,0.6662,18700.05,1755026099999,12469.172325,440,9883.0,6590.209256,0
1755026100000,2025-08-12 19:15:00,0.6662,0.6708,0.6662,0.6681,37513.94,1755026999999,25103.419682,583,27266.22,18245.021328,0
1755027000000,2025-08-12 19:30:00,0.6679,0.6699,0.667,0.6681,25898.18,1755027899999,17317.039808,498,11509.39,7696.344966,0
1755027900000,2025-08-12 19:45:00,0.6681,0.6709,0.6681,0.6695,37016.36,1755028799999,24794.817567,483,28129.47,18845.976103,0
1755028800000,2025-08-12 20:00:00,0.6697,0.6737,0.6697,0.6737,78932.64,1755029699999,53027.194224,816,52643.73,35379.705288,0
1755029700000,2025-08-12 20:15:00,0.6738,0.6809,0.6738,0.6782,140024.88,1755030599999,94958.472442,1701,84238.63,57111.89585,0
1755030600000,2025-08-12 20:30:00,0.6781,0.679,0.6767,0.6771,59696.55,1755031499999,40475.546603,782,31925.99,21650.386114,0
1755031500000,2025-08-12 20:45:00,0.6771,0.6801,0.6756,0.6799,60197.02,1755032399999,40788.056,828,29853.16,20233.020907,0
1755032400000,2025-08-12 21:00:00,0.6798,0.6798,0.6752,0.6767,80484.79,1755033299999,54463.579673,780,48127.03,32567.600315,0
1755033300000,2025-08-12 21:15:00,0.6766,0.6769,0.675,0.6765,80589.26,1755034199999,54443.867983,498,35868.7,24227.706809,0
1755034200000,2025-08-12 21:30:00,0.6766,0.6777,0.674,0.6757,107036.58,1755035099999,72261.267883,579,22396.69,15133.036808,0
1755035100000,2025-08-12 21:45:00,0.6759,0.676,0.6708,0.6722,65916.54,1755035999999,44337.160979,358,18499.58,12428.313543,0
1755036000000,2025-08-12 22:00:00,0.6721,0.6737,0.6701,0.6726,30567.64,1755036899999,20531.874918,865,16477.94,11067.797928,0
1755036900000,2025-08-12 22:15:00,0.6727,0.6743,0.6714,0.672,21760.62,1755037799999,14642.016614,507,12526.29,8431.053625,0
1755037800000,2025-08-12 22:30:00,0.672,0.6724,0.6705,0.6717,21318.52,1755038699999,14312.848471,516,10730.79,7205.17743,0
1755038700000,2025-08-12 22:45:00,0.6716,0.6728,0.6708,0.6717,89648.54,1755039599999,60272.227108,411,66525.93,44726.447393,0
1755039600000,2025-08-12 23:00:00,0.6718,0.6728,0.6689,0.6689,130735.87,1755040499999,87679.707229,586,56185.57,37697.195035,0
1755040500000,2025-08-12 23:15:00,0.6689,0.6719,0.6681,0.6711,133424.81,1755041399999,89427.208091,718,94016.52,63027.545562,0
1755041400000,2025-08-12 23:30:00,0.671,0.6737,0.671,0.6727,133447.83,1755042299999,89671.629899,755,93075.41,62529.407069,0
1755042300000,2025-08-12 23:45:00,0.6726,0.6744,0.6714,0.673,69766.08,1755043199999,46918.234529,672,34634.37,23290.00298,0
1755043200000,2025-08-13 00:00:00,0.6729,0.6767,0.6726,0.6765,126991.03,1755044099999,85650.209459,977,75348.19,50861.587454,0
1755044100000,2025-08-13 00:15:00,0.6764,0.6771,0.674,0.6752,148655.47,1755044999999,100433.873614,679,30119.11,20365.271483,0
1755045000000,2025-08-13 00:30:00,0.6753,0.68,0.6752,0.68,67720.51,1755045899999,45921.774031,926,45750.16,31016.889827,0
1755045900000,2025-08-13 00:45:00,0.6801,0.6815,0.6775,0.6782,98474.34,1755046799999,66916.706858,1045,51122.37,34740.02494,0
1755046800000,2025-08-13 01:00:00,0.6783,0.6784,0.669,0.67,109217.79,1755047699999,73508.468262,1324,48008.12,32305.817751,0
1755047700000,2025-08-13 01:15:00,0.6701,0.675,0.6701,0.6738,108839.03,1755048599999,73217.098667,948,46866.18,31522.836185,0
1755048600000,2025-08-13 01:30:00,0.6737,0.6737,0.6659,0.6662,258593.65,1755049499999,172612.045056,912,162695.87,108594.038071,0
1755049500000,2025-08-13 01:45:00,0.6662,0.6689,0.6662,0.6674,54474.66,1755050399999,36373.472491,511,13521.11,9029.515312,0
1755050400000,2025-08-13 02:00:00,0.6673,0.6673,0.6635,0.6642,82746.32,1755051299999,55009.017136,1002,31055.41,20647.589388,0
1755051300000,2025-08-13 02:15:00,0.6643,0.6662,0.6631,0.6656,39225.9,1755052199999,26075.473558,710,21577.31,14340.947469,0
1755052200000,2025-08-13 02:30:00,0.6655,0.6696,0.6643,0.6696,83168.63,1755053099999,55397.26715,754,59201.75,39443.75801,0
1755053100000,2025-08-13 02:45:00,0.6696,0.6728,0.6687,0.672,37531.94,1755053999999,25189.194371,676,21287.96,14296.092032,0
1755054000000,2025-08-13 03:00:00,0.6721,0.6765,0.6698,0.6704,94792.04,1755054899999,63836.042268,1225,56756.77,38229.549885,0
1755054900000,2025-08-13 03:15:00,0.6705,0.6731,0.6705,0.6717,32453.83,1755055799999,21808.60624,628,17264.75,11601.822925,0
1755055800000,2025-08-13 03:30:00,0.6716,0.6771,0.6709,0.6767,35532.4,1755056699999,23961.891214,598,17839.33,12041.207018,0
1755056700000,2025-08-13 03:45:00,0.6766,0.6776,0.6726,0.674,31150.94,1755057599999,21034.484836,690,14824.75,10012.439013,0
1755057600000,2025-08-13 04:00:00,0.6739,0.6764,0.6732,0.6737,71986.5,1755058499999,48581.859092,897,26598.02,17952.412472,0
1755058500000,2025-08-13 04:15:00,0.6738,0.6767,0.6728,0.6749,39828.21,1755059399999,26883.167077,625,20509.9,13840.246554,0
1755059400000,2025-08-13 04:30:00,0.675,0.6757,0.6717,0.6729,54616.73,1755060299999,36816.182458,713,22203.07,14973.576172,0
1755060300000,2025-08-13 04:45:00,0.6728,0.6753,0.6709,0.6735,51068.56,1755061199999,34319.124394,544,11767.19,7921.889903,0
1755061200000,2025-08-13 05:00:00,0.6735,0.6747,0.6719,0.6742,20066.92,1755062099999,13514.661303,429,8825.25,5942.414567,0
1755062100000,2025-08-13 05:15:00,0.6742,0.6746,0.6721,0.6742,52891.26,1755062999999,35607.995258,469,22061.89,14851.360565,0
1755063000000,2025-08-13 05:30:00,0.6741,0.6746,0.6689,0.6702,101846.63,1755063899999,68411.280307,1031,42957.15,28885.302656,0
1755063900000,2025-08-13 05:45:00,0.6702,0.6707,0.6671,0.6671,44640.61,1755064799999,29830.865012,698,16992.68,11351.039101,0
1755064800000,2025-08-13 06:00:00,0.6671,0.6686,0.6643,0.6673,55485.16,1755065699999,36985.98853,772,29148.99,19439.992269,0
1755065700000,2025-08-13 06:15:00,0.6673,0.6675,0.6634,0.6648,40678.58,1755066599999,27078.560519,688,21181.37,14099.86983,0
1755066600000,2025-08-13 06:30:00,0.6649,0.6696,0.6649,0.668,110096.39,1755067499999,73513.70819,748,30119.37,20111.493216,0
1755067500000,2025-08-13 06:45:00,0.6681,0.6722,0.6681,0.6689,25597.05,1755068399999,17160.34017,511,16589.21,11123.001715,0
1755068400000,2025-08-13 07:00:00,0.6689,0.6724,0.6689,0.6708,42890.56,1755069299999,28795.948116,807,24468.15,16425.413613,0
1755069300000,2025-08-13 07:15:00,0.6707,0.6743,0.6706,0.6732,55225.12,1755070199999,37179.124969,677,18502.6,12454.095386,0
1755070200000,2025-08-13 07:30:00,0.6733,0.6763,0.6719,0.676,34977.78,1755071099999,23571.256222,507,20084.3,13543.012849,0
1755071100000,2025-08-13 07:45:00,0.6759,0.6803,0.675,0.6803,96766.25,1755071999999,65629.588879,943,71986.76,48855.365224,0
1755072000000,2025-08-13 08:00:00,0.6802,0.687,0.6787,0.687,223497.63,1755072899999,152744.552868,1403,91169.51,62368.997025,0
1755072900000,2025-08-13 08:15:00,0.6871,0.6921,0.6859,0.6921,229943.4,1755073799999,158291.783486,1581,130967.78,90200.824637,0
1755073800000,2025-08-13 08:30:00,0.6922,0.6934,0.6905,0.6905,141118.31,1755074699999,97682.784833,1098,48236.61,33394.02765,0
1755074700000,2025-08-13 08:45:00,0.6906,0.6926,0.6885,0.6917,140694.58,1755075599999,97171.787263,1046,65148.63,44966.165833,0
1755075600000,2025-08-13 09:00:00,0.6917,0.6958,0.6908,0.695,400577.48,1755076499999,277948.801689,1303,281606.14,195517.016968,0
1755076500000,2025-08-13 09:15:00,0.6949,0.6998,0.6931,0.6975,435237.64,1755077399999,303363.245244,1720,339229.21,236559.771111,0
1755077400000,2025-08-13 09:30:00,0.6974,0.7013,0.6953,0.6956,240648.45,1755078299999,168158.529375,1428,153088.52,107014.888034,0
1755078300000,2025-08-13 09:45:00,0.6956,0.7031,0.6956,0.7025,212516.97,1755079199999,148851.048677,1491,139730.25,97857.039464,0
1755079200000,2025-08-13 10:00:00,0.7026,0.708,0.7013,0.7065,190051.84,1755080099999,133905.188926,1718,117815.35,82981.069283,0
1755080100000,2025-08-13 10:15:00,0.7064,0.7096,0.7058,0.709,121638.2,1755080999999,86063.833244,1095,54947.12,38882.733871,0
1755081000000,2025-08-13 10:30:00,0.709,0.7119,0.7072,0.7117,204266.58,1755081899999,144871.109629,1119,135695.34,96251.851035,0
1755081900000,2025-08-13 10:45:00,0.7116,0.7163,0.7103,0.7152,309283.68,1755082799999,220699.710287,1622,124337.05,88744.826268,0
1755082800000,2025-08-13 11:00:00,0.7152,0.7221,0.7152,0.7219,380203.17,1755083699999,273312.164847,2331,229503.88,165034.001383,0
1755083700000,2025-08-13 11:15:00,0.7219,0.7224,0.7176,0.7206,275788.73,1755084599999,198460.170548,2013,122534.12,88220.136716,0
1755084600000,2025-08-13 11:30:00,0.7206,0.7307,0.7205,0.7304,333670.54,1755085499999,242476.682606,2629,205561.42,149400.609127,0
1755085500000,2025-08-13 11:45:00,0.7304,0.7422,0.7292,0.7396,764917.74,1755086399999,564430.603751,5840,406151.26,299670.15511,0
1755086400000,2025-08-13 12:00:00,0.7395,0.7425,0.727,0.7276,447846.0,1755087299999,329304.971788,3875,130846.87,96140.565318,0
1755087300000,2025-08-13 12:15:00,0.7277,0.7305,0.7233,0.7243,356962.24,1755088199999,259199.166232,2505,209069.86,151739.310861,0
1755088200000,2025-08-13 12:30:00,0.7243,0.7279,0.7228,0.727,200673.81,1755089099999,145475.204486,2290,103628.65,75122.816048,0
1755089100000,2025-08-13 12:45:00,0.727,0.7292,0.7229,0.7233,336842.29,1755089999999,244765.412488,2435,187594.26,136368.19183,0
1755090000000,2025-08-13 13:00:00,0.7234,0.7352,0.7234,0.7338,240618.24,1755090899999,175998.558966,2488,104312.6,76244.719623,0
1755090900000,2025-08-13 13:15:00,0.7337,0.7366,0.7295,0.7295,181457.96,1755091799999,133105.211484,1970,75977.82,55747.343278,0
1755091800000,2025-08-13 13:30:00,0.7294,0.7395,0.727,0.7305,423995.36,1755092699999,310959.767236,4112,209973.49,154005.866181,0
1755092700000,2025-08-13 13:45:00,0.7305,0.7441,0.7303,0.7364,604967.25,1755093599999,446894.978979,5084,302262.52,223426.027962,0
1755093600000,2025-08-13 14:00:00,0.7365,0.7395,0.7309,0.7353,238593.01,1755094499999,175444.499983,3136,128748.74,94683.771678,0
1755094500000,2025-08-13 14:15:00,0.7352,0.738,0.7247,0.7367,565909.2,1755095399999,414200.717401,5568,274520.12,200858.805018,0
1755095400000,2025-08-13 14:30:00,0.7367,0.7427,0.7347,0.7415,347825.05,1755096299999,256908.803439,3256,187918.03,138871.706004,0
1755096300000,2025-08-13 14:45:00,0.7413,0.7413,0.7264,0.7268,331314.68,1755097199999,242992.646719,3415,142813.18,104606.533051,0
1755097200000,2025-08-13 15:00:00,0.7268,0.7321,0.7204,0.7316,303539.16,1755098099999,220606.494812,3592,165338.87,120237.728829,0
1755098100000,2025-08-13 15:15:00,0.7315,0.7389,0.7245,0.7356,346349.92,1755098999999,253757.630946,3882,183014.49,134154.488123,0
1755099000000,2025-08-13 15:30:00,0.7357,0.7431,0.7349,0.7417,250779.09,1755099899999,185237.14123,2768,139888.83,103357.71594,0
1755099900000,2025-08-13 15:45:00,0.7418,0.7432,0.7327,0.7369,134883.33,1755100799999,99537.012801,1966,48398.9,35695.161647,0
1755100800000,2025-08-13 16:00:00,0.7369,0.7452,0.7357,0.741,374811.58,1755101699999,277926.027244,3081,232861.8,172789.997549,0
1755101700000,2025-08-13 16:15:00,0.741,0.7598,0.741,0.7549,881656.82,1755102599999,663872.221276,7255,467554.93,351671.720513,0
1755102600000,2025-08-13 16:30:00,0.7548,0.7561,0.7211,0.7244,1249760.29,1755103499999,920250.460203,9997,597813.32,438943.996565,0
1755103500000,2025-08-13 16:45:00,0.7245,0.7259,0.7191,0.7223,379648.31,1755104399999,273864.93211,3211,137012.11,98901.20572,0
1755104400000,2025-08-13 17:00:00,0.7223,0.7284,0.7223,0.7253,174177.54,1755105299999,126414.541439,2284,99663.71,72349.876269,0
1755105300000,2025-08-13 17:15:00,0.7253,0.7348,0.7252,0.7325,173168.32,1755106199999,126770.304097,2048,109394.66,80114.698959,0
1755106200000,2025-08-13 17:30:00,0.7326,0.7387,0.7319,0.7375,168031.29,1755107099999,123588.488305,1637,88165.43,64858.295027,0
1755107100000,2025-08-13 17:45:00,0.7375,0.7407,0.7374,0.7388,119153.7,1755107999999,88058.67961,1630,66602.76,49223.58467,0
1755108000000,2025-08-13 18:00:00,0.7387,0.7397,0.7316,0.7347,168917.28,1755108899999,124315.477811,1629,79611.1,58602.358004,0
1755108900000,2025-08-13 18:15:00,0.7348,0.7354,0.7317,0.7338,64698.71,1755109799999,47452.921595,1153,28344.52,20786.284034,0
1755109800000,2025-08-13 18:30:00,0.7339,0.7363,0.7284,0.7305,144551.6,1755110699999,105792.746978,1867,67489.51,49426.115268,0
1755110700000,2025-08-13 18:45:00,0.7306,0.732,0.7282,0.7293,72322.44,1755111599999,52743.776774,986,31507.87,22986.050944,0
1755111600000,2025-08-13 19:00:00,0.7292,0.7322,0.7274,0.7291,92571.71,1755112499999,67554.338529,1268,47985.0,35013.803866,0
1755112500000,2025-08-13 19:15:00,0.729,0.7325,0.7287,0.7323,91498.03,1755113399999,66914.748983,1131,31481.22,23018.058568,0
1755113400000,2025-08-13 19:30:00,0.7324,0.733,0.7278,0.728,73406.49,1755114299999,53541.476541,866,39012.31,28463.762493,0
1755114300000,2025-08-13 19:45:00,0.728,0.7335,0.728,0.7333,57327.21,1755115199999,41852.410632,957,34452.87,25169.419581,0
1755115200000,2025-08-13 20:00:00,0.7333,0.7346,0.7282,0.7295,57819.92,1755116099999,42209.104451,1004,29638.46,21624.895994,0
1755116100000,2025-08-13 20:15:00,0.7294,0.7329,0.7292,0.7327,49166.88,1755116999999,35925.700426,793,30482.8,22272.581057,0
1755117000000,2025-08-13 20:30:00,0.7328,0.741,0.7328,0.739,82408.0,1755117899999,60780.296274,894,68477.18,50501.376531,0
1755117900000,2025-08-13 20:45:00,0.7389,0.7395,0.7339,0.7374,138784.47,1755118799999,102246.947414,1407,69502.34,51216.838537,0
1755118800000,2025-08-13 21:00:00,0.7374,0.7409,0.7362,0.7375,104275.32,1755119699999,77042.893709,1174,58041.05,42903.945543,0
1755119700000,2025-08-13 21:15:00,0.7377,0.7405,0.7376,0.7384,45415.91,1755120599999,33554.867181,598,26637.92,19679.508306,0
1755120600000,2025-08-13 21:30:00,0.7383,0.75,0.7381,0.7431,266961.83,1755121499999,199103.481898,1588,142071.35,105964.059981,0
1755121500000,2025-08-13 21:45:00,0.7431,0.7465,0.7397,0.7426,123317.86,1755122399999,91715.133432,1134,19797.42,14714.583721,0
1755122400000,2025-08-13 22:00:00,0.7425,0.7425,0.7377,0.7395,143574.34,1755123299999,106238.841899,1666,55215.53,40852.116815,0
1755123300000,2025-08-13 22:15:00,0.7393,0.7397,0.7369,0.7391,80453.49,1755124199999,59405.405335,1071,43019.76,31761.450929,0
1755124200000,2025-08-13 22:30:00,0.7391,0.7456,0.7386,0.7429,670435.39,1755125099999,498635.093291,2767,254547.58,189117.423384,0
1755125100000,2025-08-13 22:45:00,0.7429,0.7507,0.7421,0.7469,202381.4,1755125999999,151245.130715,2239,126599.11,94610.182678,0
1755126000000,2025-08-13 23:00:00,0.7468,0.7503,0.7441,0.7447,179864.23,1755126899999,134452.61709,2067,76652.75,57317.319809,0
1755126900000,2025-08-13 23:15:00,0.7447,0.7449,0.7394,0.7405,119460.37,1755127799999,88549.561309,1324,65888.94,48834.916422,0
1755127800000,2025-08-13 23:30:00,0.7404,0.7457,0.7394,0.7421,74151.77,1755128699999,55000.094676,1199,33937.18,25182.604912,0
1755128700000,2025-08-13 23:45:00,0.742,0.742,0.7384,0.739,49391.18,1755129599999,36550.948618,797,9990.05,7393.798964,0
1755129600000,2025-08-14 00:00:00,0.7389,0.7453,0.738,0.7391,214660.53,1755130499999,159172.807003,1707,130993.51,97196.25998,0
1755130500000,2025-08-14 00:15:00,0.739,0.743,0.737,0.7422,151236.37,1755131399999,111946.153187,1519,66778.75,49449.209719,0
1755131400000,2025-08-14 00:30:00,0.7422,0.7465,0.7361,0.7377,248606.76,1755132299999,184740.200308,2172,159511.51,118667.170664,0
1755132300000,2025-08-14 00:45:00,0.7378,0.7395,0.7331,0.7336,199820.93,1755133199999,146876.015322,1527,41256.58,30339.280658,0
1755133200000,2025-08-14 01:00:00,0.7335,0.735,0.7306,0.734,130611.66,1755134099999,95657.482982,1761,55095.86,40346.15047,0
1755134100000,2025-08-14 01:15:00,0.734,0.7407,0.734,0.7395,84274.13,1755134999999,62206.716818,1461,43050.75,31784.808414,0
1755135000000,2025-08-14 01:30:00,0.7395,0.7459,0.7386,0.7443,99820.44,1755135899999,74227.283053,1232,37414.1,27812.840656,0
1755135900000,2025-08-14 01:45:00,0.7443,0.7471,0.7423,0.747,151472.33,1755136799999,112783.408815,1197,96565.53,71913.606528,0
1755136800000,2025-08-14 02:00:00,0.7468,0.7476,0.7442,0.7458,101527.01,1755137699999,75718.246725,1067,35610.47,26556.380408,0
1755137700000,2025-08-14 02:15:00,0.7459,0.7496,0.7421,0.7491,97200.25,1755138599999,72522.761211,1221,49562.8,36979.745961,0
1755138600000,2025-08-14 02:30:00,0.749,0.7493,0.7455,0.7491,119287.22,1755139499999,89192.84417,1371,70621.31,52804.241926,0
1755139500000,2025-08-14 02:45:00,0.7492,0.7513,0.747,0.7505,98708.16,1755140399999,74011.335846,1234,50217.13,37654.027672,0
1755140400000,2025-08-14 03:00:00,0.7505,0.752,0.747,0.7474,94011.74,1755141299999,70493.14632,1068,45686.36,34265.091118,0
1755141300000,2025-08-14 03:15:00,0.7474,0.7496,0.7451,0.7465,68417.15,1755142199999,51117.087789,745,32256.09,24092.652999,0
1755142200000,2025-08-14 03:30:00,0.7465,0.7479,0.7452,0.747,64634.75,1755143099999,48248.290673,879,32318.69,24127.325123,0
1755143100000,2025-08-14 03:45:00,0.747,0.7486,0.745,0.7454,105803.91,1755143999999,79010.589676,1019,57527.75,42987.943041,0
1755144000000,2025-08-14 04:00:00,0.7453,0.7467,0.7428,0.7462,102641.74,1755144899999,76438.975511,1119,35871.87,26714.787211,0
1755144900000,2025-08-14 04:15:00,0.7463,0.7465,0.742,0.7441,50780.89,1755145799999,37771.569355,735,26700.38,19858.034889,0
1755145800000,2025-08-14 04:30:00,0.7441,0.7441,0.7391,0.7431,160749.63,1755146699999,119218.710646,1385,71164.54,52796.43049,0
1755146700000,2025-08-14 04:45:00,0.7432,0.7442,0.7392,0.7392,114213.28,1755147599999,84715.43369,1167,56874.92,42209.501176,0
1755147600000,2025-08-14 05:00:00,0.7393,0.7415,0.737,0.7391,96464.0,1755148499999,71378.278893,1038,48878.47,36172.08001,0
1755148500000,2025-08-14 05:15:00,0.7392,0.742,0.7384,0.7411,88089.81,1755149399999,65249.724674,839,42311.24,31348.624821,0
1755149400000,2025-08-14 05:30:00,0.7411,0.7454,0.7376,0.7383,85336.26,1755150299999,63292.49931,1151,40257.93,29853.232924,0
1755150300000,2025-08-14 05:45:00,0.7383,0.7387,0.7346,0.7354,143545.69,1755151199999,105672.818407,1124,56888.59,41869.631323,0
1755151200000,2025-08-14 06:00:00,0.7353,0.7353,0.7288,0.73,237384.51,1755152099999,173580.681489,2132,103421.27,75653.234454,0
1755152100000,2025-08-14 06:15:00,0.7301,0.7309,0.7259,0.728,208219.78,1755152999999,151635.513318,1765,104947.98,76434.484386,0
1755153000000,2025-08-14 06:30:00,0.7279,0.7378,0.7274,0.7367,442238.98,1755153899999,324950.391165,2027,243615.38,178961.583064,0
1755153900000,2025-08-14 06:45:00,0.7367,0.7386,0.7345,0.737,210734.19,1755154799999,155133.565687,1171,83399.79,61420.744899,0
1755154800000,2025-08-14 07:00:00,0.737,0.737,0.7214,0.7226,651472.87,1755155699999,472267.041593,2048,354051.21,256019.477879,0
1755155700000,2025-08-14 07:15:00,0.7226,0.7257,0.7224,0.7255,126065.93,1755156599999,91270.117926,998,47598.21,34464.936511,0
1755156600000,2025-08-14 07:30:00,0.7254,0.7278,0.7225,0.7244,114769.62,1755157499999,83210.939429,1133,33337.44,24167.252245,0
1755157500000,2025-08-14 07:45:00,0.7245,0.7247,0.7215,0.7227,110702.4,1755158399999,80020.37652,982,52224.32,37754.945057,0
1755158400000,2025-08-14 08:00:00,0.7229,0.7235,0.7154,0.7164,212184.78,1755159299999,152512.363776,2051,113080.42,81305.868414,0
1755159300000,2025-08-14 08:15:00,0.7164,0.7183,0.7139,0.7168,281600.39,1755160199999,201735.8425,1538,107571.14,77106.317319,0
1755160200000,2025-08-14 08:30:00,0.7168,0.7174,0.7095,0.7116,269106.95,1755161099999,192083.504227,1573,97390.67,69480.407857,0
1755161100000,2025-08-14 08:45:00,0.7115,0.7144,0.7108,0.7133,74821.61,1755161999999,53312.395461,711,44342.69,31599.142617,0
1755162000000,2025-08-14 09:00:00,0.7133,0.715,0.7101,0.715,143043.42,1755162899999,101920.684583,1417,66057.89,47086.065945,0
1755162900000,2025-08-14 09:15:00,0.7149,0.7214,0.7132,0.7208,130451.52,1755163799999,93519.570714,1134,67394.35,48335.928532,0
1755163800000,2025-08-14 09:30:00,0.7207,0.7276,0.7175,0.7193,261911.99,1755164699999,189460.631531,1870,99397.07,71886.176918,0
1755164700000,2025-08-14 09:45:00,0.7194,0.7228,0.7193,0.7215,116857.67,1755165599999,84300.989966,1041,38478.58,27742.765621,0
1755165600000,2025-08-14 10:00:00,0.7214,0.7214,0.7145,0.715,163146.27,1755166499999,117052.70831,1294,56805.25,40795.730944,0
1755166500000,2025-08-14 10:15:00,0.715,0.7185,0.7149,0.7178,79210.07,1755167399999,56735.141959,980,50784.74,36379.473003,0
1755167400000,2025-08-14 10:30:00,0.7178,0.719,0.7061,0.7094,179178.49,1755168299999,127360.359517,2110,65278.17,46332.076004,0
1755168300000,2025-08-14 10:45:00,0.7095,0.7147,0.7095,0.711,220501.97,1755169199999,156980.827076,2606,67220.8,47860.667181,0
1755169200000,2025-08-14 11:00:00,0.711,0.7145,0.7103,0.7139,144561.88,1755170099999,102946.480599,1436,61763.73,43990.946983,0
1755170100000,2025-08-14 11:15:00,0.7139,0.7167,0.7133,0.7139,83312.96,1755170999999,59561.977786,1005,31635.47,22610.819519,0
1755171000000,2025-08-14 11:30:00,0.7138,0.7178,0.7127,0.7165,81617.83,1755171899999,58398.119048,899,40995.38,29329.02704,0
1755171900000,2025-08-14 11:45:00,0.7165,0.7173,0.7145,0.7163,80926.31,1755172799999,57920.258157,887,37843.98,27085.795282,0
1755172800000,2025-08-14 12:00:00,0.7162,0.7168,0.7144,0.7161,137271.39,1755173699999,98254.642256,992,46217.09,33074.575325,0
1755173700000,2025-08-14 12:15:00,0.7161,0.7197,0.7115,0.7191,85590.54,1755174599999,61311.637207,1258,47125.11,33779.78643,0
1755174600000,2025-08-14 12:30:00,0.7191,0.7192,0.6683,0.6976,1808956.85,1755175499999,1252664.25965,15172,804718.24,558063.535717,0
1755175500000,2025-08-14 12:45:00,0.6976,0.6981,0.6826,0.6872,676611.98,1755176399999,468098.267107,7875,251415.23,173938.313613,0
1755176400000,2025-08-14 13:00:00,0.6872,0.6979,0.6716,0.6979,983850.21,1755177299999,671247.551977,10489,435025.92,297094.082569,0
1755177300000,2025-08-14 13:15:00,0.698,0.6983,0.6862,0.6903,372627.9,1755178199999,257630.986458,5690,147463.75,101970.317539,0
1755178200000,2025-08-14 13:30:00,0.6904,0.6953,0.6869,0.6917,335640.15,1755179099999,231884.910343,4715,159704.12,110340.105574,0
1755179100000,2025-08-14 13:45:00,0.6917,0.6996,0.6913,0.6937,246831.91,1755179999999,171781.811755,2827,112833.25,78511.095778,0
1755180000000,2025-08-14 14:00:00,0.6937,0.6943,0.6877,0.6877,174797.83,1755180899999,120614.387668,2161,46156.68,31869.885811,0
1755180900000,2025-08-14 14:15:00,0.6879,0.6973,0.6878,0.6962,162091.03,1755181799999,112355.783445,2065,71547.83,49611.790453,0
1755181800000,2025-08-14 14:30:00,0.6961,0.7007,0.6848,0.6916,695437.43,1755182699999,480648.381047,2670,128329.14,88898.572464,0
1755182700000,2025-08-14 14:45:00,0.6916,0.6935,0.6872,0.6885,234576.77,1755183599999,162110.695775,1596,111403.51,77021.287457,0
1755183600000,2025-08-14 15:00:00,0.6885,0.6923,0.6872,0.6883,199052.32,1755184499999,137328.591113,1875,131104.06,90452.141601,0
1755184500000,2025-08-14 15:15:00,0.6882,0.6894,0.6832,0.6851,158898.98,1755185399999,109159.040724,2225,61197.19,42060.058874,0
1755185400000,2025-08-14 15:30:00,0.6852,0.6865,0.681,0.6812,112999.67,1755186299999,77324.213073,1746,56540.15,38691.038417,0
1755186300000,2025-08-14 15:45:00,0.6812,0.6836,0.6773,0.6802,276465.66,1755187199999,188023.439622,1767,87767.81,59813.554671,0
1755187200000,2025-08-14 16:00:00,0.6801,0.6801,0.6719,0.6724,179873.79,1755188099999,121452.914382,2318,77977.24,52664.178675,0
1755188100000,2025-08-14 16:15:00,0.6723,0.6754,0.6686,0.6719,187131.2,1755188999999,125752.989551,2492,69293.55,46578.312547,0
1755189000000,2025-08-14 16:30:00,0.6718,0.6748,0.6699,0.671,80350.71,1755189899999,54009.752844,1395,28876.15,19417.073856,0
1755189900000,2025-08-14 16:45:00,0.6709,0.6747,0.6689,0.6716,69852.11,1755190799999,46992.769426,1287,39252.59,26427.465513,0
1755190800000,2025-08-14 17:00:00,0.6715,0.6715,0.6636,0.6666,182032.17,1755191699999,121513.889453,2023,51053.26,34110.171355,0
1755191700000,2025-08-14 17:15:00,0.6667,0.6703,0.6644,0.6691,73533.11,1755192599999,49052.176799,1296,18834.01,12576.333666,0
1755192600000,2025-08-14 17:30:00,0.669,0.6712,0.6659,0.6678,82168.83,1755193499999,54944.76333,972,39418.17,26379.474375,0
1755193500000,2025-08-14 17:45:00,0.6677,0.6686,0.664,0.666,148475.43,1755194399999,98873.235503,1182,47482.03,31664.345907,0
1755194400000,2025-08-14 18:00:00,0.666,0.666,0.659,0.6602,171473.12,1755195299999,113536.852877,1342,50784.55,33585.79877,0
1755195300000,2025-08-14 18:15:00,0.6603,0.6631,0.6521,0.6615,298547.04,1755196199999,196278.808025,2637,140845.05,92609.371244,0
1755196200000,2025-08-14 18:30:00,0.6614,0.6654,0.6601,0.6645,108374.42,1755197099999,71887.909865,1223,48442.67,32142.116552,0
1755197100000,2025-08-14 18:45:00,0.6643,0.6649,0.6609,0.6619,56069.32,1755197999999,37204.699164,774,30223.2,20059.459191,0
1755198000000,2025-08-14 19:00:00,0.662,0.6672,0.662,0.6648,64879.04,1755198899999,43135.390829,663,52770.5,35080.802823,0
1755198900000,2025-08-14 19:15:00,0.6648,0.6684,0.6642,0.6681,31603.47,1755199799999,21048.890681,542,23074.9,15370.634512,0
1755199800000,2025-08-14 19:30:00,0.668,0.669,0.6664,0.669,110982.14,1755200699999,74117.622875,757,82234.48,54929.684349,0
1755200700000,2025-08-14 19:45:00,0.669,0.6699,0.6645,0.6652,262210.25,1755201599999,175278.318867,1194,100410.21,67041.181227,0
1755201600000,2025-08-14 20:00:00,0.6651,0.6651,0.6597,0.661,74589.16,1755202499999,49417.87935,1116,35711.26,23670.514951,0
1755202500000,2025-08-14 20:15:00,0.6611,0.6632,0.6609,0.6619,64556.82,1755203399999,42722.126534,982,40763.98,26981.367141,0
1755203400000,2025-08-14 20:30:00,0.6619,0.6652,0.6593,0.6608,95679.16,1755204299999,63337.036759,1113,48551.86,32145.49125,0
1755204300000,2025-08-14 20:45:00,0.6607,0.664,0.6586,0.664,63360.82,1755205199999,41920.87575,957,41787.34,27642.331534,0
1755205200000,2025-08-14 21:00:00,0.6638,0.6638,0.6589,0.662,55376.51,1755206099999,36622.478625,844,36503.4,24144.943022,0
1755206100000,2025-08-14 21:15:00,0.6616,0.6622,0.651,0.6535,137223.39,1755206999999,90068.125819,1238,52597.87,34539.652458,0
1755207000000,2025-08-14 21:30:00,0.6536,0.6544,0.6467,0.6511,336251.45,1755207899999,218537.323669,1537,216196.27,140527.741113,0
1755207900000,2025-08-14 21:45:00,0.6514,0.6563,0.6512,0.6557,27172.27,1755208799999,17786.227338,491,18285.04,11967.246531,0
1755208800000,2025-08-14 22:00:00,0.6555,0.6571,0.6525,0.6561,75757.67,1755209699999,49604.236508,744,30316.09,19847.238568,0
1755209700000,2025-08-14 22:15:00,0.656,0.6591,0.6546,0.6591,85747.18,1755210599999,56265.754399,785,55791.65,36614.100369,0
1755210600000,2025-08-14 22:30:00,0.659,0.6624,0.6589,0.6605,62466.72,1755211499999,41288.707467,881,43816.24,28956.483916,0
1755211500000,2025-08-14 22:45:00,0.6605,0.6631,0.6605,0.6623,46093.86,1755212399999,30530.964035,533,15943.86,10554.63507,0
1755212400000,2025-08-14 23:00:00,0.6623,0.6649,0.6623,0.6632,68562.68,1755213299999,45479.676651,551,22949.8,15229.245373,0
1755213300000,2025-08-14 23:15:00,0.6632,0.6634,0.6614,0.6627,30756.0,1755214199999,20384.102342,412,14908.02,9881.200756,0
1755214200000,2025-08-14 23:30:00,0.6626,0.6667,0.6624,0.6647,90490.31,1755215099999,60174.043212,899,54430.96,36186.548236,0
1755215100000,2025-08-14 23:45:00,0.6645,0.6659,0.6619,0.6638,19081.19,1755215999999,12674.094052,442,6713.71,4456.928485,0
1755216000000,2025-08-15 00:00:00,0.6639,0.6639,0.6604,0.6629,214675.43,1755216899999,141965.538215,991,107127.21,70857.533363,0
1755216900000,2025-08-15 00:15:00,0.6628,0.6634,0.6591,0.6595,40649.83,1755217799999,26848.767764,550,4650.46,3075.780984,0
1755217800000,2025-08-15 00:30:00,0.6596,0.6614,0.6578,0.6611,37405.36,1755218699999,24674.081993,722,24515.12,16174.335787,0
1755218700000,2025-08-15 00:45:00,0.6612,0.6643,0.6602,0.6602,40624.23,1755219599999,26892.482282,707,20907.55,13837.413092,0
1755219600000,2025-08-15 01:00:00,0.6601,0.6603,0.6571,0.6594,49654.8,1755220499999,32687.077478,519,20749.8,13661.778675,0
1755220500000,2025-08-15 01:15:00,0.6596,0.6657,0.6587,0.6642,74222.18,1755221399999,49298.586764,720,39570.72,26285.914312,0
1755221400000,2025-08-15 01:30:00,0.6643,0.6673,0.6631,0.6656,95169.39,1755222299999,63338.714121,900,56948.33,37891.122245,0
1755222300000,2025-08-15 01:45:00,0.6657,0.6694,0.665,0.669,41580.29,1755223199999,27765.523287,524,14502.32,9686.699078,0
1755223200000,2025-08-15 02:00:00,0.669,0.6712,0.6675,0.6707,62394.16,1755224099999,41764.665004,674,37748.45,25274.660959,0
1755224100000,2025-08-15 02:15:00,0.6706,0.6707,0.6674,0.668,30092.56,1755224999999,20126.933858,402,8265.08,5523.931097,0
1755225000000,2025-08-15 02:30:00,0.668,0.6705,0.6679,0.6688,25762.71,1755225899999,17223.017748,280,9113.8,6099.180292,0
1755225900000,2025-08-15 02:45:00,0.6688,0.6695,0.6672,0.6674,22567.6,1755226799999,15082.922006,335,14620.87,9776.412016,0
1755226800000,2025-08-15 03:00:00,0.6673,0.6686,0.6657,0.6677,45782.55,1755227699999,30542.357303,451,24321.29,16219.827988,0
1755227700000,2025-08-15 03:15:00,0.6678,0.6717,0.6678,0.6717,41462.22,1755228599999,27765.795926,514,31777.14,21284.105916,0
1755228600000,2025-08-15 03:30:00,0.6717,0.6749,0.6711,0.6735,156339.2,1755229499999,105264.578179,786,44481.1,29936.3961,0
1755229500000,2025-08-15 03:45:00,0.6734,0.6738,0.6715,0.6738,93820.0,1755230399999,63137.049751,665,45190.62,30392.685153,0
1755230400000,2025-08-15 04:00:00,0.6737,0.6768,0.6711,0.6753,68677.36,1755231299999,46292.471264,731,43168.49,29105.289493,0
1755231300000,2025-08-15 04:15:00,0.6753,0.6753,0.6725,0.6732,197384.68,1755232199999,133075.12241,695,64126.63,43226.913032,0
1755232200000,2025-08-15 04:30:00,0.6732,0.6732,0.6703,0.6709,65950.72,1755233099999,44297.557153,698,29296.78,19676.887241,0
1755233100000,2025-08-15 04:45:00,0.6711,0.6715,0.6695,0.6696,66804.77,1755233999999,44800.59462,611,36722.06,24629.763806,0
1755234000000,2025-08-15 05:00:00,0.6701,0.671,0.6673,0.6673,48722.26,1755234899999,32624.077141,571,15355.98,10281.034002,0
1755234900000,2025-08-15 05:15:00,0.6675,0.67,0.6675,0.6691,35887.3,1755235799999,23997.688369,381,25503.54,17057.709686,0
1755235800000,2025-08-15 05:30:00,0.669,0.6697,0.6674,0.6679,24010.32,1755236699999,16055.492305,400,13242.97,8856.459366,0
1755236700000,2025-08-15 05:45:00,0.6679,0.6749,0.6678,0.6749,80085.3,1755237599999,53841.499053,866,39595.19,26593.16115,0
1755237600000,2025-08-15 06:00:00,0.6748,0.6803,0.6745,0.679,152900.2,1755238499999,103536.122358,1435,91352.51,61876.772026,0
1755238500000,2025-08-15 06:15:00,0.679,0.6858,0.678,0.6857,156483.42,1755239399999,106801.713865,1494,57685.47,39351.52817,0
1755239400000,2025-08-15 06:30:00,0.6857,0.6887,0.6852,0.6855,144138.78,1755240299999,98988.771261,1624,74378.96,51073.215379,0
1755240300000,2025-08-15 06:45:00,0.6854,0.6854,0.6794,0.6798,91144.19,1755241199999,62219.099487,952,30819.03,21042.539861,0
1755241200000,2025-08-15 07:00:00,0.6797,0.6804,0.6774,0.6783,43196.71,1755242099999,29327.943958,685,20380.49,13827.096377,0
1755242100000,2025-08-15 07:15:00,0.6784,0.6787,0.6743,0.6754,31096.42,1755242999999,21026.326988,668,16608.37,11232.917072,0
1755243000000,2025-08-15 07:30:00,0.6757,0.6769,0.674,0.6747,40665.32,1755243899999,27474.97471,608,15091.19,10193.882562,0
1755243900000,2025-08-15 07:45:00,0.6747,0.6757,0.6721,0.675,18223.21,1755244799999,12280.400377,470,10955.46,7383.258083,0
1755244800000,2025-08-15 08:00:00,0.6749,0.6756,0.6726,0.6726,65171.28,1755245699999,43922.061936,553,29240.9,19691.796658,0
1755245700000,2025-08-15 08:15:00,0.6725,0.6768,0.671,0.6765,56033.41,1755246599999,37749.12742,561,43747.14,29478.734739,0
1755246600000,2025-08-15 08:30:00,0.6764,0.6783,0.6747,0.6764,47713.21,1755247499999,32278.942638,681,35580.55,24071.694517,0
1755247500000,2025-08-15 08:45:00,0.6763,0.6765,0.6727,0.6727,65658.83,1755248399999,44318.758693,696,13061.14,8822.673605,0
1755248400000,2025-08-15 09:00:00,0.6726,0.6745,0.6723,0.6731,22982.52,1755249299999,15481.443814,410,16973.3,11434.083642,0
1755249300000,2025-08-15 09:15:00,0.6731,0.6733,0.6662,0.6667,76699.81,1755250199999,51343.448352,789,24682.2,16534.298863,0
1755250200000,2025-08-15 09:30:00,0.6668,0.669,0.6658,0.6671,29257.68,1755251099999,19531.443136,612,19777.7,13203.69789,0
1755251100000,2025-08-15 09:45:00,0.6669,0.6676,0.6606,0.6633,65034.5,1755251999999,43165.723412,914,27817.03,18462.351803,0
1755252000000,2025-08-15 10:00:00,0.6633,0.6675,0.6622,0.6639,39065.93,1755252899999,25971.573782,840,18869.84,12549.320954,0
1755252900000,2025-08-15 10:15:00,0.664,0.6693,0.664,0.6654,47365.01,1755253799999,31603.184684,747,29171.34,19457.230635,0
1755253800000,2025-08-15 10:30:00,0.6653,0.6674,0.6643,0.6648,52039.5,1755254699999,34616.062483,670,39328.19,26159.166213,0
1755254700000,2025-08-15 10:45:00,0.6647,0.6653,0.6629,0.6636,21975.54,1755255599999,14590.840589,504,11649.61,7738.392985,0
1755255600000,2025-08-15 11:00:00,0.6635,0.6646,0.6611,0.6628,57941.23,1755256499999,38413.806673,650,25452.41,16879.28572,0
1755256500000,2025-08-15 11:15:00,0.6627,0.6627,0.6594,0.6595,72552.66,1755257399999,47934.278409,549,30042.28,19848.171845,0
1755257400000,2025-08-15 11:30:00,0.6593,0.6615,0.6593,0.6601,83429.21,1755258299999,55094.122596,792,41980.93,27719.810127,0
1755258300000,2025-08-15 11:45:00,0.6602,0.6649,0.6602,0.6629,214194.73,1755259199999,142167.868068,1531,174268.16,115666.522488,0
1755259200000,2025-08-15 12:00:00,0.663,0.6679,0.6619,0.6665,65818.97,1755260099999,43779.857019,1175,41795.39,27801.058934,0
1755260100000,2025-08-15 12:15:00,0.6664,0.6678,0.6603,0.664,83690.38,1755260999999,55520.98685,1530,39183.14,25989.54087,0
1755261000000,2025-08-15 12:30:00,0.664,0.6772,0.6608,0.6702,398461.39,1755261899999,267220.176056,5147,222018.9,149007.897253,0
1755261900000,2025-08-15 12:45:00,0.6703,0.6739,0.6684,0.6693,58691.54,1755262799999,39430.228484,1435,33357.13,22404.391653,0
1755262800000,2025-08-15 13:00:00,0.6692,0.6703,0.6655,0.6666,53770.43,1755263699999,35925.552551,1233,25046.83,16734.439123,0
1755263700000,2025-08-15 13:15:00,0.6666,0.6686,0.6653,0.6677,59644.66,1755264599999,39769.841417,1130,25183.93,16803.250557,0
1755264600000,2025-08-15 13:30:00,0.6677,0.6694,0.66,0.6602,321993.34,1755265499999,213738.43849,2867,206837.97,137370.73347,0
1755265500000,2025-08-15 13:45:00,0.6602,0.6625,0.6563,0.6593,197443.0,1755266399999,130219.795712,2691,103365.88,68205.63698,0
1755266400000,2025-08-15 14:00:00,0.6592,0.6638,0.6555,0.6613,129276.15,1755267299999,85318.739442,2171,69833.72,46109.107225,0
1755267300000,2025-08-15 14:15:00,0.6614,0.664,0.6562,0.6567,43461.49,1755268199999,28655.938204,1245,20101.22,13252.649937,0
1755268200000,2025-08-15 14:30:00,0.6568,0.6601,0.6535,0.6561,73336.43,1755269099999,48195.180548,1483,37109.03,24384.11388,0
1755269100000,2025-08-15 14:45:00,0.6562,0.6574,0.6491,0.6505,249408.96,1755269999999,162510.912999,2557,116391.05,75866.799665,0
1755270000000,2025-08-15 15:00:00,0.6506,0.6517,0.6442,0.6475,209885.14,1755270899999,135886.93314,2496,88923.92,57555.760663,0
1755270900000,2025-08-15 15:15:00,0.6474,0.6501,0.6394,0.6413,284910.46,1755271799999,183554.51356,3017,138865.99,89492.344339,0
1755271800000,2025-08-15 15:30:00,0.6415,0.6455,0.6356,0.6367,189830.78,1755272699999,121703.65391,2726,92436.43,59312.281156,0
1755272700000,2025-08-15 15:45:00,0.6366,0.6413,0.6346,0.6391,178240.46,1755273599999,113811.363798,2438,79353.85,50673.6482,0
1755273600000,2025-08-15 16:00:00,0.639,0.6394,0.6327,0.6348,189088.08,1755274499999,120032.336003,1970,107428.57,68164.370459,0
1755274500000,2025-08-15 16:15:00,0.6347,0.6435,0.6332,0.6414,72259.57,1755275399999,46176.625268,1193,33851.24,21615.515988,0
1755275400000,2025-08-15 16:30:00,0.6414,0.647,0.6414,0.6437,74158.03,1755276299999,47836.138179,1180,46394.1,29918.521342,0
1755276300000,2025-08-15 16:45:00,0.6436,0.6479,0.6436,0.646,86718.17,1755277199999,56055.654515,988,50807.27,32843.971083,0
1755277200000,2025-08-15 17:00:00,0.6461,0.6487,0.6439,0.6439,58602.0,1755278099999,37890.307782,842,38774.65,25076.246837,0
1755278100000,2025-08-15 17:15:00,0.644,0.6519,0.6403,0.6507,98051.32,1755278999999,63445.689552,1301,53583.0,34680.518458,0
1755279000000,2025-08-15 17:30:00,0.6508,0.6527,0.647,0.6523,71278.97,1755279899999,46361.04837,993,54020.21,35146.037655,0
1755279900000,2025-08-15 17:45:00,0.6522,0.6529,0.6477,0.6491,146166.98,1755280799999,94937.034764,905,79541.1,51657.727833,0
1755280800000,2025-08-15 18:00:00,0.649,0.6504,0.6455,0.6465,35443.36,1755281699999,22961.067726,625,12201.35,7905.050685,0
1755281700000,2025-08-15 18:15:00,0.6466,0.6471,0.6443,0.6455,15824.89,1755282599999,10210.542004,329,7732.66,4989.83993,0
1755282600000,2025-08-15 18:30:00,0.6454,0.6478,0.6433,0.6442,55472.08,1755283499999,35782.954854,747,25050.65,16169.442302,0
1755283500000,2025-08-15 18:45:00,0.6443,0.6471,0.6409,0.644,86630.25,1755284399999,55785.29273,1114,36816.49,23686.894223,0
1755284400000,2025-08-15 19:00:00,0.6441,0.6471,0.6421,0.6466,107226.53,1755285299999,69227.768792,872,79827.46,51564.513144,0
1755285300000,2025-08-15 19:15:00,0.6465,0.6494,0.6436,0.644,78042.31,1755286199999,50488.784681,699,53728.68,34762.479217,0
1755286200000,2025-08-15 19:30:00,0.6441,0.647,0.643,0.6449,17761.49,1755287099999,11458.796418,458,6978.93,4501.161183,0
1755287100000,2025-08-15 19:45:00,0.645,0.6458,0.6434,0.6447,17954.99,1755287999999,11576.778653,400,12557.04,8097.703564,0
1755288000000,2025-08-15 20:00:00,0.6448,0.6477,0.6425,0.6474,35721.53,1755288899999,23050.940341,766,14557.58,9396.411124,0
1755288900000,2025-08-15 20:15:00,0.6472,0.6486,0.646,0.6477,27225.66,1755289799999,17620.608403,492,17362.04,11232.620582,0
1755289800000,2025-08-15 20:30:00,0.6476,0.6501,0.6456,0.6456,77897.05,1755290699999,50408.627967,744,42069.9,27224.203834,0
1755290700000,2025-08-15 20:45:00,0.6455,0.6516,0.6449,0.6503,42825.69,1755291599999,27787.170436,593,29027.84,18863.357558,0
1755291600000,2025-08-15 21:00:00,0.6503,0.652,0.6474,0.6478,26676.99,1755292499999,17336.808884,652,9386.1,6104.169312,0
1755292500000,2025-08-15 21:15:00,0.6477,0.6512,0.6451,0.649,20675.98,1755293399999,13401.917892,417,12372.33,8022.388307,0
1755293400000,2025-08-15 21:30:00,0.6489,0.6496,0.6474,0.6486,18832.05,1755294299999,12218.401943,286,11154.4,7236.727766,0
1755294300000,2025-08-15 21:45:00,0.6488,0.6502,0.6477,0.6501,162379.84,1755295199999,105315.985612,270,115118.34,74670.448049,0
1755295200000,2025-08-15 22:00:00,0.6502,0.6536,0.6492,0.651,46710.31,1755296099999,30438.266398,574,18364.29,11978.142124,0
1755296100000,2025-08-15 22:15:00,0.6509,0.6539,0.6507,0.6528,6456.54,1755296999999,4213.335424,289,3755.94,2451.080898,0
1755297000000,2025-08-15 22:30:00,0.6527,0.6562,0.6522,0.6555,24543.39,1755297899999,16082.417056,421,15258.06,9999.586133,0
1755297900000,2025-08-15 22:45:00,0.6553,0.6608,0.6553,0.6604,38417.96,1755298799999,25303.90289,648,26679.99,17573.889292,0
1755298800000,2025-08-15 23:00:00,0.6604,0.6621,0.6563,0.6569,29754.0,1755299699999,19612.173099,870,12504.3,8245.862862,0
1755299700000,2025-08-15 23:15:00,0.6568,0.6568,0.6519,0.6539,23688.72,1755300599999,15510.551641,605,6899.59,4512.94068,0
1755300600000,2025-08-15 23:30:00,0.654,0.6548,0.6527,0.6527,14466.13,1755301499999,9453.897803,428,6389.52,4176.719594,0
1755301500000,2025-08-15 23:45:00,0.6527,0.6564,0.6522,0.6561,23203.74,1755302399999,15171.443918,316,12267.06,8023.724858,0
1755302400000,2025-08-16 00:00:00,0.656,0.659,0.6553,0.6584,43769.41,1755303299999,28762.396482,672,24507.34,16100.816203,0
1755303300000,2025-08-16 00:15:00,0.6583,0.6586,0.6547,0.6547,13874.03,1755304199999,9106.249407,441,6322.4,4148.170061,0
1755304200000,2025-08-16 00:30:00,0.6546,0.6595,0.6545,0.6591,17274.3,1755305099999,11349.245524,462,13090.64,8601.678491,0
1755305100000,2025-08-16 00:45:00,0.6589,0.6612,0.6587,0.6604,24121.87,1755305999999,15924.204705,512,19013.93,12551.949527,0
1755306000000,2025-08-16 01:00:00,0.6604,0.6612,0.6578,0.6605,35475.68,1755306899999,23378.346384,580,21566.86,14213.852958,0
1755306900000,2025-08-16 01:15:00,0.6605,0.6605,0.6569,0.6577,39733.44,1755307799999,26135.957819,467,19132.13,12584.767525,0
1755307800000,2025-08-16 01:30:00,0.6576,0.6593,0.657,0.6588,11929.81,1755308699999,7851.847769,247,6623.74,4362.417303,0
1755308700000,2025-08-16 01:45:00,0.6587,0.6599,0.6583,0.6599,15155.91,1755309599999,9987.436997,349,6123.54,4036.59473,0
1755309600000,2025-08-16 02:00:00,0.6599,0.661,0.6579,0.6601,23364.29,1755310499999,15403.781582,403,12049.22,7945.383036,0
1755310500000,2025-08-16 02:15:00,0.66,0.6607,0.6595,0.6604,46152.09,1755311399999,30452.989557,345,13538.85,8935.701731,0
1755311400000,2025-08-16 02:30:00,0.6603,0.661,0.6584,0.6591,8972.49,1755312299999,5918.700078,339,4862.03,3207.251877,0
1755312300000,2025-08-16 02:45:00,0.6592,0.6599,0.6568,0.658,27545.98,1755313199999,18135.704185,473,10538.33,6938.783572,0
1755313200000,2025-08-16 03:00:00,0.658,0.6599,0.6569,0.6597,20890.47,1755314099999,13762.668366,398,15868.79,10456.250972,0
1755314100000,2025-08-16 03:15:00,0.6596,0.6596,0.6573,0.6573,12423.84,1755314999999,8178.591194,230,6083.14,4005.446761,0
1755315000000,2025-08-16 03:30:00,0.6572,0.6581,0.656,0.656,14328.8,1755315899999,9411.60131,264,1616.14,1061.838631,0
1755315900000,2025-08-16 03:45:00,0.656,0.6574,0.655,0.6556,18019.0,1755316799999,11822.60253,297,14385.68,9439.260005,0
1755316800000,2025-08-16 04:00:00,0.6557,0.6561,0.654,0.6546,22030.27,1755317699999,14440.113533,248,15874.69,10409.481254,0
1755317700000,2025-08-16 04:15:00,0.6545,0.6574,0.6543,0.6572,28122.34,1755318599999,18441.330422,407,21840.01,14323.075873,0
1755318600000,2025-08-16 04:30:00,0.6571,0.6577,0.6557,0.6574,11183.12,1755319499999,7343.147531,296,3039.89,1997.201064,0
1755319500000,2025-08-16 04:45:00,0.6576,0.6611,0.6576,0.6608,33038.73,1755320399999,21809.89834,371,27150.05,17927.6051,0
1755320400000,2025-08-16 05:00:00,0.6609,0.6609,0.6583,0.6587,12979.22,1755321299999,8561.741235,242,8837.72,5830.470858,0
1755321300000,2025-08-16 05:15:00,0.6586,0.6586,0.6562,0.6568,18008.63,1755322199999,11843.345071,282,1986.56,1305.248039,0
1755322200000,2025-08-16 05:30:00,0.6567,0.657,0.6545,0.6556,31288.36,1755323099999,20527.531238,344,5869.95,3850.230605,0
1755323100000,2025-08-16 05:45:00,0.6555,0.6559,0.6537,0.6543,10946.87,1755323999999,7169.465516,307,5945.42,3895.132335,0
1755324000000,2025-08-16 06:00:00,0.6544,0.6547,0.6535,0.6546,15722.11,1755324899999,10284.846638,346,11986.26,7841.481108,0
1755324900000,2025-08-16 06:15:00,0.6547,0.6572,0.6546,0.6569,13232.28,1755325799999,8683.910987,300,9937.78,6521.5069,0
1755325800000,2025-08-16 06:30:00,0.6568,0.6572,0.6537,0.6548,36843.64,1755326699999,24122.221582,402,10169.71,6657.79733,0
1755326700000,2025-08-16 06:45:00,0.6547,0.656,0.6534,0.654,92000.36,1755327599999,60229.718895,591,44976.42,29454.10233,0
1755327600000,2025-08-16 07:00:00,0.654,0.6559,0.6538,0.6558,15401.81,1755328499999,10089.453607,301,9280.22,6079.138807,0
1755328500000,2025-08-16 07:15:00,0.6558,0.6577,0.6554,0.6577,9124.82,1755329399999,5992.390578,299,5556.68,3648.771455,0
1755329400000,2025-08-16 07:30:00,0.6578,0.6598,0.6568,0.6587,16871.29,1755330299999,11109.883046,397,7774.85,5120.50076,0
1755330300000,2025-08-16 07:45:00,0.6586,0.6594,0.6579,0.658,5792.16,1755331199999,3815.013627,214,2792.44,1839.386353,0
1755331200000,2025-08-16 08:00:00,0.6581,0.6588,0.6554,0.6561,25391.0,1755332099999,16679.779283,425,6095.4,4002.657963,0
1755332100000,2025-08-16 08:15:00,0.6562,0.6577,0.6555,0.6555,7820.33,1755332999999,5133.928908,260,4011.68,2634.82678,0
1755333000000,2025-08-16 08:30:00,0.6554,0.6558,0.654,0.6555,122148.59,1755333899999,79961.474606,404,72379.38,47377.275498,0
1755333900000,2025-08-16 08:45:00,0.6556,0.6564,0.6533,0.6533,19549.01,1755334799999,12813.681788,308,8314.37,5451.492974,0
1755334800000,2025-08-16 09:00:00,0.6532,0.6557,0.6522,0.6554,16488.22,1755335699999,10782.785996,400,14063.81,9197.35365,0
1755335700000,2025-08-16 09:15:00,0.6554,0.6581,0.6544,0.6567,102131.47,1755336599999,67058.577108,545,83683.33,54940.76552,0
1755336600000,2025-08-16 09:30:00,0.6567,0.6583,0.6567,0.6571,73617.99,1755337499999,48381.129488,407,59888.06,39354.616558,0
1755337500000,2025-08-16 09:45:00,0.6571,0.6581,0.6496,0.6497,96976.68,1755338399999,63371.841756,1066,24728.53,16209.867508,0
1755338400000,2025-08-16 10:00:00,0.6496,0.6531,0.6473,0.6528,74326.09,1755339299999,48314.910353,1088,33107.29,21522.129212,0
1755339300000,2025-08-16 10:15:00,0.6529,0.6534,0.6498,0.6522,24460.28,1755340199999,15944.815676,648,11968.31,7802.196001,0
1755340200000,2025-08-16 10:30:00,0.6521,0.6521,0.6495,0.6511,58071.59,1755341099999,37780.056903,501,22775.23,14817.153378,0
1755341100000,2025-08-16 10:45:00,0.651,0.6524,0.65,0.6524,39490.87,1755341999999,25704.376719,412,11373.99,7409.225545,0
1755342000000,2025-08-16 11:00:00,0.6524,0.6594,0.6524,0.6592,44559.4,1755342899999,29204.86704,546,38091.6,24962.598489,0
1755342900000,2025-08-16 11:15:00,0.6593,0.6603,0.6578,0.658,43317.09,1755343799999,28571.578631,546,25858.67,17060.443755,0
1755343800000,2025-08-16 11:30:00,0.658,0.6587,0.6564,0.6566,46092.62,1755344699999,30298.43158,420,11180.65,7354.922434,0
1755344700000,2025-08-16 11:45:00,0.6566,0.6582,0.6532,0.6537,79736.46,1755345599999,52345.160019,742,28349.72,18624.69169,0
1755345600000,2025-08-16 12:00:00,0.6538,0.6547,0.6525,0.6531,23264.67,1755346499999,15205.23986,549,11422.22,7466.867922,0
1755346500000,2025-08-16 12:15:00,0.6532,0.6584,0.6524,0.6582,47784.36,1755347399999,31319.76241,1010,28736.86,18844.784457,0
1755347400000,2025-08-16 12:30:00,0.6583,0.6617,0.6575,0.6581,51899.82,1755348299999,34226.590647,920,30470.24,20098.767165,0
1755348300000,2025-08-16 12:45:00,0.6579,0.6591,0.6566,0.6587,28434.36,1755349199999,18711.794123,486,15787.27,10391.241637,0
1755349200000,2025-08-16 13:00:00,0.6587,0.6614,0.6585,0.6608,34066.43,1755350099999,22497.529624,545,24733.71,16334.724957,0
1755350100000,2025-08-16 13:15:00,0.6609,0.6638,0.6599,0.6608,109958.02,1755350999999,72749.390819,852,92113.75,60939.306079,0
1755351000000,2025-08-16 13:30:00,0.6607,0.6613,0.6563,0.6564,33464.03,1755351899999,22033.454486,518,8951.88,5896.245407,0
1755351900000,2025-08-16 13:45:00,0.6563,0.6563,0.6538,0.6538,29064.72,1755352799999,19027.819719,419,12695.59,8311.495078,0
1755352800000,2025-08-16 14:00:00,0.654,0.6554,0.6525,0.6537,39662.49,1755353699999,25919.899638,552,11707.08,7656.428427,0
1755353700000,2025-08-16 14:15:00,0.6537,0.6583,0.6525,0.6574,75423.22,1755354599999,49394.013233,696,49477.82,32400.976667,0
1755354600000,2025-08-16 14:30:00,0.6573,0.6591,0.6551,0.659,64104.24,1755355499999,42151.183759,794,34770.78,22870.114965,0
1755355500000,2025-08-16 14:45:00,0.659,0.6639,0.659,0.6627,32969.45,1755356399999,21826.815344,542,18704.88,12376.975094,0
1755356400000,2025-08-16 15:00:00,0.6626,0.6657,0.662,0.6657,54419.17,1755357299999,36140.431091,779,42775.66,28412.632941,0
1755357300000,2025-08-16 15:15:00,0.6656,0.671,0.6655,0.6703,78003.58,1755358199999,52192.383875,942,45003.77,30114.115962,0
1755358200000,2025-08-16 15:30:00,0.6703,0.6713,0.6688,0.671,60264.42,1755359099999,40381.257794,977,39355.62,26370.660335,0
1755359100000,2025-08-16 15:45:00,0.6709,0.672,0.668,0.6682,41916.73,1755359999999,28100.997906,638,24490.26,16425.273548,0
1755360000000,2025-08-16 16:00:00,0.6682,0.6689,0.6668,0.6679,102272.58,1755360899999,68307.652963,748,52424.75,35022.391922,0
1755360900000,2025-08-16 16:15:00,0.6679,0.669,0.6641,0.6661,102602.27,1755361799999,68444.030605,925,47774.52,31863.596543,0
1755361800000,2025-08-16 16:30:00,0.6663,0.6664,0.6632,0.665,27100.3,1755362699999,18001.827157,556,8688.98,5773.551174,0
1755362700000,2025-08-16 16:45:00,0.6648,0.6671,0.6641,0.6653,36665.92,1755363599999,24418.697828,473,23135.12,15413.176844,0
1755363600000,2025-08-16 17:00:00,0.6654,0.667,0.6644,0.6646,13614.01,1755364499999,9066.720223,362,6737.13,4488.832056,0
1755364500000,2025-08-16 17:15:00,0.6646,0.6649,0.6633,0.6645,12554.02,1755365399999,8335.835211,330,4686.76,3113.080683,0
1755365400000,2025-08-16 17:30:00,0.6644,0.6655,0.6619,0.6629,8741.13,1755366299999,5800.534467,336,4085.86,2711.393615,0
1755366300000,2025-08-16 17:45:00,0.6629,0.6639,0.662,0.6636,13634.39,1755367199999,9043.57422,302,9711.58,6442.738022,0
1755367200000,2025-08-16 18:00:00,0.6635,0.6658,0.6613,0.6658,10360.6,1755368099999,6871.279563,367,4579.77,3037.121106,0
1755368100000,2025-08-16 18:15:00,0.6657,0.6667,0.6621,0.6621,20892.75,1755368999999,13889.963494,485,11623.9,7732.489645,0
1755369000000,2025-08-16 18:30:00,0.6621,0.6631,0.6612,0.6621,7492.06,1755369899999,4962.473041,280,3171.55,2100.510945,0
1755369900000,2025-08-16 18:45:00,0.662,0.6629,0.6615,0.6619,6505.95,1755370799999,4307.621408,210,1931.38,1278.965361,0
1755370800000,2025-08-16 19:00:00,0.662,0.6633,0.6617,0.6633,15508.0,1755371699999,10276.528177,250,12030.9,7972.856235,0
1755371700000,2025-08-16 19:15:00,0.6631,0.6643,0.6628,0.6642,6047.3,1755372599999,4013.647497,203,3661.88,2430.395151,0
1755372600000,2025-08-16 19:30:00,0.6642,0.6658,0.6631,0.6641,65993.4,1755373499999,43822.370322,554,23397.23,15546.739357,0
1755373500000,2025-08-16 19:45:00,0.6641,0.6641,0.6621,0.6622,30823.19,1755374399999,20450.055342,334,12643.63,8389.539488,0
1755374400000,2025-08-16 20:00:00,0.6621,0.6629,0.6612,0.6629,6565.28,1755375299999,4345.393228,222,4547.39,3010.205014,0
1755375300000,2025-08-16 20:15:00,0.6629,0.6656,0.6629,0.664,17433.65,1755376199999,11585.369733,281,9576.17,6364.723793,0
1755376200000,2025-08-16 20:30:00,0.6641,0.6643,0.6631,0.6634,6208.28,1755377099999,4120.521568,174,2169.91,1440.218723,0
1755377100000,2025-08-16 20:45:00,0.6635,0.6655,0.6625,0.6635,52902.8,1755377999999,35130.166756,433,23094.15,15345.357842,0
1755378000000,2025-08-16 21:00:00,0.6635,0.6636,0.6609,0.661,36024.12,1755378899999,23854.565196,370,9753.63,6458.783646,0
1755378900000,2025-08-16 21:15:00,0.6611,0.6632,0.6611,0.6631,14675.13,1755379799999,9719.322802,200,10304.43,6824.817996,0
1755379800000,2025-08-16 21:30:00,0.6631,0.6636,0.6621,0.6623,6227.9,1755380699999,4125.948348,129,1355.96,898.924576,0
1755380700000,2025-08-16 21:45:00,0.6623,0.6626,0.6617,0.6617,883.73,1755381599999,585.319939,47,311.95,206.670329,0
1755381600000,2025-08-16 22:00:00,0.6617,0.6627,0.6589,0.6626,62969.73,1755382499999,41598.551792,650,24565.54,16245.031929,0
1755382500000,2025-08-16 22:15:00,0.6626,0.6644,0.6626,0.6643,6309.01,1755383399999,4185.468124,190,4260.21,2826.390581,0
1755383400000,2025-08-16 22:30:00,0.6643,0.6668,0.6643,0.6668,8689.56,1755384299999,5780.457137,186,7277.2,4841.022163,0
1755384300000,2025-08-16 22:45:00,0.6668,0.6674,0.6662,0.6662,8751.13,1755385199999,5835.306078,188,2417.15,1612.076457,0
1755385200000,2025-08-16 23:00:00,0.6663,0.6666,0.664,0.6644,17525.45,1755386099999,11658.915275,233,9066.47,6033.761865,0
1755386100000,2025-08-16 23:15:00,0.6643,0.6648,0.6616,0.6618,46767.46,1755386999999,31013.311826,376,4114.49,2727.96419,0
1755387000000,2025-08-16 23:30:00,0.6617,0.6628,0.6617,0.6626,4882.11,1755387899999,3232.716957,156,2166.27,1434.42756,0
1755387900000,2025-08-16 23:45:00,0.6626,0.664,0.6622,0.664,12441.99,1755388799999,8253.422949,208,8280.81,5494.157736,0
1755388800000,2025-08-17 00:00:00,0.664,0.6646,0.663,0.6635,23229.98,1755389699999,15416.089508,276,14217.01,9438.217617,0
1755389700000,2025-08-17 00:15:00,0.6636,0.6649,0.6631,0.6631,16271.58,1755390599999,10807.241995,282,13047.06,8667.056287,0
1755390600000,2025-08-17 00:30:00,0.6631,0.6653,0.6621,0.6629,24533.81,1755391499999,16267.517796,356,12556.17,8328.636497,0
1755391500000,2025-08-17 00:45:00,0.6628,0.6628,0.6612,0.6621,9980.97,1755392399999,6606.915408,237,6587.36,4360.235509,0
1755392400000,2025-08-17 01:00:00,0.6621,0.6621,0.6604,0.6614,16788.58,1755393299999,11096.611264,310,4865.02,3216.179455,0
1755393300000,2025-08-17 01:15:00,0.6615,0.6616,0.6595,0.6595,22278.55,1755394199999,14712.323398,272,14840.62,9800.650809,0
1755394200000,2025-08-17 01:30:00,0.6595,0.6624,0.659,0.6599,67555.51,1755395099999,44657.337326,926,29422.17,19456.63358,0
1755395100000,2025-08-17 01:45:00,0.6599,0.6611,0.6581,0.6603,50580.3,1755395999999,33366.482525,646,18061.49,11926.247502,0
1755396000000,2025-08-17 02:00:00,0.6602,0.6617,0.6577,0.6579,45659.29,1755396899999,30106.943213,480,14763.08,9733.926929,0
1755396900000,2025-08-17 02:15:00,0.6578,0.6613,0.6573,0.6606,21908.31,1755397799999,14455.199168,401,14205.49,9370.987386,0
1755397800000,2025-08-17 02:30:00,0.6609,0.6632,0.6591,0.6632,54311.9,1755398699999,35879.735719,863,35384.45,23385.645956,0
1755398700000,2025-08-17 02:45:00,0.663,0.6646,0.6617,0.6643,30349.18,1755399599999,20109.613138,581,8181.91,5426.831403,0
1755399600000,2025-08-17 03:00:00,0.6643,0.666,0.6623,0.6636,95519.0,1755400499999,63362.973544,644,12622.09,8390.511767,0
1755400500000,2025-08-17 03:15:00,0.6637,0.6652,0.6621,0.6622,65054.95,1755401399999,43143.110994,805,32946.22,21853.569608,0
1755401400000,2025-08-17 03:30:00,0.6622,0.6669,0.6615,0.6667,48094.64,1755402299999,31970.696445,840,21023.15,13980.172726,0
1755402300000,2025-08-17 03:45:00,0.6666,0.6666,0.6641,0.6647,20399.44,1755403199999,13564.849218,355,6193.29,4120.91016,0
1755403200000,2025-08-17 04:00:00,0.6646,0.6661,0.664,0.6647,57914.45,1755404099999,38528.668425,401,27144.92,18055.42028,0
1755404100000,2025-08-17 04:15:00,0.6646,0.6664,0.6636,0.6652,34080.41,1755404999999,22665.696213,521,17429.3,11590.175844,0
1755405000000,2025-08-17 04:30:00,0.6652,0.6676,0.6652,0.6671,20235.24,1755405899999,13488.428639,384,12592.48,8394.25032,0
1755405900000,2025-08-17 04:45:00,0.6671,0.6691,0.6662,0.668,45075.85,1755406799999,30081.213028,541,18525.46,12375.017959,0
1755406800000,2025-08-17 05:00:00,0.6682,0.671,0.6677,0.6701,32686.47,1755407699999,21893.84845,412,23637.63,15835.407237,0
1755407700000,2025-08-17 05:15:00,0.6702,0.6702,0.6672,0.6672,19295.21,1755408599999,12911.585362,279,7562.03,5059.306562,0
1755408600000,2025-08-17 05:30:00,0.6673,0.6678,0.6664,0.6673,27469.51,1755409499999,18320.141001,315,18763.05,12513.931536,0
1755409500000,2025-08-17 05:45:00,0.6675,0.668,0.6661,0.6674,9000.61,1755410399999,6003.390003,225,4996.18,3331.381917,0
1755410400000,2025-08-17 06:00:00,0.6675,0.6715,0.6675,0.6714,20208.78,1755411299999,13539.047662,347,14885.41,9974.640721,0
1755411300000,2025-08-17 06:15:00,0.6713,0.6713,0.6694,0.67,9217.59,1755412199999,6178.194416,249,2804.85,1880.122035,0
1755412200000,2025-08-17 06:30:00,0.6698,0.6698,0.6666,0.6686,7062.59,1755413099999,4716.748175,266,4662.66,3113.553579,0
1755413100000,2025-08-17 06:45:00,0.6686,0.6687,0.6669,0.6674,13498.23,1755413999999,9008.557586,281,7259.3,4845.254304,0
1755414000000,2025-08-17 07:00:00,0.6675,0.6711,0.6672,0.6705,11635.45,1755414899999,7777.182105,306,6312.91,4219.865026,0
1755414900000,2025-08-17 07:15:00,0.6704,0.6733,0.6704,0.6715,17745.37,1755415799999,11919.553366,352,12001.79,8060.78117,0
1755415800000,2025-08-17 07:30:00,0.6715,0.6738,0.6701,0.672,40213.59,1755416699999,27033.552255,547,28411.77,19104.36205,0
1755416700000,2025-08-17 07:45:00,0.6719,0.6729,0.671,0.6716,52107.24,1755417599999,35003.543357,452,22274.93,14974.464482,0
1755417600000,2025-08-17 08:00:00,0.6716,0.6725,0.6693,0.6705,19029.31,1755418499999,12754.208662,346,10429.58,6990.686062,0
1755418500000,2025-08-17 08:15:00,0.6706,0.6729,0.6699,0.6728,30737.25,1755419399999,20651.462391,332,26169.4,17581.521173,0
1755419400000,2025-08-17 08:30:00,0.6726,0.6753,0.6725,0.6744,61811.26,1755420299999,41673.176828,457,41308.47,27848.727845,0
1755420300000,2025-08-17 08:45:00,0.6744,0.679,0.6739,0.6777,49429.85,1755421199999,33452.03497,1006,29569.02,20024.072291,0
1755421200000,2025-08-17 09:00:00,0.6776,0.6786,0.6769,0.6774,67585.34,1755422099999,45799.789706,753,42594.19,28868.775026,0
1755422100000,2025-08-17 09:15:00,0.6773,0.6773,0.6748,0.6753,44893.92,1755422999999,30356.00013,473,16140.39,10915.931011,0
1755423000000,2025-08-17 09:30:00,0.6754,0.6767,0.6742,0.6753,22239.66,1755423899999,15025.956732,475,16181.28,10933.7168,0
1755423900000,2025-08-17 09:45:00,0.6753,0.6773,0.675,0.6766,7204.32,1755424799999,4873.665815,234,5295.02,3581.819168,0
1755424800000,2025-08-17 10:00:00,0.6767,0.6768,0.6738,0.6742,7610.81,1755425699999,5140.117026,252,1914.91,1292.822353,0
1755425700000,2025-08-17 10:15:00,0.6742,0.6745,0.6725,0.673,17266.96,1755426599999,11633.615145,237,8530.3,5750.65931,0
1755426600000,2025-08-17 10:30:00,0.6728,0.6753,0.6726,0.6753,63507.77,1755427499999,42795.110695,523,49565.09,33407.264961,0
1755427500000,2025-08-17 10:45:00,0.6754,0.6769,0.6741,0.6755,30805.8,1755428399999,20791.489749,495,9322.24,6293.24663,0
1755428400000,2025-08-17 11:00:00,0.6754,0.6754,0.6742,0.6744,26327.24,1755429299999,17767.860902,261,12742.09,8600.569284,0
1755429300000,2025-08-17 11:15:00,0.6744,0.6755,0.6741,0.6746,23544.23,1755430199999,15885.052336,216,10882.73,7342.491848,0
1755430200000,2025-08-17 11:30:00,0.6746,0.6764,0.6744,0.6759,19219.6,1755431099999,12982.368887,305,11588.49,7829.774771,0
1755431100000,2025-08-17 11:45:00,0.676,0.6792,0.6755,0.6782,51650.83,1755431999999,34981.214565,573,31330.24,21219.558696,0
1755432000000,2025-08-17 12:00:00,0.6783,0.6783,0.6765,0.6773,11538.2,1755432899999,7814.261252,253,3867.98,2619.932662,0
1755432900000,2025-08-17 12:15:00,0.6772,0.6772,0.6754,0.6758,21637.21,1755433799999,14626.903866,269,12257.26,8285.751797,0
1755433800000,2025-08-17 12:30:00,0.6757,0.6757,0.6733,0.6736,25213.71,1755434699999,17007.660814,229,13414.9,9042.689299,0
1755434700000,2025-08-17 12:45:00,0.6736,0.6737,0.671,0.671,29484.17,1755435599999,19818.760061,419,8435.89,5674.154638,0
1755435600000,2025-08-17 13:00:00,0.6711,0.6713,0.6681,0.6686,36639.31,1755436499999,24517.148395,370,9777.39,6544.69158,0
1755436500000,2025-08-17 13:15:00,0.6687,0.67,0.6686,0.6691,8208.41,1755437399999,5493.164103,209,4086.89,2735.297886,0
1755437400000,2025-08-17 13:30:00,0.6692,0.6739,0.6689,0.6739,34760.31,1755438299999,23352.596478,528,21484.18,14431.205244,0
1755438300000,2025-08-17 13:45:00,0.674,0.6755,0.673,0.6737,94110.62,1755439199999,63486.900497,572,70210.69,47369.841348,0
1755439200000,2025-08-17 14:00:00,0.6736,0.675,0.6725,0.6745,14963.46,1755440099999,10089.141013,390,5540.34,3735.851683,0
1755440100000,2025-08-17 14:15:00,0.6744,0.6744,0.6725,0.6737,11992.34,1755440999999,8075.61652,277,7796.36,5250.31725,0
1755441000000,2025-08-17 14:30:00,0.6737,0.679,0.6737,0.6788,47852.82,1755441899999,32413.683064,513,33988.33,23036.098767,0
1755441900000,2025-08-17 14:45:00,0.6788,0.6799,0.6785,0.6797,49923.48,1755442799999,33908.259127,536,25197.24,17118.786428,0
1755442800000,2025-08-17 15:00:00,0.6797,0.6834,0.6797,0.6814,45121.66,1755443699999,30793.169533,645,36613.5,24986.705078,0
1755443700000,2025-08-17 15:15:00,0.6814,0.6821,0.6793,0.6815,35709.22,1755444599999,24312.477301,532,22146.28,15078.807096,0
1755444600000,2025-08-17 15:30:00,0.6816,0.6863,0.6814,0.6852,62296.47,1755445499999,42657.63357,728,21769.05,14890.140876,0
1755445500000,2025-08-17 15:45:00,0.6853,0.6871,0.6844,0.687,37710.81,1755446399999,25851.481436,532,19374.49,13287.006607,0
1755446400000,2025-08-17 16:00:00,0.6869,0.6905,0.6865,0.6868,111867.89,1755447299999,77017.278775,1008,59062.01,40657.270569,0
1755447300000,2025-08-17 16:15:00,0.6869,0.687,0.6818,0.6826,210665.64,1755448199999,143971.600363,1599,113039.35,77246.255371,0
1755448200000,2025-08-17 16:30:00,0.6825,0.6829,0.6792,0.6797,47417.8,1755449099999,32276.667396,784,16920.15,11517.380081,0
1755449100000,2025-08-17 16:45:00,0.6798,0.6805,0.676,0.6777,83041.75,1755449999999,56322.280815,797,23068.94,15650.974184,0
1755450000000,2025-08-17 17:00:00,0.6778,0.6785,0.6749,0.6749,52094.69,1755450899999,35247.585765,531,26796.87,18142.396945,0
1755450900000,2025-08-17 17:15:00,0.675,0.6769,0.6729,0.6765,179014.97,1755451799999,120949.918134,1017,144585.17,97722.734258,0
1755451800000,2025-08-17 17:30:00,0.6764,0.6794,0.6758,0.6787,226197.94,1755452699999,153384.927559,829,85292.15,57826.431022,0
1755452700000,2025-08-17 17:45:00,0.6787,0.68,0.6765,0.6765,118811.21,1755453599999,80514.069023,720,43110.5,29211.381463,0
1755453600000,2025-08-17 18:00:00,0.6768,0.68,0.6758,0.679,286733.81,1755454499999,194221.256868,1255,128951.39,87358.065464,0
1755454500000,2025-08-17 18:15:00,0.6791,0.6795,0.6751,0.6759,31036.54,1755455399999,21005.764329,427,10265.39,6943.169344,0
1755455400000,2025-08-17 18:30:00,0.676,0.6762,0.6745,0.6747,23410.93,1755456299999,15810.753652,281,17013.22,11490.717443,0
1755456300000,2025-08-17 18:45:00,0.6747,0.675,0.6613,0.6705,286755.29,1755457199999,191399.19035,2255,94737.9,63235.57451,0
1755457200000,2025-08-17 19:00:00,0.6706,0.6721,0.6686,0.6703,43202.17,1755458099999,28949.578087,741,23522.42,15760.972097,0
1755458100000,2025-08-17 19:15:00,0.6704,0.6713,0.6695,0.6706,17654.59,1755458999999,11834.832562,340,9291.97,6229.088072,0
1755459000000,2025-08-17 19:30:00,0.6706,0.6709,0.6663,0.6665,24293.72,1755459899999,16223.443789,598,12054.76,8046.069614,0
1755459900000,2025-08-17 19:45:00,0.6664,0.6674,0.6648,0.6655,38089.02,1755460799999,25381.653015,483,22556.81,15037.825495,0
1755460800000,2025-08-17 20:00:00,0.6656,0.6667,0.6646,0.6666,29030.58,1755461699999,19324.907665,438,15248.17,10148.771653,0
1755461700000,2025-08-17 20:15:00,0.6665,0.667,0.6651,0.6665,11829.42,1755462599999,7877.825,341,6495.43,4325.959934,0
1755462600000,2025-08-17 20:30:00,0.6666,0.6698,0.6666,0.6691,18695.58,1755463499999,12498.94484,438,14282.87,9548.39706,0
1755463500000,2025-08-17 20:45:00,0.669,0.6693,0.6664,0.6667,27967.39,1755464399999,18670.716039,347,9993.34,6667.419887,0
1755464400000,2025-08-17 21:00:00,0.6665,0.6665,0.6631,0.6645,58965.85,1755465299999,39218.571351,538,32507.5,21627.953496,0
1755465300000,2025-08-17 21:15:00,0.6645,0.665,0.6627,0.6635,13798.34,1755466199999,9157.95049,254,9197.3,6104.695505,0
1755466200000,2025-08-17 21:30:00,0.6637,0.6662,0.6629,0.6659,52225.66,1755467099999,34727.576462,454,23848.62,15856.949993,0
1755467100000,2025-08-17 21:45:00,0.6658,0.6658,0.6641,0.6644,24167.56,1755467999999,16077.369419,307,9594.83,6383.350568,0
1755468000000,2025-08-17 22:00:00,0.6641,0.6684,0.6638,0.6663,67449.07,1755468899999,44918.673725,1105,51570.94,34340.464567,0
1755468900000,2025-08-17 22:15:00,0.6663,0.6693,0.6654,0.6689,22230.73,1755469799999,14839.937692,665,14362.66,9590.46333,0
1755469800000,2025-08-17 22:30:00,0.6689,0.6734,0.6689,0.6731,50711.11,1755470699999,34101.731144,653,23894.23,16064.751181,0
1755470700000,2025-08-17 22:45:00,0.6732,0.674,0.6723,0.6736,9204.36,1755471599999,6196.68159,339,5926.02,3989.747423,0
1755471600000,2025-08-17 23:00:00,0.6737,0.6737,0.6701,0.6704,9719.11,1755472499999,6524.866119,314,3594.31,2413.606259,0
1755472500000,2025-08-17 23:15:00,0.6705,0.6715,0.6677,0.6681,29858.9,1755473399999,19992.016643,626,15882.3,10636.513733,0
1755473400000,2025-08-17 23:30:00,0.668,0.6681,0.6652,0.6667,53467.31,1755474299999,35629.980325,800,24311.08,16213.674995,0
1755474300000,2025-08-17 23:45:00,0.6666,0.6667,0.6625,0.6634,55687.91,1755475199999,36977.649307,771,18747.83,12449.272884,0
1755475200000,2025-08-18 00:00:00,0.6634,0.666,0.6619,0.6641,84002.62,1755476099999,55765.538101,942,35501.59,23585.938357,0
1755476100000,2025-08-18 00:15:00,0.664,0.664,0.659,0.6595,143917.82,1755476999999,95091.173282,1315,45576.12,30150.16375,0
1755477000000,2025-08-18 00:30:00,0.6595,0.6626,0.6562,0.6615,116792.97,1755477899999,76971.794724,1284,68147.2,44994.182187,0
1755477900000,2025-08-18 00:45:00,0.6614,0.6644,0.6608,0.6616,67051.61,1755478799999,44404.580481,697,51011.66,33781.959835,0
1755478800000,2025-08-18 01:00:00,0.6617,0.6634,0.6578,0.6585,62779.63,1755479699999,41504.375368,840,42840.95,28339.33439,0
1755479700000,2025-08-18 01:15:00,0.6585,0.6611,0.6519,0.6519,109550.58,1755480599999,71834.424258,1915,43900.37,28819.858093,0
1755480600000,2025-08-18 01:30:00,0.6518,0.655,0.6485,0.6513,284705.94,1755481499999,185527.003389,3363,107952.61,70398.779068,0
1755481500000,2025-08-18 01:45:00,0.6514,0.6539,0.6474,0.6492,72578.95,1755482399999,47224.327729,1303,29333.26,19102.374911,0
1755482400000,2025-08-18 02:00:00,0.6491,0.6505,0.641,0.6459,208414.16,1755483299999,134455.765577,2709,98092.74,63275.944501,0
1755483300000,2025-08-18 02:15:00,0.6458,0.647,0.6409,0.6412,221820.5,1755484199999,142730.763741,1777,130433.1,83950.866528,0
1755484200000,2025-08-18 02:30:00,0.6412,0.6449,0.6393,0.6434,168453.56,1755485099999,108165.281845,1946,85204.85,54711.332508,0
1755485100000,2025-08-18 02:45:00,0.6435,0.6439,0.6368,0.6383,108971.01,1755485999999,69626.505851,1751,54498.45,34823.116058,0
1755486000000,2025-08-18 03:00:00,0.6382,0.6395,0.6369,0.6375,78247.66,1755486899999,49942.771675,1030,38416.25,24527.095061,0
1755486900000,2025-08-18 03:15:00,0.6376,0.639,0.634,0.6343,58280.96,1755487799999,37077.757098,880,27677.38,17612.808876,0
1755487800000,2025-08-18 03:30:00,0.6342,0.6356,0.6294,0.6344,227448.93,1755488699999,143916.451444,2137,133343.11,84418.271868,0
1755488700000,2025-08-18 03:45:00,0.6342,0.6389,0.6333,0.6381,55539.69,1755489599999,35326.482297,728,31691.37,20171.180944,0
1755489600000,2025-08-18 04:00:00,0.638,0.6396,0.6359,0.6388,68797.57,1755490499999,43886.360302,692,47715.57,30443.420896,0
1755490500000,2025-08-18 04:15:00,0.6387,0.6428,0.6383,0.6424,50951.39,1755491399999,32628.53627,596,36380.68,23310.276237,0
1755491400000,2025-08-18 04:30:00,0.6422,0.6448,0.6415,0.6415,36712.13,1755492299999,23621.461021,463,13038.84,8390.816536,0
1755492300000,2025-08-18 04:45:00,0.6416,0.644,0.6416,0.6438,23507.96,1755493199999,15110.958305,239,13639.95,8766.118623,0
1755493200000,2025-08-18 05:00:00,0.6439,0.6464,0.6439,0.6457,43352.83,1755494099999,27981.758581,362,32531.55,20999.160955,0
1755494100000,2025-08-18 05:15:00,0.6457,0.646,0.6433,0.6434,13537.17,1755494999999,8723.692871,242,5351.05,3449.39509,0
1755495000000,2025-08-18 05:30:00,0.6434,0.6439,0.6382,0.6397,42754.33,1755495899999,27357.232231,574,19409.55,12417.909113,0
1755495900000,2025-08-18 05:45:00,0.6397,0.6493,0.636,0.6456,314660.24,1755496799999,202746.658399,1833,256233.35,165179.959617,0
1755496800000,2025-08-18 06:00:00,0.6456,0.6462,0.6394,0.6394,81364.01,1755497699999,52353.853697,1244,39083.78,25154.843236,0
1755497700000,2025-08-18 06:15:00,0.6394,0.6405,0.634,0.6353,115963.55,1755498599999,73772.168201,1630,50191.9,31932.702147,0
1755498600000,2025-08-18 06:30:00,0.6352,0.638,0.6329,0.6344,65277.66,1755499499999,41455.297993,1161,30851.15,19591.545317,0
1755499500000,2025-08-18 06:45:00,0.6343,0.6368,0.6319,0.6359,100585.14,1755500399999,63880.68023,1342,48582.46,30853.979013,0
1755500400000,2025-08-18 07:00:00,0.636,0.6397,0.636,0.6376,49810.82,1755501299999,31798.682423,838,28875.94,18437.348571,0
1755501300000,2025-08-18 07:15:00,0.6377,0.6391,0.6355,0.6377,39869.64,1755502199999,25411.324124,838,19094.98,12175.991868,0
1755502200000,2025-08-18 07:30:00,0.6376,0.6412,0.6354,0.6394,51160.2,1755503099999,32683.946766,654,30505.67,19492.255042,0
1755503100000,2025-08-18 07:45:00,0.6395,0.6402,0.6374,0.6384,30287.1,1755503999999,19341.105779,609,12658.08,8084.116325,0
1755504000000,2025-08-18 08:00:00,0.6384,0.6396,0.6364,0.6364,28713.85,1755504899999,18323.991709,625,16099.51,10277.289508,0
1755504900000,2025-08-18 08:15:00,0.6363,0.6418,0.6357,0.6402,75625.16,1755505799999,48381.538046,908,40409.96,25830.636035,0
1755505800000,2025-08-18 08:30:00,0.6402,0.6408,0.6375,0.6382,34057.58,1755506699999,21773.775588,551,8731.48,5584.468248,0
1755506700000,2025-08-18 08:45:00,0.6381,0.6385,0.635,0.6354,14178.14,1755507599999,9030.173148,371,4022.71,2563.29613,0
1755507600000,2025-08-18 09:00:00,0.6352,0.6352,0.6321,0.6337,147778.25,1755508499999,93537.934973,790,68220.15,43172.076198,0
1755508500000,2025-08-18 09:15:00,0.6336,0.6344,0.6307,0.6317,109257.25,1755509399999,69094.214203,860,59519.45,37632.751726,0
1755509400000,2025-08-18 09:30:00,0.6318,0.6398,0.6287,0.639,421165.15,1755510299999,266135.933524,1773,155915.2,98936.502695,0
1755510300000,2025-08-18 09:45:00,0.6389,0.6406,0.6373,0.638,114204.75,1755511199999,72984.03121,1036,66817.85,42702.249277,0
1755511200000,2025-08-18 10:00:00,0.638,0.6387,0.6349,0.6351,57531.42,1755512099999,36610.559019,750,25274.74,16093.687309,0
1755512100000,2025-08-18 10:15:00,0.635,0.6376,0.6344,0.6354,69055.66,1755512999999,43905.733504,639,40304.02,25624.912664,0
1755513000000,2025-08-18 10:30:00,0.6353,0.6393,0.6351,0.6392,52634.33,1755513899999,33518.440999,503,39347.6,25057.126029,0
1755513900000,2025-08-18 10:45:00,0.6391,0.6391,0.6345,0.6349,35168.12,1755514799999,22370.804332,471,8810.53,5607.272445,0
1755514800000,2025-08-18 11:00:00,0.635,0.6365,0.6338,0.6358,18563.64,1755515699999,11798.2855,348,14500.09,9218.652525,0
1755515700000,2025-08-18 11:15:00,0.6359,0.6361,0.6347,0.6353,20839.45,1755516599999,13241.841235,328,11815.5,7507.07703,0
1755516600000,2025-08-18 11:30:00,0.635,0.636,0.6331,0.636,39780.56,1755517499999,25240.879559,546,16356.85,10383.333263,0
1755517500000,2025-08-18 11:45:00,0.6359,0.6368,0.6333,0.6354,53895.45,1755518399999,34248.050471,625,38353.11,24368.518589,0
1755518400000,2025-08-18 12:00:00,0.6354,0.6418,0.6334,0.64,44832.28,1755519299999,28625.522205,758,27842.66,17782.54732,0
1755519300000,2025-08-18 12:15:00,0.64,0.6421,0.6394,0.6399,89488.16,1755520199999,57363.932242,693,74919.58,48033.199308,0
1755520200000,2025-08-18 12:30:00,0.6399,0.6475,0.6396,0.6473,136116.05,1755521099999,87642.73429,1152,95805.26,61656.882829,0
1755521100000,2025-08-18 12:45:00,0.6473,0.651,0.6464,0.6509,75235.43,1755521999999,48821.234226,1193,43740.83,28386.818588,0
1755522000000,2025-08-18 13:00:00,0.6509,0.6509,0.647,0.648,54309.04,1755522899999,35267.74153,931,30176.36,19597.672207,0
1755522900000,2025-08-18 13:15:00,0.648,0.6514,0.6461,0.6479,25686.93,1755523799999,16676.984473,718,15005.75,9745.342603,0
1755523800000,2025-08-18 13:30:00,0.648,0.6496,0.6414,0.6434,47377.6,1755524699999,30589.642724,1154,17823.22,11514.123183,0
1755524700000,2025-08-18 13:45:00,0.6434,0.6459,0.6371,0.6372,158168.07,1755525599999,101493.045182,1386,73800.13,47380.200159,0
1755525600000,2025-08-18 14:00:00,0.6373,0.6432,0.6373,0.6432,103392.87,1755526499999,66188.215542,1295,57940.3,37107.721881,0
1755526500000,2025-08-18 14:15:00,0.6431,0.6435,0.6404,0.6408,56195.51,1755527399999,36067.074511,906,10557.1,6774.178728,0
1755527400000,2025-08-18 14:30:00,0.6407,0.6414,0.6369,0.6372,52035.97,1755528299999,33280.83821,973,27008.34,17268.742131,0
1755528300000,2025-08-18 14:45:00,0.6373,0.6434,0.6341,0.6433,98999.91,1755529199999,63320.453464,1295,54160.36,34617.479187,0
1755529200000,2025-08-18 15:00:00,0.6432,0.6444,0.638,0.638,45029.65,1755530099999,28870.718064,889,18429.51,11828.783077,0
1755530100000,2025-08-18 15:15:00,0.638,0.6387,0.6362,0.6364,59987.63,1755530999999,38233.610304,827,33796.17,21543.742643,0
1755531000000,2025-08-18 15:30:00,0.6363,0.6417,0.6352,0.6398,53543.17,1755531899999,34196.971024,1007,30359.09,19374.446611,0
1755531900000,2025-08-18 15:45:00,0.6399,0.6433,0.6392,0.643,78320.25,1755532799999,50215.608755,1126,39678.99,25445.50489,0
1755532800000,2025-08-18 16:00:00,0.6431,0.6458,0.642,0.642,55850.65,1755533699999,35979.051267,1030,32835.42,21153.400714,0
1755533700000,2025-08-18 16:15:00,0.642,0.642,0.6381,0.639,63953.52,1755534599999,40924.099731,828,18795.83,12041.356542,0
1755534600000,2025-08-18 16:30:00,0.639,0.6397,0.6362,0.6383,50171.17,1755535499999,32010.421056,901,27706.16,17676.738919,0
1755535500000,2025-08-18 16:45:00,0.6384,0.6412,0.6375,0.6381,46107.44,1755536399999,29463.816213,855,28502.45,18217.067855,0
1755536400000,2025-08-18 17:00:00,0.638,0.6408,0.6372,0.6408,63528.29,1755537299999,40562.959544,729,22783.01,14552.522269,0
1755537300000,2025-08-18 17:15:00,0.6409,0.6449,0.6409,0.6439,22699.27,1755538199999,14585.036637,682,11167.31,7179.910267,0
1755538200000,2025-08-18 17:30:00,0.644,0.6497,0.644,0.6468,75358.25,1755539099999,48887.110614,1207,33547.62,21755.952325,0
1755539100000,2025-08-18 17:45:00,0.6467,0.6478,0.6429,0.6431,60914.3,1755539999999,39260.170533,856,29556.77,19052.48008,0
1755540000000,2025-08-18 18:00:00,0.643,0.6432,0.6401,0.6402,45740.16,1755540899999,29313.444088,737,15155.66,9715.654449,0
1755540900000,2025-08-18 18:15:00,0.6401,0.6432,0.6393,0.6421,27331.09,1755541799999,17519.182967,595,16377.79,10501.061412,0
1755541800000,2025-08-18 18:30:00,0.6421,0.6451,0.6421,0.6433,67631.62,1755542699999,43536.297397,754,33389.89,21482.268233,0
1755542700000,2025-08-18 18:45:00,0.6435,0.6462,0.643,0.6457,21957.6,1755543599999,14159.434883,479,10805.39,6969.585987,0
1755543600000,2025-08-18 19:00:00,0.6458,0.6492,0.6433,0.6439,44414.44,1755544499999,28729.71346,884,29794.4,19284.122268,0
1755544500000,2025-08-18 19:15:00,0.6438,0.6478,0.6432,0.6458,17598.89,1755545399999,11365.110753,536,11269.51,7278.421404,0
1755545400000,2025-08-18 19:30:00,0.6457,0.6459,0.6416,0.6418,44477.54,1755546299999,28601.494078,414,28875.77,18568.951447,0
1755546300000,2025-08-18 19:45:00,0.6417,0.6444,0.6415,0.6435,21917.85,1755547199999,14092.317719,397,10232.7,6578.865182,0
1755547200000,2025-08-18 20:00:00,0.6435,0.6447,0.6411,0.6444,27509.2,1755548099999,17668.288453,443,6596.33,4239.506264,0
1755548100000,2025-08-18 20:15:00,0.6444,0.6446,0.6418,0.644,13373.27,1755548999999,8601.901659,337,6136.6,3947.12004,0
1755549000000,2025-08-18 20:30:00,0.6441,0.6446,0.6377,0.6406,80239.89,1755549899999,51400.507844,978,34769.52,22283.556538,0
1755549900000,2025-08-18 20:45:00,0.6407,0.6431,0.6402,0.6411,21447.06,1755550799999,13770.845445,450,12087.29,7763.059576,0
1755550800000,2025-08-18 21:00:00,0.6411,0.6441,0.6409,0.643,276983.5,1755551699999,177954.331285,980,161701.7,103912.125062,0
1755551700000,2025-08-18 21:15:00,0.6432,0.6448,0.641,0.6439,354192.6,1755552599999,227420.378827,1166,177690.4,114034.298654,0
1755552600000,2025-08-18 21:30:00,0.644,0.6449,0.641,0.641,48618.25,1755553499999,31226.540769,432,12206.39,7852.692892,0
1755553500000,2025-08-18 21:45:00,0.6409,0.6496,0.6407,0.6477,571911.42,1755554399999,370393.844253,1475,512216.06,331751.595768,0
1755554400000,2025-08-18 22:00:00,0.6479,0.654,0.6474,0.6531,457462.88,1755555299999,297334.506511,1340,304879.63,198164.700146,0
1755555300000,2025-08-18 22:15:00,0.6533,0.6556,0.6533,0.655,35712.03,1755556199999,23369.783445,435,27341.52,17894.023031,0
1755556200000,2025-08-18 22:30:00,0.655,0.6554,0.6526,0.653,40587.32,1755557099999,26558.319042,587,24358.86,15940.7107,0
1755557100000,2025-08-18 22:45:00,0.653,0.6536,0.649,0.6491,39124.23,1755557999999,25452.378508,414,15161.43,9864.704078,0
1755558000000,2025-08-18 23:00:00,0.649,0.6498,0.6471,0.6471,11390.66,1755558899999,7385.480562,322,5661.85,3670.833046,0
1755558900000,2025-08-18 23:15:00,0.647,0.647,0.6438,0.6447,44474.26,1755559799999,28689.898544,376,14483.45,9352.875212,0
1755559800000,2025-08-18 23:30:00,0.6448,0.6458,0.6406,0.6412,34758.45,1755560699999,22348.356023,414,14017.96,9024.481303,0
1755560700000,2025-08-18 23:45:00,0.6412,0.6418,0.6399,0.6418,27825.5,1755561599999,17829.508018,311,7487.41,4797.38225,0
1755561600000,2025-08-19 00:00:00,0.6417,0.6427,0.6401,0.6407,21790.05,1755562499999,13969.48955,293,8866.24,5686.69875,0
1755562500000,2025-08-19 00:15:00,0.6406,0.6426,0.6366,0.6369,100661.58,1755563399999,64324.885311,1357,40781.56,26064.333972,0
1755563400000,2025-08-19 00:30:00,0.6368,0.6417,0.6325,0.6404,127749.76,1755564299999,81405.354711,2090,59248.83,37733.595675,0
1755564300000,2025-08-19 00:45:00,0.6404,0.6499,0.6404,0.6499,115573.84,1755565199999,74804.832585,1433,71395.32,46198.355281,0
1755565200000,2025-08-19 01:00:00,0.6498,0.6522,0.6467,0.6468,106015.49,1755566099999,68935.475456,1212,51226.08,33315.345891,0
1755566100000,2025-08-19 01:15:00,0.6469,0.6496,0.6454,0.6457,27967.58,1755566999999,18115.058062,661,13379.28,8666.998686,0
1755567000000,2025-08-19 01:30:00,0.6456,0.6456,0.6419,0.6427,24305.94,1755567899999,15639.288212,627,10011.11,6439.907592,0
1755567900000,2025-08-19 01:45:00,0.6427,0.6436,0.6407,0.642,30680.52,1755568799999,19689.945091,614,14001.55,8988.618579,0
1755568800000,2025-08-19 02:00:00,0.6418,0.6419,0.6393,0.6403,28956.88,1755569699999,18547.619571,675,21168.4,13559.64607,0
1755569700000,2025-08-19 02:15:00,0.6402,0.6418,0.6375,0.6403,24121.37,1755570599999,15421.598675,631,16773.77,10726.33457,0
1755570600000,2025-08-19 02:30:00,0.6403,0.6424,0.6388,0.6401,20051.02,1755571499999,12846.750242,596,9181.76,5883.171207,0
1755571500000,2025-08-19 02:45:00,0.64,0.6421,0.6367,0.6377,26791.64,1755572399999,17125.812259,671,13139.1,8397.131681,0
1755572400000,2025-08-19 03:00:00,0.6378,0.6386,0.634,0.6374,69474.0,1755573299999,44233.373131,1180,37964.15,24180.537847,0
1755573300000,2025-08-19 03:15:00,0.6374,0.6386,0.6342,0.6353,24815.78,1755574199999,15776.998317,586,8363.9,5321.457324,0
1755574200000,2025-08-19 03:30:00,0.6352,0.6355,0.6232,0.6268,389252.97,1755575099999,244439.514723,2605,153292.57,96161.460901,0
1755575100000,2025-08-19 03:45:00,0.6269,0.6302,0.6261,0.627,80518.05,1755575999999,50542.673745,1302,46318.91,29083.174957,0
1755576000000,2025-08-19 04:00:00,0.627,0.6279,0.6212,0.6242,173448.98,1755576899999,108326.769915,2237,77863.12,48629.026791,0
1755576900000,2025-08-19 04:15:00,0.6243,0.6271,0.623,0.6252,49457.34,1755577799999,30933.336042,1139,26524.98,16589.956884,0
1755577800000,2025-08-19 04:30:00,0.6254,0.6306,0.6254,0.6305,44206.11,1755578699999,27754.288043,902,20151.5,12657.348399,0
1755578700000,2025-08-19 04:45:00,0.6304,0.6334,0.6287,0.6333,22075.61,1755579599999,13930.51759,546,16067.26,10145.201385,0
1755579600000,2025-08-19 05:00:00,0.6334,0.6349,0.6289,0.6305,49592.06,1755580499999,31392.748051,654,16209.0,10240.98366,0
1755580500000,2025-08-19 05:15:00,0.6304,0.6334,0.6304,0.6329,25780.28,1755581399999,16291.649704,602,11991.99,7576.924491,0
1755581400000,2025-08-19 05:30:00,0.633,0.6339,0.631,0.6328,22696.79,1755582299999,14360.141165,369,17567.15,11117.915962,0
1755582300000,2025-08-19 05:45:00,0.6327,0.6331,0.6311,0.6311,14963.35,1755583199999,9462.538651,297,4190.05,2648.448341,0
1755583200000,2025-08-19 06:00:00,0.631,0.6311,0.6287,0.6289,37084.85,1755584099999,23355.364482,447,14947.71,9415.513532,0
1755584100000,2025-08-19 06:15:00,0.6287,0.632,0.6269,0.6302,26707.0,1755584999999,16819.043941,559,19699.54,12406.600869,0
1755585000000,2025-08-19 06:30:00,0.6301,0.6319,0.6294,0.6299,16903.31,1755585899999,10661.711048,410,6565.75,4140.995647,0
1755585900000,2025-08-19 06:45:00,0.6299,0.6303,0.6278,0.6286,19591.36,1755586799999,12316.263359,484,7881.31,4956.106805,0
1755586800000,2025-08-19 07:00:00,0.6286,0.6289,0.6251,0.6263,31045.6,1755587699999,19447.972809,550,10408.16,6521.849331,0
1755587700000,2025-08-19 07:15:00,0.6264,0.6265,0.6236,0.625,45769.57,1755588599999,28597.204131,558,23536.06,14707.757053,0
1755588600000,2025-08-19 07:30:00,0.6249,0.6288,0.6248,0.6274,47366.57,1755589499999,29669.817081,715,32476.72,20345.828978,0
1755589500000,2025-08-19 07:45:00,0.6275,0.6296,0.6269,0.6296,37553.59,1755590399999,23612.49828,549,27743.52,17451.425483,0
1755590400000,2025-08-19 08:00:00,0.6296,0.631,0.626,0.6282,28668.61,1755591299999,18003.275046,649,14153.13,8886.436376,0
1755591300000,2025-08-19 08:15:00,0.6281,0.6299,0.6275,0.6287,30492.2,1755592199999,19176.148226,611,19525.56,12278.566794,0
1755592200000,2025-08-19 08:30:00,0.6286,0.6307,0.627,0.6301,38909.03,1755593099999,24448.775138,578,29167.53,18328.108665,0
1755593100000,2025-08-19 08:45:00,0.63,0.6385,0.6295,0.6352,68511.32,1755593999999,43538.142713,860,47484.2,30171.124479,0
1755594000000,2025-08-19 09:00:00,0.6353,0.6405,0.635,0.6378,80740.46,1755594899999,51562.599344,1035,38418.65,24541.011782,0
1755594900000,2025-08-19 09:15:00,0.6377,0.6411,0.6362,0.6403,58277.51,1755595799999,37264.132158,856,35066.09,22424.129014,0
1755595800000,2025-08-19 09:30:00,0.6402,0.6433,0.6389,0.6394,56341.69,1755596699999,36106.479191,829,29791.29,19101.013503,0
1755596700000,2025-08-19 09:45:00,0.6394,0.6414,0.639,0.6402,39460.32,1755597599999,25274.550636,468,21062.06,13489.336161,0
1755597600000,2025-08-19 10:00:00,0.6402,0.6527,0.6385,0.6475,1278412.83,1755598499999,824808.778798,5910,975082.1,629334.042664,0
1755598500000,2025-08-19 10:15:00,0.6475,0.6505,0.6471,0.6496,82398.8,1755599399999,53458.386749,1021,49695.93,32242.976768,0
1755599400000,2025-08-19 10:30:00,0.6496,0.6506,0.6471,0.6482,58377.46,1755600299999,37870.700243,911,34062.51,22094.490943,0
1755600300000,2025-08-19 10:45:00,0.6482,0.6585,0.6466,0.6495,952079.89,1755601199999,621218.161301,5260,681706.74,445012.458526,0
1755601200000,2025-08-19 11:00:00,0.6496,0.652,0.6481,0.6518,70370.08,1755602099999,45728.570253,865,37884.02,24617.185455,0
1755602100000,2025-08-19 11:15:00,0.6517,0.6555,0.6505,0.6524,137049.71,1755602999999,89501.458332,1667,71940.91,46985.201893,0
1755603000000,2025-08-19 11:30:00,0.6525,0.6549,0.6522,0.6527,71410.73,1755603899999,46677.523793,1013,50038.5,32709.201083,0
1755603900000,2025-08-19 11:45:00,0.6527,0.6579,0.6527,0.6561,224937.1,1755604799999,147540.405086,1259,168088.42,110221.314464,0
1755604800000,2025-08-19 12:00:00,0.6561,0.6561,0.6529,0.654,160459.45,1755605699999,104944.027384,941,31171.03,20392.210453,0
1755605700000,2025-08-19 12:15:00,0.6541,0.6546,0.6521,0.6522,23694.47,1755606599999,15487.381881,386,11342.86,7412.872045,0
1755606600000,2025-08-19 12:30:00,0.6522,0.6522,0.65,0.6512,41174.37,1755607499999,26803.850347,410,13612.21,8859.238942,0
1755607500000,2025-08-19 12:45:00,0.6512,0.6518,0.6496,0.6517,25385.05,1755608399999,16517.20069,493,11569.05,7527.760041,0
1755608400000,2025-08-19 13:00:00,0.6519,0.6522,0.6496,0.6504,33707.11,1755609299999,21938.425218,430,25942.06,16886.060892,0
1755609300000,2025-08-19 13:15:00,0.6503,0.6544,0.6496,0.6535,74064.38,1755610199999,48262.72506,638,32433.13,21164.200835,0
1755610200000,2025-08-19 13:30:00,0.6536,0.6572,0.6452,0.6456,221614.18,1755611099999,143957.109527,2932,88104.46,57299.447337,0
1755611100000,2025-08-19 13:45:00,0.6455,0.653,0.6436,0.6503,140596.68,1755611999999,91070.062655,2056,77609.94,50308.20449,0
1755612000000,2025-08-19 14:00:00,0.6504,0.654,0.6469,0.6472,65073.63,1755612899999,42326.236352,1133,29405.05,19136.511208,0
1755612900000,2025-08-19 14:15:00,0.6472,0.6476,0.6393,0.6394,129423.72,1755613799999,83304.044848,1650,50293.04,32366.079907,0
1755613800000,2025-08-19 14:30:00,0.6395,0.6439,0.6367,0.6407,202502.32,1755614699999,129547.32707,2618,115205.12,73727.359383,0
1755614700000,2025-08-19 14:45:00,0.6406,0.6465,0.6379,0.6438,211711.58,1755615599999,136144.45701,1793,85264.09,54760.715396,0
1755615600000,2025-08-19 15:00:00,0.6439,0.6495,0.6425,0.6467,308334.2,1755616499999,199286.036679,2476,155893.28,100766.708957,0
1755616500000,2025-08-19 15:15:00,0.6468,0.6561,0.6458,0.6559,171371.8,1755617399999,111691.864167,1626,95672.98,62382.255692,0
1755617400000,2025-08-19 15:30:00,0.6558,0.6577,0.6519,0.653,277605.71,1755618299999,181758.143022,1420,157587.32,103042.377259,0
1755618300000,2025-08-19 15:45:00,0.653,0.6534,0.6484,0.6489,137514.19,1755619199999,89416.237107,1399,82174.72,53423.954141,0
1755619200000,2025-08-19 16:00:00,0.6489,0.65,0.6456,0.6456,195702.42,1755620099999,126850.017948,1455,84107.28,54505.243287,0
1755620100000,2025-08-19 16:15:00,0.6456,0.6482,0.6445,0.6446,72646.07,1755620999999,46920.581924,979,46139.77,29804.062327,0
1755621000000,2025-08-19 16:30:00,0.6446,0.6489,0.6404,0.6461,350577.63,1755621899999,226033.652224,2367,241510.97,155858.874576,0
1755621900000,2025-08-19 16:45:00,0.646,0.6468,0.6416,0.6449,166299.6,1755622799999,107303.272134,1792,92224.32,59512.897608,0
1755622800000,2025-08-19 17:00:00,0.645,0.6464,0.6406,0.6455,146679.98,1755623699999,94349.593925,1806,91379.46,58783.22731,0
1755623700000,2025-08-19 17:15:00,0.6454,0.6486,0.6433,0.6468,72738.19,1755624599999,47063.399567,1176,34144.93,22077.410993,0
1755624600000,2025-08-19 17:30:00,0.6467,0.6483,0.6446,0.6446,68260.24,1755625499999,44133.542022,1089,29775.36,19258.891281,0
1755625500000,2025-08-19 17:45:00,0.6445,0.6454,0.6411,0.6441,75652.93,1755626399999,48637.406543,822,43893.04,28209.129273,0
1755626400000,2025-08-19 18:00:00,0.644,0.6447,0.6412,0.6412,50511.97,1755627299999,32470.246364,739,29234.26,18793.301585,0
1755627300000,2025-08-19 18:15:00,0.6411,0.6437,0.6388,0.6393,102470.49,1755628199999,65624.90627,967,32041.99,20533.668872,0
1755628200000,2025-08-19 18:30:00,0.6392,0.6412,0.6347,0.6352,39552.28,1755629099999,25220.79674,807,13484.3,8602.068131,0
1755629100000,2025-08-19 18:45:00,0.6352,0.6381,0.6316,0.6343,160171.72,1755629999999,101622.722038,1956,84679.45,53749.690495,0
1755630000000,2025-08-19 19:00:00,0.6342,0.6346,0.628,0.6316,176935.38,1755630899999,111464.98028,1800,94616.3,59570.382759,0
1755630900000,2025-08-19 19:15:00,0.6315,0.6417,0.6301,0.641,82170.25,1755631799999,52250.127523,1321,41396.96,26340.268402,0
1755631800000,2025-08-19 19:30:00,0.641,0.642,0.6383,0.639,36321.0,1755632699999,23245.61323,854,17352.56,11101.266337,0
1755632700000,2025-08-19 19:45:00,0.639,0.6397,0.6343,0.6348,54623.52,1755633599999,34795.265084,909,17518.97,11149.791517,0
1755633600000,2025-08-19 20:00:00,0.6348,0.6356,0.6306,0.6315,39626.9,1755634499999,25062.71557,677,25591.75,16183.161159,0
1755634500000,2025-08-19 20:15:00,0.6315,0.6382,0.6311,0.6358,87934.75,1755635399999,55938.231325,845,21404.43,13597.1169,0
1755635400000,2025-08-19 20:30:00,0.6358,0.6391,0.6358,0.6379,27693.81,1755636299999,17651.636851,644,17686.73,11270.654027,0
1755636300000,2025-08-19 20:45:00,0.638,0.6412,0.638,0.6408,29752.19,1755637199999,19049.7037,488,20327.63,13018.388629,0
1755637200000,2025-08-19 21:00:00,0.6407,0.6411,0.6375,0.6397,31200.28,1755638099999,19946.043272,478,22861.31,14612.083094,0
1755638100000,2025-08-19 21:15:00,0.6396,0.6398,0.6352,0.6379,10711.0,1755638999999,6826.394671,326,4403.91,2807.099098,0
1755639000000,2025-08-19 21:30:00,0.6379,0.6387,0.6361,0.6366,17878.51,1755639899999,11397.601966,328,10273.74,6552.373302,0
1755639900000,2025-08-19 21:45:00,0.6368,0.638,0.6363,0.638,4383.93,1755640799999,2793.706008,105,3289.03,2096.441865,0
1755640800000,2025-08-19 22:00:00,0.6379,0.6382,0.633,0.6334,78611.49,1755641699999,49886.424851,746,42208.69,26784.82864,0
1755641700000,2025-08-19 22:15:00,0.6333,0.6357,0.6319,0.6354,26173.37,1755642599999,16587.343682,544,14269.25,9042.989893,0
1755642600000,2025-08-19 22:30:00,0.6355,0.6383,0.6333,0.6349,44276.57,1755643499999,28162.962977,564,28085.78,17859.011331,0
1755643500000,2025-08-19 22:45:00,0.6348,0.6358,0.6325,0.6334,32127.82,1755644399999,20379.563189,539,15149.46,9613.834605,0
1755644400000,2025-08-19 23:00:00,0.6334,0.6334,0.6292,0.6296,32324.52,1755645299999,20395.388725,608,12221.76,7709.936067,0
1755645300000,2025-08-19 23:15:00,0.6295,0.6306,0.6257,0.626,120509.52,1755646199999,75603.712076,1082,77443.12,48562.143621,0
1755646200000,2025-08-19 23:30:00,0.6261,0.6293,0.624,0.6272,79135.08,1755647099999,49576.312273,1204,41225.52,25824.565285,0
1755647100000,2025-08-19 23:45:00,0.6272,0.6274,0.6235,0.6263,193339.47,1755647999999,120853.773264,1450,51273.66,32062.43562,0
1755648000000,2025-08-20 00:00:00,0.6262,0.6328,0.6261,0.6301,55385.1,1755648899999,34900.159701,960,29088.09,18312.894032,0
1755648900000,2025-08-20 00:15:00,0.6302,0.6312,0.6258,0.6277,45344.42,1755649799999,28517.404658,582,23878.97,15025.981404,0
1755649800000,2025-08-20 00:30:00,0.6277,0.6335,0.6267,0.6321,56124.78,1755650699999,35423.837219,836,22663.94,14278.941382,0
1755650700000,2025-08-20 00:45:00,0.6321,0.633,0.6305,0.6306,27361.77,1755651599999,17282.575518,522,10865.69,6865.727153,0
1755651600000,2025-08-20 01:00:00,0.6307,0.6339,0.6287,0.6292,33838.53,1755652499999,21378.383608,641,17797.33,11236.65725,0
1755652500000,2025-08-20 01:15:00,0.6291,0.6319,0.6266,0.6271,30078.81,1755653399999,18906.900907,766,16557.38,10410.566035,0
1755653400000,2025-08-20 01:30:00,0.6272,0.6276,0.6233,0.6257,135149.35,1755654299999,84495.520197,1589,46555.54,29123.104607,0
1755654300000,2025-08-20 01:45:00,0.6259,0.6359,0.6259,0.6357,75842.08,1755655199999,47849.459016,1289,50448.85,31801.795784,0
1755655200000,2025-08-20 02:00:00,0.6358,0.6382,0.6339,0.6382,69507.46,1755656099999,44206.27066,1225,37707.47,23992.251408,0
1755656100000,2025-08-20 02:15:00,0.6383,0.6391,0.6358,0.6372,52145.25,1755656999999,33261.92916,635,22991.05,14659.376529,0
1755657000000,2025-08-20 02:30:00,0.6373,0.6375,0.6339,0.6357,50412.66,1755657899999,32055.967776,659,19488.25,12385.831191,0
1755657900000,2025-08-20 02:45:00,0.6356,0.6365,0.6335,0.6338,36750.99,1755658799999,23341.001495,638,15979.29,10151.206079,0
1755658800000,2025-08-20 03:00:00,0.6339,0.6357,0.6316,0.6316,21267.23,1755659699999,13488.264558,495,12197.39,7741.668954,0
1755659700000,2025-08-20 03:15:00,0.6316,0.6398,0.6316,0.6398,55355.62,1755660599999,35194.103481,844,44112.85,28048.632861,0
1755660600000,2025-08-20 03:30:00,0.6397,0.6414,0.6351,0.6358,61282.4,1755661499999,39142.446022,728,23709.54,15150.995032,0
1755661500000,2025-08-20 03:45:00,0.6359,0.6384,0.6352,0.6378,113848.78,1755662399999,72495.558098,729,52385.59,33361.769308,0
1755662400000,2025-08-20 04:00:00,0.6379,0.6426,0.6379,0.6421,65047.19,1755663299999,41694.447576,806,32977.59,21137.165935,0
1755663300000,2025-08-20 04:15:00,0.642,0.6463,0.6416,0.6453,35269.61,1755664199999,22745.96892,609,24844.81,16020.635,0
1755664200000,2025-08-20 04:30:00,0.6454,0.6494,0.6447,0.6466,80203.01,1755665099999,51923.614898,1140,54102.19,35031.03362,0
1755665100000,2025-08-20 04:45:00,0.6467,0.6501,0.6461,0.6473,29880.46,1755665999999,19371.719452,562,10539.53,6831.226224,0
1755666000000,2025-08-20 05:00:00,0.6473,0.6485,0.6468,0.6483,81135.73,1755666899999,52550.018146,611,32685.31,21172.600612,0
1755666900000,2025-08-20 05:15:00,0.6483,0.6539,0.6452,0.652,826287.92,1755667799999,536925.005767,2345,593348.1,385808.149113,0
1755667800000,2025-08-20 05:30:00,0.6519,0.6534,0.6495,0.6528,140816.11,1755668699999,91725.135133,1250,74736.68,48677.862175,0
1755668700000,2025-08-20 05:45:00,0.6527,0.6537,0.6504,0.6505,77669.99,1755669599999,50644.821486,824,19856.63,12948.415192,0
1755669600000,2025-08-20 06:00:00,0.6505,0.6519,0.6471,0.6473,111747.27,1755670499999,72587.155074,960,41684.27,27103.610946,0
1755670500000,2025-08-20 06:15:00,0.6474,0.6504,0.646,0.6504,44295.04,1755671399999,28709.63966,663,25793.67,16721.766938,0
1755671400000,2025-08-20 06:30:00,0.6503,0.6534,0.6496,0.6524,25400.58,1755672299999,16556.396731,503,12507.18,8148.345313,0
1755672300000,2025-08-20 06:45:00,0.6523,0.6523,0.6485,0.6494,47100.25,1755673199999,30618.665913,633,15895.78,10328.208939,0
1755673200000,2025-08-20 07:00:00,0.6496,0.6538,0.6496,0.6534,54261.62,1755674099999,35405.73793,759,30332.71,19786.283976,0
1755674100000,2025-08-20 07:15:00,0.6535,0.6543,0.6506,0.6506,24389.89,1755674999999,15911.639785,566,12507.33,8160.274354,0
1755675000000,2025-08-20 07:30:00,0.6505,0.6505,0.6472,0.648,33663.77,1755675899999,21847.538653,495,8984.56,5829.684798,0
1755675900000,2025-08-20 07:45:00,0.6481,0.65,0.6471,0.6483,38341.92,1755676799999,24856.153846,573,24000.36,15561.103624,0
1755676800000,2025-08-20 08:00:00,0.6484,0.6522,0.6477,0.6516,46981.65,1755677699999,30566.078068,702,15845.33,10306.424848,0
1755677700000,2025-08-20 08:15:00,0.6516,0.6583,0.6513,0.6579,127488.01,1755678599999,83611.961694,1000,75210.96,49304.964574,0
1755678600000,2025-08-20 08:30:00,0.6579,0.6611,0.6571,0.6602,116078.83,1755679499999,76483.61216,1041,67189.26,44283.008808,0
1755679500000,2025-08-20 08:45:00,0.6602,0.6623,0.657,0.6591,215032.13,1755680399999,141770.640657,1212,110598.91,72946.666221,0
1755680400000,2025-08-20 09:00:00,0.659,0.659,0.6559,0.6584,82360.73,1755681299999,54133.170083,635,31960.06,21008.73334,0
1755681300000,2025-08-20 09:15:00,0.6583,0.6587,0.6538,0.6542,63420.3,1755682199999,41666.110794,699,32512.61,21353.952069,0
1755682200000,2025-08-20 09:30:00,0.6542,0.6553,0.6532,0.6542,44891.1,1755683099999,29382.571843,609,17017.75,11139.437674,0
1755683100000,2025-08-20 09:45:00,0.654,0.6564,0.651,0.6512,46298.67,1755683999999,30227.184657,571,21743.72,14210.265928,0
1755684000000,2025-08-20 10:00:00,0.6514,0.6523,0.6509,0.6513,37132.21,1755684899999,24186.659222,371,25042.93,16311.646587,0
1755684900000,2025-08-20 10:15:00,0.6513,0.6536,0.6511,0.6517,29664.79,1755685799999,19350.429667,442,18001.24,11746.999795,0
1755685800000,2025-08-20 10:30:00,0.6517,0.6536,0.6517,0.6527,12567.77,1755686699999,8200.950575,364,5402.54,3524.701133,0
1755686700000,2025-08-20 10:45:00,0.6527,0.6536,0.6499,0.6499,73313.87,1755687599999,47798.066231,769,30028.53,19591.542281,0
1755687600000,2025-08-20 11:00:00,0.6501,0.6519,0.6489,0.6498,67115.59,1755688499999,43634.904098,567,54546.27,35456.852099,0
1755688500000,2025-08-20 11:15:00,0.6498,0.6501,0.6467,0.6474,119257.73,1755689399999,77339.088422,983,58491.54,37940.123681,0
1755689400000,2025-08-20 11:30:00,0.6474,0.6475,0.6403,0.6419,96472.68,1755690299999,62156.371715,1164,36458.65,23489.535393,0
1755690300000,2025-08-20 11:45:00,0.6419,0.6468,0.6406,0.6468,92248.48,1755691199999,59405.924279,1174,39427.86,25371.376974,0
1755691200000,2025-08-20 12:00:00,0.6469,0.6528,0.6469,0.649,97455.09,1755692099999,63382.704145,1384,47437.41,30835.994162,0
1755692100000,2025-08-20 12:15:00,0.649,0.6502,0.6435,0.6454,51633.38,1755692999999,33362.895538,949,28669.19,18526.909643,0
1755693000000,2025-08-20 12:30:00,0.6454,0.6464,0.6443,0.6448,56978.11,1755693899999,36768.696248,1049,19717.15,12724.87897,0
1755693900000,2025-08-20 12:45:00,0.6449,0.6452,0.642,0.6434,43436.09,1755694799999,27974.393223,734,18732.78,12062.945847,0
1755694800000,2025-08-20 13:00:00,0.6433,0.6438,0.6386,0.6386,47100.11,1755695699999,30202.012996,844,21363.69,13699.380305,0
1755695700000,2025-08-20 13:15:00,0.6385,0.6424,0.6379,0.6418,53156.65,1755696599999,34052.220419,919,23809.07,15253.181472,0
1755696600000,2025-08-20 13:30:00,0.6418,0.6455,0.638,0.6395,156428.08,1755697499999,100308.484007,2531,68127.34,43674.274476,0
1755697500000,2025-08-20 13:45:00,0.6396,0.64,0.6322,0.6346,206690.57,1755698399999,131277.336988,2808,92378.54,58692.668493,0
1755698400000,2025-08-20 14:00:00,0.6345,0.6381,0.631,0.6335,159810.09,1755699299999,101201.116407,2029,85736.24,54323.529024,0
1755699300000,2025-08-20 14:15:00,0.6334,0.6429,0.6309,0.6415,167525.91,1755700199999,106789.161961,2178,98706.41,62915.143696,0
1755700200000,2025-08-20 14:30:00,0.6416,0.6497,0.6413,0.6487,204298.07,1755701099999,132094.690664,2226,123014.41,79513.878426,0
1755701100000,2025-08-20 14:45:00,0.6486,0.6523,0.6464,0.648,104583.09,1755701999999,67882.139171,1405,47795.85,31051.603537,0
1755702000000,2025-08-20 15:00:00,0.648,0.6567,0.6472,0.6551,171506.29,1755702899999,112120.871137,2024,101133.79,66125.07858,0
1755702900000,2025-08-20 15:15:00,0.655,0.66,0.6548,0.6576,218296.84,1755703799999,143510.239677,1584,148372.88,97487.697326,0
1755703800000,2025-08-20 15:30:00,0.6575,0.6584,0.6554,0.6561,73838.57,1755704699999,48507.668044,1196,27292.28,17926.985149,0
1755704700000,2025-08-20 15:45:00,0.6562,0.6566,0.6496,0.6513,74602.89,1755705599999,48716.848393,1063,39394.14,25728.732383,0
1755705600000,2025-08-20 16:00:00,0.6513,0.6576,0.6513,0.6576,65661.78,1755706499999,43070.913159,1068,41158.04,27000.830774,0
1755706500000,2025-08-20 16:15:00,0.6575,0.6622,0.6574,0.6619,90088.33,1755707399999,59491.659912,1212,53684.01,35448.758168,0
1755707400000,2025-08-20 16:30:00,0.662,0.6621,0.6564,0.6579,45508.82,1755708299999,30024.115322,784,14945.05,9853.646187,0
1755708300000,2025-08-20 16:45:00,0.6578,0.6592,0.6553,0.6568,83634.42,1755709199999,54999.088596,984,43761.77,28788.888407,0
1755709200000,2025-08-20 17:00:00,0.6568,0.6594,0.6554,0.6556,59567.83,1755710099999,39181.088235,925,28847.84,18975.251979,0
1755710100000,2025-08-20 17:15:00,0.6557,0.6585,0.6545,0.6548,26558.92,1755710999999,17426.943261,675,15670.49,10281.991661,0
1755711000000,2025-08-20 17:30:00,0.6549,0.6608,0.6539,0.6608,64778.32,1755711899999,42536.698007,992,42184.06,27716.607063,0
1755711900000,2025-08-20 17:45:00,0.6609,0.6635,0.6572,0.6599,92978.03,1755712799999,61321.334625,1057,45388.39,29941.463317,0
1755712800000,2025-08-20 18:00:00,0.6599,0.6603,0.6513,0.6513,59970.84,1755713699999,39247.744946,1222,28699.69,18779.153732,0
1755713700000,2025-08-20 18:15:00,0.6513,0.6528,0.6485,0.6497,53867.11,1755714599999,35038.748327,899,25892.31,16853.503481,0
1755714600000,2025-08-20 18:30:00,0.6497,0.6549,0.6492,0.6538,54250.25,1755715499999,35333.54048,820,39173.22,25510.5266,0
1755715500000,2025-08-20 18:45:00,0.6538,0.6575,0.6535,0.6562,77336.7,1755716399999,50767.805369,822,22496.64,14762.96891,0
1755716400000,2025-08-20 19:00:00,0.6561,0.6597,0.6559,0.6574,50616.28,1755717299999,33284.567147,791,37585.11,24711.353235,0
1755717300000,2025-08-20 19:15:00,0.6576,0.6621,0.6566,0.6601,74992.21,1755718199999,49449.955144,751,30854.96,20348.969563,0
1755718200000,2025-08-20 19:30:00,0.6601,0.6606,0.6575,0.6592,36320.66,1755719099999,23927.519222,598,13065.41,8605.173389,0
1755719100000,2025-08-20 19:45:00,0.6592,0.6615,0.6582,0.6612,34452.37,1755719999999,22756.25384,630,16262.23,10740.336695,0
1755720000000,2025-08-20 20:00:00,0.6613,0.6621,0.6598,0.6602,29042.92,1755720899999,19196.048991,491,16550.14,10940.580364,0
1755720900000,2025-08-20 20:15:00,0.6601,0.6625,0.6592,0.6624,31577.51,1755721799999,20844.930395,461,24363.35,16082.304676,0
1755721800000,2025-08-20 20:30:00,0.6625,0.6633,0.6603,0.6615,35767.95,1755722699999,23658.627186,479,10614.65,7019.683259,0
1755722700000,2025-08-20 20:45:00,0.6615,0.6634,0.66,0.6603,90841.83,1755723599999,60024.398526,649,49593.19,32768.408786,0
1755723600000,2025-08-20 21:00:00,0.6603,0.661,0.6593,0.6605,57111.06,1755724499999,37701.540621,589,11848.17,7824.492845,0
1755724500000,2025-08-20 21:15:00,0.6604,0.6605,0.6562,0.6575,45319.81,1755725399999,29804.361215,523,14194.46,9334.535059,0
1755725400000,2025-08-20 21:30:00,0.6575,0.6615,0.6568,0.6609,16763.73,1755726299999,11048.009451,365,9600.59,6324.460525,0
1755726300000,2025-08-20 21:45:00,0.661,0.6616,0.6597,0.6597,17411.72,1755727199999,11507.513802,182,3838.46,2538.260989,0
1755727200000,2025-08-20 22:00:00,0.6597,0.6618,0.6582,0.659,22084.43,1755728099999,14571.241288,528,13137.03,8668.380188,0
1755728100000,2025-08-20 22:15:00,0.6591,0.6597,0.6574,0.6597,16651.92,1755728999999,10968.8908,424,10494.98,6912.298091,0
1755729000000,2025-08-20 22:30:00,0.6598,0.6598,0.6574,0.6587,37354.41,1755729899999,24594.621162,412,10104.68,6651.479632,0
1755729900000,2025-08-20 22:45:00,0.6588,0.6597,0.6586,0.6591,15425.33,1755730799999,10169.32966,278,11463.27,7557.3879,0
1755730800000,2025-08-20 23:00:00,0.6591,0.6592,0.6577,0.6577,110106.59,1755731699999,72558.581169,323,13958.33,9193.827227,0
1755731700000,2025-08-20 23:15:00,0.6576,0.6578,0.656,0.656,13874.92,1755732599999,9113.584881,220,6484.97,4261.694955,0
1755732600000,2025-08-20 23:30:00,0.656,0.6568,0.6551,0.6568,23446.86,1755733499999,15382.448174,344,7437.96,4878.904377,0
1755733500000,2025-08-20 23:45:00,0.6568,0.6568,0.6541,0.6556,23075.8,1755734399999,15112.722216,271,7373.59,4826.729946,0
1755734400000,2025-08-21 00:00:00,0.6556,0.6565,0.6546,0.6546,44370.91,1755735299999,29082.256113,401,24653.81,16161.039778,0
1755735300000,2025-08-21 00:15:00,0.6545,0.6546,0.6521,0.6538,59360.71,1755736199999,38793.703844,598,25308.83,16545.018998,0
1755736200000,2025-08-21 00:30:00,0.6539,0.6569,0.6535,0.6554,33728.46,1755737099999,22110.115768,507,21973.54,14404.493904,0
1755737100000,2025-08-21 00:45:00,0.6554,0.6568,0.6538,0.6566,11836.15,1755737999999,7756.558304,337,7489.08,4907.730949,0
1755738000000,2025-08-21 01:00:00,0.6566,0.6574,0.6542,0.6552,21603.66,1755738899999,14171.602649,327,10083.13,6611.53327,0
1755738900000,2025-08-21 01:15:00,0.6552,0.6558,0.6532,0.6547,21943.11,1755739799999,14358.447183,410,10889.44,7127.223181,0
1755739800000,2025-08-21 01:30:00,0.6548,0.6564,0.6543,0.6558,11826.42,1755740699999,7748.230246,295,4176.64,2737.709169,0
1755740700000,2025-08-21 01:45:00,0.6557,0.66,0.6548,0.66,30663.67,1755741599999,20175.56525,642,23161.66,15239.362965,0
1755741600000,2025-08-21 02:00:00,0.6599,0.6626,0.6553,0.6554,66637.22,1755742499999,43972.772032,729,37087.73,24503.88225,0
1755742500000,2025-08-21 02:15:00,0.6552,0.6552,0.6518,0.6533,77601.06,1755743399999,50649.391314,605,14732.57,9625.311562,0
1755743400000,2025-08-21 02:30:00,0.6532,0.6535,0.6501,0.6513,45582.28,1755744299999,29705.242834,489,17786.24,11598.567158,0
1755744300000,2025-08-21 02:45:00,0.6512,0.6526,0.6507,0.6526,37837.06,1755745199999,24668.846093,466,29691.2,19359.369636,0
1755745200000,2025-08-21 03:00:00,0.6526,0.6599,0.6524,0.6579,99930.64,1755746099999,65547.196077,1146,46395.86,30418.129099,0
1755746100000,2025-08-21 03:15:00,0.6578,0.6584,0.6544,0.6546,36085.5,1755746999999,23688.148483,733,17857.03,11726.044115,0
1755747000000,2025-08-21 03:30:00,0.6547,0.6547,0.6528,0.6539,32585.56,1755747899999,21302.032146,522,12175.88,7959.736901,0
1755747900000,2025-08-21 03:45:00,0.6538,0.6546,0.652,0.6523,32415.68,1755748799999,21195.568466,528,14924.4,9756.32256,0
1755748800000,2025-08-21 04:00:00,0.6522,0.6539,0.6508,0.6513,15597.24,1755749699999,10179.012995,292,10797.77,7048.657556,0
1755749700000,2025-08-21 04:15:00,0.6514,0.652,0.6504,0.652,18282.22,1755750599999,11905.663681,344,13562.67,8833.44578,0
1755750600000,2025-08-21 04:30:00,0.6518,0.6554,0.6511,0.654,28824.09,1755751499999,18845.450063,543,17335.94,11338.084076,0
1755751500000,2025-08-21 04:45:00,0.6541,0.6553,0.6532,0.6532,17080.05,1755752399999,11176.46996,371,7997.87,5232.816031,0
1755752400000,2025-08-21 05:00:00,0.6532,0.6535,0.6514,0.6523,22031.95,1755753299999,14372.752128,258,7713.01,5032.210772,0
1755753300000,2025-08-21 05:15:00,0.6523,0.6541,0.649,0.6516,95140.55,1755754199999,61836.267974,506,37522.58,24415.15504,0
1755754200000,2025-08-21 05:30:00,0.6516,0.6546,0.6516,0.6543,42666.56,1755755099999,27872.567101,393,14976.79,9782.956536,0
1755755100000,2025-08-21 05:45:00,0.6543,0.6557,0.6533,0.6556,32303.45,1755755999999,21149.234864,303,22829.9,14952.266322,0
1755756000000,2025-08-21 06:00:00,0.6557,0.6558,0.6526,0.6553,338464.63,1755756899999,221620.118174,1092,304137.61,199166.171082,0
1755756900000,2025-08-21 06:15:00,0.6554,0.6559,0.6534,0.654,39421.62,1755757799999,25800.198573,394,8673.34,5678.493352,0
1755757800000,2025-08-21 06:30:00,0.654,0.6561,0.654,0.6544,14529.42,1755758699999,9517.128113,304,8703.89,5702.659267,0
1755758700000,2025-08-21 06:45:00,0.6545,0.6545,0.6519,0.6531,25694.78,1755759599999,16779.743725,306,7665.3,5004.385721,0
1755759600000,2025-08-21 07:00:00,0.6532,0.6543,0.6498,0.6499,47137.07,1755760499999,30763.780647,483,19879.4,12986.224481,0
1755760500000,2025-08-21 07:15:00,0.6499,0.6501,0.6469,0.649,14580.72,1755761399999,9459.745044,467,8669.13,5624.104644,0
1755761400000,2025-08-21 07:30:00,0.6488,0.6526,0.648,0.6515,14116.53,1755762299999,9187.550122,413,10242.44,6665.178583,0
1755762300000,2025-08-21 07:45:00,0.6515,0.6531,0.6509,0.6518,17826.77,1755763199999,11625.784978,299,11082.93,7229.018147,0
1755763200000,2025-08-21 08:00:00,0.6517,0.6518,0.6502,0.6507,18302.89,1755764099999,11916.448587,294,3931.53,2559.390062,0
1755764100000,2025-08-21 08:15:00,0.6506,0.6522,0.6474,0.6493,336390.94,1755764999999,218786.964441,1279,290860.39,189204.852186,0
1755765000000,2025-08-21 08:30:00,0.6494,0.6494,0.6471,0.6487,124002.89,1755765899999,80392.678097,439,90912.5,58953.770587,0
1755765900000,2025-08-21 08:45:00,0.6488,0.65,0.6471,0.6472,39866.97,1755766799999,25822.229725,322,8225.91,5328.949218,0
1755766800000,2025-08-21 09:00:00,0.6473,0.6475,0.6459,0.6459,20006.14,1755767699999,12935.349987,346,4374.28,2829.131637,0
1755767700000,2025-08-21 09:15:00,0.6458,0.6464,0.6442,0.6462,82895.99,1755768599999,53480.636695,554,28028.54,18086.687272,0
1755768600000,2025-08-21 09:30:00,0.6461,0.6485,0.6459,0.6485,9522.05,1755769499999,6163.872957,327,4874.07,3156.542053,0
1755769500000,2025-08-21 09:45:00,0.6486,0.6488,0.6451,0.6453,18978.09,1755770399999,12267.486398,351,7560.64,4887.252219,0
1755770400000,2025-08-21 10:00:00,0.6452,0.6464,0.6439,0.6458,18898.44,1755771299999,12182.424999,367,11279.67,7271.61125,0
1755771300000,2025-08-21 10:15:00,0.6457,0.6471,0.6451,0.6465,64215.09,1755772199999,41486.159576,406,19769.44,12768.452497,0
1755772200000,2025-08-21 10:30:00,0.6464,0.648,0.645,0.6471,33122.57,1755773099999,21415.697747,385,25687.01,16613.711631,0
1755773100000,2025-08-21 10:45:00,0.6471,0.6473,0.6454,0.646,10338.54,1755773999999,6682.660956,302,6610.78,4273.274969,0
1755774000000,2025-08-21 11:00:00,0.6461,0.6477,0.6458,0.6464,27918.88,1755774899999,18060.542103,422,13813.16,8934.577346,0
1755774900000,2025-08-21 11:15:00,0.6465,0.6475,0.6453,0.6475,26940.81,1755775799999,17415.413247,405,18266.22,11806.865188,0
1755775800000,2025-08-21 11:30:00,0.6473,0.6495,0.644,0.6451,51910.38,1755776699999,33553.920043,654,22137.15,14314.594508,0
1755776700000,2025-08-21 11:45:00,0.645,0.645,0.642,0.6443,25445.6,1755777599999,16368.256291,513,11014.5,7087.221289,0
1755777600000,2025-08-21 12:00:00,0.6442,0.6443,0.6417,0.6418,27034.71,1755778499999,17379.934957,383,12831.63,8249.859451,0
1755778500000,2025-08-21 12:15:00,0.6417,0.6427,0.6389,0.6407,116573.4,1755779399999,74652.074987,956,40376.02,25868.460208,0
1755779400000,2025-08-21 12:30:00,0.6406,0.6444,0.6405,0.6407,39491.79,1755780299999,25373.053329,720,21689.85,13937.737683,0
1755780300000,2025-08-21 12:45:00,0.6406,0.6406,0.6357,0.6386,46363.68,1755781199999,29573.33281,853,25377.25,16187.24629,0
1755781200000,2025-08-21 13:00:00,0.6387,0.6419,0.6375,0.6412,48586.89,1755782099999,31114.81073,537,20243.96,12971.931331,0
1755782100000,2025-08-21 13:15:00,0.6412,0.6432,0.6405,0.6428,139830.64,1755782999999,89815.953609,720,98806.4,63472.144054,0
1755783000000,2025-08-21 13:30:00,0.6428,0.6479,0.6395,0.6452,116124.39,1755783899999,74759.566791,1614,54221.95,34953.712479,0
1755783900000,2025-08-21 13:45:00,0.6453,0.6454,0.6397,0.6397,121262.77,1755784799999,77906.075858,1474,55113.68,35416.018523,0
1755784800000,2025-08-21 14:00:00,0.6397,0.6455,0.638,0.6444,57162.73,1755785699999,36696.197033,1364,31928.52,20497.386146,0
1755785700000,2025-08-21 14:15:00,0.6443,0.6489,0.6438,0.6468,67757.99,1755786599999,43791.185745,1274,36441.45,23563.802788,0
1755786600000,2025-08-21 14:30:00,0.6467,0.647,0.6348,0.6386,66730.42,1755787499999,42661.421909,1178,35794.12,22846.775799,0
1755787500000,2025-08-21 14:45:00,0.6385,0.6416,0.6368,0.6396,43704.4,1755788399999,27944.407092,803,22290.72,14250.73532,0
1755788400000,2025-08-21 15:00:00,0.6396,0.6405,0.6349,0.6349,69335.85,1755789299999,44202.260016,1075,29889.14,19069.171497,0
1755789300000,2025-08-21 15:15:00,0.635,0.6396,0.6331,0.6367,96155.69,1755790199999,61226.174707,1226,49829.59,31738.253791,0
1755790200000,2025-08-21 15:30:00,0.6367,0.6368,0.6339,0.6353,44853.1,1755791099999,28492.590822,708,27653.89,17563.336661,0
1755791100000,2025-08-21 15:45:00,0.6353,0.6353,0.6315,0.6325,34849.27,1755791999999,22059.343022,711,14620.98,9254.431824,0
1755792000000,2025-08-21 16:00:00,0.6325,0.6441,0.6309,0.6383,1143207.03,1755792899999,729675.429147,4203,854656.82,545577.433021,0
1755792900000,2025-08-21 16:15:00,0.6384,0.6417,0.6355,0.6383,87213.03,1755793799999,55746.650912,1416,36154.82,23110.232833,0
1755793800000,2025-08-21 16:30:00,0.6383,0.6404,0.635,0.6373,63087.15,1755794699999,40211.544813,1146,29702.2,18938.452334,0
1755794700000,2025-08-21 16:45:00,0.6374,0.6379,0.6336,0.6342,49767.4,1755795599999,31641.326676,806,27609.46,17553.278762,0
1755795600000,2025-08-21 17:00:00,0.6343,0.6345,0.6323,0.6333,58152.77,1755796499999,36812.841616,730,27422.53,17361.58513,0
1755796500000,2025-08-21 17:15:00,0.6334,0.636,0.6325,0.6326,35555.55,1755797399999,22540.894608,651,18736.34,11876.06085,0
1755797400000,2025-08-21 17:30:00,0.6327,0.6372,0.6326,0.6358,61430.03,1755798299999,39000.326501,561,42276.05,26829.260352,0
1755798300000,2025-08-21 17:45:00,0.6359,0.6385,0.6357,0.6363,19551.39,1755799199999,12447.442394,435,15434.83,9826.732545,0
1755799200000,2025-08-21 18:00:00,0.6364,0.6371,0.6345,0.6354,14550.95,1755800099999,9254.780193,331,6362.76,4048.915885,0
1755800100000,2025-08-21 18:15:00,0.6352,0.639,0.6344,0.6374,14956.32,1755800999999,9520.618092,488,10770.52,6857.142294,0
1755801000000,2025-08-21 18:30:00,0.6376,0.6393,0.6364,0.6368,34018.47,1755801899999,21688.24917,530,15429.05,9835.061283,0
1755801900000,2025-08-21 18:45:00,0.6368,0.6409,0.6343,0.6399,15364.62,1755802799999,9796.566366,497,10120.88,6452.386272,0
1755802800000,2025-08-21 19:00:00,0.6398,0.6419,0.6391,0.6391,18681.24,1755803699999,11974.525446,426,9199.46,5895.898308,0
1755803700000,2025-08-21 19:15:00,0.6391,0.6391,0.6353,0.6359,11418.88,1755804599999,7270.580601,370,6019.53,3832.19427,0
1755804600000,2025-08-21 19:30:00,0.6358,0.6377,0.6345,0.6345,127184.73,1755805499999,80943.382232,680,106570.27,67836.125186,0
1755805500000,2025-08-21 19:45:00,0.6344,0.6361,0.6337,0.6361,7248.59,1755806399999,4603.651454,353,3816.76,2423.982769,0
1755806400000,2025-08-21 20:00:00,0.6362,0.6375,0.6353,0.6375,9403.72,1755807299999,5981.944401,259,4339.36,2761.005396,0
1755807300000,2025-08-21 20:15:00,0.6376,0.6389,0.6374,0.6378,10092.85,1755808199999,6437.357237,260,6856.22,4373.367563,0
1755808200000,2025-08-21 20:30:00,0.6377,0.6377,0.6331,0.6362,22526.48,1755809099999,14304.820323,542,13291.26,8438.567366,0
1755809100000,2025-08-21 20:45:00,0.6363,0.6423,0.6362,0.6389,22358.14,1755809999999,14299.170433,537,13006.84,8312.306596,0
1755810000000,2025-08-21 21:00:00,0.639,0.641,0.6356,0.6397,30828.39,1755810899999,19659.485428,573,16637.19,10614.02331,0
1755810900000,2025-08-21 21:15:00,0.6396,0.6411,0.637,0.6395,21736.43,1755811799999,13892.261145,369,12623.69,8066.951968,0
1755811800000,2025-08-21 21:30:00,0.6396,0.6428,0.6386,0.6395,35398.38,1755812699999,22666.475827,485,18724.78,11999.930039,0
1755812700000,2025-08-21 21:45:00,0.6393,0.6408,0.639,0.6399,17519.58,1755813599999,11220.780429,137,12152.1,7782.81209,0
1755813600000,2025-08-21 22:00:00,0.6399,0.6434,0.6398,0.6428,55361.84,1755814499999,35573.766877,252,51336.64,32986.935047,0
1755814500000,2025-08-21 22:15:00,0.6429,0.6442,0.6425,0.6435,23088.78,1755815399999,14851.212836,211,4365.3,2807.938109,0
1755815400000,2025-08-21 22:30:00,0.6436,0.6446,0.6426,0.6434,19346.77,1755816299999,12445.960787,312,9171.73,5902.171273,0
1755816300000,2025-08-21 22:45:00,0.6433,0.6447,0.643,0.6434,10539.99,1755817199999,6783.896657,254,6837.57,4401.062376,0
1755817200000,2025-08-21 23:00:00,0.6433,0.6433,0.6392,0.6397,20972.43,1755818099999,13448.030245,368,8888.53,5702.976116,0
1755818100000,2025-08-21 23:15:00,0.6396,0.6397,0.6367,0.638,10335.18,1755818999999,6591.041275,302,7029.22,4482.326674,0
1755819000000,2025-08-21 23:30:00,0.6379,0.6379,0.6339,0.634,23807.27,1755819899999,15137.4389,416,13218.82,8404.028041,0
1755819900000,2025-08-21 23:45:00,0.634,0.6363,0.6339,0.6356,16434.25,1755820799999,10427.180808,244,12974.29,8229.819432,0
1755820800000,2025-08-22 00:00:00,0.6358,0.6388,0.6358,0.6367,19585.15,1755821699999,12484.838238,457,13193.95,8409.604656,0
1755821700000,2025-08-22 00:15:00,0.6366,0.6388,0.6356,0.6382,22437.82,1755822599999,14310.935697,442,13778.73,8792.879385,0
1755822600000,2025-08-22 00:30:00,0.6383,0.6394,0.6359,0.6361,7036.6,1755823499999,4489.89826,313,4098.55,2615.503849,0
1755823500000,2025-08-22 00:45:00,0.6361,0.6361,0.632,0.6333,99951.19,1755824399999,63354.670938,534,47223.44,29931.715894,0
1755824400000,2025-08-22 01:00:00,0.6334,0.6349,0.6289,0.6302,97037.44,1755825299999,61176.98204,937,45991.81,28984.061257,0
1755825300000,2025-08-22 01:15:00,0.6304,0.6337,0.6304,0.6331,68295.45,1755826199999,43122.00026,563,47199.44,29788.730072,0
1755826200000,2025-08-22 01:30:00,0.633,0.635,0.6319,0.6349,21429.25,1755827099999,13562.250142,451,7586.88,4803.702032,0
1755827100000,2025-08-22 01:45:00,0.635,0.6367,0.6345,0.6353,17047.49,1755827999999,10838.515073,398,10833.14,6888.187424,0
1755828000000,2025-08-22 02:00:00,0.6354,0.6402,0.6341,0.64,31074.9,1755828899999,19799.827188,529,26018.1,16582.993251,0
1755828900000,2025-08-22 02:15:00,0.6401,0.6458,0.6399,0.6451,96493.72,1755829799999,62090.307412,899,67728.75,43605.999065,0
1755829800000,2025-08-22 02:30:00,0.645,0.645,0.6418,0.6425,85981.33,1755830699999,55342.659616,695,35448.91,22812.201204,0
1755830700000,2025-08-22 02:45:00,0.6424,0.6431,0.64,0.6401,10448.78,1755831599999,6704.784337,387,4785.72,3070.364148,0
1755831600000,2025-08-22 03:00:00,0.6402,0.6409,0.6384,0.6398,64013.31,1755832499999,40953.861657,474,35454.89,22681.891249,0
1755832500000,2025-08-22 03:15:00,0.6397,0.6397,0.6348,0.6348,20753.62,1755833399999,13227.702368,364,2128.31,1355.582983,0
1755833400000,2025-08-22 03:30:00,0.6347,0.6349,0.6315,0.6318,19239.62,1755834299999,12182.618512,326,9945.19,6295.123796,0
1755834300000,2025-08-22 03:45:00,0.6318,0.6337,0.6308,0.6327,19432.38,1755835199999,12290.059602,438,16117.85,10193.813644,0
1755835200000,2025-08-22 04:00:00,0.6328,0.6374,0.6328,0.6364,21861.4,1755836099999,13876.286557,401,11868.26,7535.120506,0
1755836100000,2025-08-22 04:15:00,0.6364,0.6395,0.6356,0.6362,29687.19,1755836999999,18924.050738,486,11080.32,7070.649647,0
1755837000000,2025-08-22 04:30:00,0.6363,0.6367,0.6343,0.6344,30892.71,1755837899999,19629.61464,513,9870.41,6270.909885,0
1755837900000,2025-08-22 04:45:00,0.6343,0.6346,0.6312,0.633,19093.86,1755838799999,12072.351476,369,12171.29,7695.430688,0
1755838800000,2025-08-22 05:00:00,0.633,0.6352,0.6323,0.634,18422.05,1755839699999,11671.108808,424,11718.67,7426.372203,0
1755839700000,2025-08-22 05:15:00,0.6341,0.6348,0.6314,0.6322,22111.28,1755840599999,13997.597722,391,14362.82,9094.118758,0
1755840600000,2025-08-22 05:30:00,0.6322,0.6355,0.6308,0.6331,79555.35,1755841499999,50352.49686,666,32686.13,20684.139418,0
1755841500000,2025-08-22 05:45:00,0.6329,0.6376,0.6327,0.6358,15332.07,1755842399999,9747.663533,469,9032.3,5739.346266,0
1755842400000,2025-08-22 06:00:00,0.6357,0.6368,0.6336,0.6367,25603.75,1755843299999,16263.371605,617,18141.43,11523.870038,0
1755843300000,2025-08-22 06:15:00,0.6366,0.6379,0.6347,0.636,68679.49,1755844199999,43715.635635,740,43451.24,27665.860538,0
1755844200000,2025-08-22 06:30:00,0.636,0.6366,0.6296,0.6312,43445.16,1755845099999,27434.660264,623,16086.1,10159.093626,0
1755845100000,2025-08-22 06:45:00,0.6313,0.6332,0.6302,0.6315,22315.18,1755845999999,14098.799497,489,18060.53,11412.237683,0
1755846000000,2025-08-22 07:00:00,0.6316,0.637,0.6309,0.635,26308.75,1755846899999,16721.207231,629,19666.93,12499.61703,0
1755846900000,2025-08-22 07:15:00,0.6351,0.6376,0.6337,0.6374,45621.19,1755847799999,29032.541009,732,19899.28,12660.575416,0
1755847800000,2025-08-22 07:30:00,0.6373,0.6391,0.6357,0.6384,32776.0,1755848699999,20901.937273,439,17074.91,10891.796525,0
1755848700000,2025-08-22 07:45:00,0.6382,0.6401,0.6374,0.6383,24491.42,1755849599999,15644.547754,526,14488.75,9255.002213,0
1755849600000,2025-08-22 08:00:00,0.6382,0.6415,0.6376,0.641,42867.83,1755850499999,27437.52284,547,32765.79,20969.20671,0
1755850500000,2025-08-22 08:15:00,0.6409,0.6432,0.6402,0.6415,48275.12,1755851399999,30976.741525,641,19480.94,12498.161896,0
1755851400000,2025-08-22 08:30:00,0.6417,0.6419,0.6379,0.6394,42705.08,1755852299999,27332.438013,606,19412.09,12431.293322,0
1755852300000,2025-08-22 08:45:00,0.6393,0.6393,0.6358,0.6361,51243.8,1755853199999,32684.829591,583,24018.28,15327.087983,0
1755853200000,2025-08-22 09:00:00,0.6361,0.6376,0.6348,0.6348,44215.42,1755854099999,28112.517248,598,25068.14,15941.486064,0
1755854100000,2025-08-22 09:15:00,0.6348,0.6355,0.6327,0.634,53555.69,1755854999999,33963.64279,551,24064.92,15263.548287,0
1755855000000,2025-08-22 09:30:00,0.6339,0.6356,0.6324,0.6338,34629.6,1755855899999,21952.010691,496,15672.06,9940.805726,0
1755855900000,2025-08-22 09:45:00,0.6338,0.6374,0.6334,0.6354,24216.13,1755856799999,15399.077916,442,9410.2,5982.574745,0
1755856800000,2025-08-22 10:00:00,0.6355,0.6356,0.6316,0.6316,55401.45,1755857699999,35091.100008,580,17274.92,10946.690629,0
1755857700000,2025-08-22 10:15:00,0.6316,0.6325,0.6301,0.6325,30220.53,1755858599999,19077.704234,461,22236.55,14038.429278,0
1755858600000,2025-08-22 10:30:00,0.6324,0.6324,0.6285,0.6289,71497.32,1755859499999,45034.528292,552,27054.49,17044.130679,0
1755859500000,2025-08-22 10:45:00,0.6289,0.6412,0.6285,0.634,478879.25,1755860399999,304240.49937,3012,239811.05,152332.421987,0
1755860400000,2025-08-22 11:00:00,0.634,0.634,0.628,0.6286,98230.72,1755861299999,61985.960042,1061,46071.73,29076.793878,0
1755861300000,2025-08-22 11:15:00,0.6285,0.6295,0.6272,0.6287,49476.34,1755862199999,31076.028242,411,35645.36,22382.909628,0
1755862200000,2025-08-22 11:30:00,0.6285,0.6291,0.6263,0.6276,51709.14,1755863099999,32432.781358,430,30464.73,19105.288691,0
1755863100000,2025-08-22 11:45:00,0.6277,0.629,0.6258,0.626,24975.83,1755863999999,15677.439791,496,10843.95,6808.845987,0
1755864000000,2025-08-22 12:00:00,0.6261,0.6262,0.6168,0.6196,276183.78,1755864899999,171416.694361,2318,89622.49,55625.829877,0
1755864900000,2025-08-22 12:15:00,0.6194,0.6199,0.6146,0.6154,157919.09,1755865799999,97406.398671,1330,78463.87,48389.38624,0
1755865800000,2025-08-22 12:30:00,0.6154,0.6177,0.609,0.6172,299662.5,1755866699999,183663.899112,2451,134659.14,82569.740611,0
1755866700000,2025-08-22 12:45:00,0.617,0.6218,0.6158,0.6164,101958.69,1755867599999,63156.496112,1409,40488.48,25088.836257,0
1755867600000,2025-08-22 13:00:00,0.6165,0.6187,0.6148,0.6167,73233.28,1755868499999,45162.400458,910,25066.56,15462.83262,0
1755868500000,2025-08-22 13:15:00,0.6167,0.6197,0.6139,0.6197,62665.09,1755869399999,38618.663614,929,30462.24,18790.781058,0
1755869400000,2025-08-22 13:30:00,0.6197,0.6282,0.6163,0.6247,174092.98,1755870299999,108295.689587,2283,96069.17,59740.529139,0
1755870300000,2025-08-22 13:45:00,0.6248,0.6282,0.621,0.6221,159358.95,1755871199999,99502.193359,2285,75583.63,47226.048123,0
1755871200000,2025-08-22 14:00:00,0.6221,0.6502,0.6221,0.6495,866228.77,1755872099999,553624.586295,8801,457028.43,291849.474739,0
1755872100000,2025-08-22 14:15:00,0.6496,0.6551,0.6394,0.6491,999275.89,1755872999999,646083.077314,9093,452080.65,292330.099413,0
1755873000000,2025-08-22 14:30:00,0.6492,0.655,0.649,0.6527,324056.51,1755873899999,211401.184083,4355,164435.24,107276.284706,0
1755873900000,2025-08-22 14:45:00,0.6526,0.6592,0.6526,0.6576,198438.99,1755874799999,130363.682173,2417,110537.83,72622.55845,0
1755874800000,2025-08-22 15:00:00,0.6575,0.6649,0.6575,0.6612,263031.71,1755875699999,174278.607185,2310,133616.24,88521.135369,0
1755875700000,2025-08-22 15:15:00,0.6613,0.67,0.6613,0.6693,211750.95,1755876599999,141276.266868,1829,134662.17,89802.716677,0
1755876600000,2025-08-22 15:30:00,0.6694,0.6731,0.6692,0.6718,142370.56,1755877499999,95579.144856,1381,78392.39,52623.894924,0
1755877500000,2025-08-22 15:45:00,0.6717,0.6745,0.6682,0.6682,155666.68,1755878399999,104637.302223,1520,73584.5,49473.869594,0
1755878400000,2025-08-22 16:00:00,0.6682,0.6884,0.6681,0.6866,349268.75,1755879299999,237810.996882,3888,220740.46,150237.150984,0
1755879300000,2025-08-22 16:15:00,0.6865,0.6894,0.6826,0.6886,196435.06,1755880199999,134819.733075,2585,95687.72,65667.653712,0
1755880200000,2025-08-22 16:30:00,0.6887,0.6899,0.6839,0.6885,156954.77,1755881099999,107840.774579,1757,79845.78,54837.351447,0
1755881100000,2025-08-22 16:45:00,0.6884,0.6889,0.6862,0.688,106104.49,1755881999999,72971.647921,1378,51506.29,35421.326991,0
1755882000000,2025-08-22 17:00:00,0.6881,0.6963,0.6881,0.6954,306766.22,1755882899999,212218.079343,2671,169941.93,117529.004325,0
1755882900000,2025-08-22 17:15:00,0.6955,0.7005,0.6941,0.6991,344496.67,1755883799999,240469.681826,2393,201835.36,140960.536925,0
1755883800000,2025-08-22 17:30:00,0.6991,0.6999,0.6933,0.6977,210397.16,1755884699999,146789.688612,2125,118790.28,82930.566834,0
1755884700000,2025-08-22 17:45:00,0.6978,0.6988,0.6935,0.6974,275434.91,1755885599999,191961.275288,1903,138630.29,96623.281662,0
1755885600000,2025-08-22 18:00:00,0.6974,0.7027,0.6974,0.6993,465200.49,1755886499999,325443.487368,2942,280817.2,196407.833046,0
1755886500000,2025-08-22 18:15:00,0.6992,0.7004,0.6964,0.7003,152981.92,1755887399999,106917.262237,1748,76795.32,53672.077209,0
1755887400000,2025-08-22 18:30:00,0.7004,0.706,0.6986,0.7053,96284.99,1755888299999,67546.212417,1174,46221.73,32441.876928,0
1755888300000,2025-08-22 18:45:00,0.7052,0.7054,0.6991,0.7025,131394.5,1755889199999,92271.788225,1295,52429.54,36841.401239,0
1755889200000,2025-08-22 19:00:00,0.7025,0.7084,0.7012,0.7082,122893.57,1755890099999,86649.923081,1243,73724.52,51992.060729,0
1755890100000,2025-08-22 19:15:00,0.7081,0.7093,0.7057,0.7079,66410.6,1755890999999,47001.048053,979,38877.63,27521.957225,0
1755891000000,2025-08-22 19:30:00,0.7079,0.7109,0.7052,0.7089,128552.28,1755891899999,91077.431619,1371,59672.61,42265.392856,0
1755891900000,2025-08-22 19:45:00,0.7088,0.7103,0.7061,0.7067,159119.84,1755892799999,112739.037319,1573,87255.09,61842.620927,0
1755892800000,2025-08-22 20:00:00,0.7068,0.7097,0.7057,0.7067,94443.27,1755893699999,66825.114643,1149,60941.92,43113.078769,0
1755893700000,2025-08-22 20:15:00,0.7067,0.7076,0.7049,0.7072,53513.84,1755894599999,37796.495703,824,30970.51,21878.949853,0
1755894600000,2025-08-22 20:30:00,0.7072,0.7094,0.7055,0.7079,139376.13,1755895499999,98557.461657,1300,49342.91,34893.514063,0
1755895500000,2025-08-22 20:45:00,0.7078,0.7111,0.7071,0.7106,75225.12,1755896399999,53354.29599,942,46266.27,32823.459942,0
1755896400000,2025-08-22 21:00:00,0.7107,0.7151,0.7097,0.7125,133275.41,1755897299999,94939.022955,1469,83644.63,59582.197864,0
1755897300000,2025-08-22 21:15:00,0.7125,0.7176,0.7103,0.7172,158283.4,1755898199999,112943.388926,1130,95514.36,68158.456156,0
1755898200000,2025-08-22 21:30:00,0.7173,0.7187,0.7148,0.7172,164073.79,1755899099999,117566.159478,860,55965.71,40108.578804,0
1755899100000,2025-08-22 21:45:00,0.7176,0.7176,0.7141,0.7159,49840.8,1755899999999,35674.107591,497,17644.5,12627.066657,0
1755900000000,2025-08-22 22:00:00,0.7159,0.7182,0.7137,0.7151,114552.65,1755900899999,82063.617751,1401,48523.47,34766.09468,0
1755900900000,2025-08-22 22:15:00,0.7151,0.7185,0.7147,0.7183,130984.38,1755901799999,93877.219769,1171,55724.32,39916.613413,0
1755901800000,2025-08-22 22:30:00,0.7183,0.7196,0.7153,0.7178,121471.2,1755902699999,87125.534721,1249,56516.69,40549.998988,0
1755902700000,2025-08-22 22:45:00,0.7179,0.72,0.7141,0.7154,107772.98,1755903599999,77299.462489,1275,46747.38,33530.242355,0
1755903600000,2025-08-22 23:00:00,0.7154,0.7159,0.7124,0.7142,63079.46,1755904499999,45057.290829,989,30084.48,21494.205734,0
1755904500000,2025-08-22 23:15:00,0.7143,0.7214,0.7143,0.7211,138949.91,1755905399999,99764.582168,1264,117413.24,84318.30523,0
1755905400000,2025-08-22 23:30:00,0.7209,0.7226,0.7204,0.7205,42097.88,1755906299999,30369.454938,714,20856.4,15048.88578,0
1755906300000,2025-08-22 23:45:00,0.7205,0.7206,0.7172,0.7184,54519.34,1755907199999,39189.909068,649,11017.78,7917.783198,0
1755907200000,2025-08-23 00:00:00,0.7185,0.7191,0.7112,0.7114,81093.44,1755908099999,58010.223461,1184,39496.19,28269.280602,0
1755908100000,2025-08-23 00:15:00,0.7115,0.7192,0.7111,0.7187,109557.7,1755908999999,78369.131309,1018,50077.31,35838.619102,0
1755909000000,2025-08-23 00:30:00,0.7186,0.7196,0.7125,0.7131,105303.81,1755909899999,75399.064165,1039,26829.36,19234.281926,0
1755909900000,2025-08-23 00:45:00,0.7131,0.714,0.7109,0.7114,64263.01,1755910799999,45754.659851,751,35965.93,25610.423171,0
1755910800000,2025-08-23 01:00:00,0.7113,0.7117,0.7094,0.7094,54912.3,1755911699999,39009.662439,880,14334.95,10184.967729,0
1755911700000,2025-08-23 01:15:00,0.7094,0.7094,0.7019,0.7019,78538.15,1755912599999,55390.408372,1302,23121.6,16298.327462,0
1755912600000,2025-08-23 01:30:00,0.7018,0.7038,0.6969,0.6975,134068.75,1755913499999,93836.323299,1330,73503.3,51450.878718,0
1755913500000,2025-08-23 01:45:00,0.6976,0.7025,0.6967,0.7012,121277.03,1755914399999,84719.068066,1506,65858.06,45982.73258,0
1755914400000,2025-08-23 02:00:00,0.7013,0.7047,0.6978,0.6986,78955.42,1755915299999,55340.65236,1195,28517.33,20000.93177,0
1755915300000,2025-08-23 02:15:00,0.6985,0.6985,0.6909,0.6912,135854.31,1755916199999,94584.177734,1628,75730.87,52776.228068,0
1755916200000,2025-08-23 02:30:00,0.6912,0.6923,0.6844,0.6894,239176.59,1755917099999,164313.764985,2286,133593.11,91800.228075,0
1755917100000,2025-08-23 02:45:00,0.6893,0.6958,0.6873,0.6942,108882.71,1755917999999,75358.979443,1300,53708.93,37182.707755,0
1755918000000,2025-08-23 03:00:00,0.6942,0.6957,0.6901,0.6948,39948.46,1755918899999,27679.136202,1054,21326.07,14775.200591,0
1755918900000,2025-08-23 03:15:00,0.6948,0.6976,0.6939,0.6975,130309.09,1755919799999,90735.994694,1148,68987.72,48047.67567,0
1755919800000,2025-08-23 03:30:00,0.6975,0.6975,0.6909,0.6913,54308.15,1755920699999,37631.494692,1027,13536.11,9376.82664,0
1755920700000,2025-08-23 03:45:00,0.6913,0.6947,0.6912,0.6934,37583.92,1755921599999,26054.283901,853,24045.61,16667.392989,0
1755921600000,2025-08-23 04:00:00,0.6934,0.6976,0.6934,0.6976,49910.67,1755922499999,34752.060116,658,16246.97,11314.612218,0
1755922500000,2025-08-23 04:15:00,0.6974,0.6981,0.6947,0.6975,52517.38,1755923399999,36563.348735,681,28567.6,19890.733382,0
1755923400000,2025-08-23 04:30:00,0.6975,0.7019,0.6965,0.7011,62813.79,1755924299999,43890.371585,855,37058.87,25914.158777,0
1755924300000,2025-08-23 04:45:00,0.7012,0.7022,0.6982,0.7008,96299.34,1755925199999,67435.682235,1073,48395.87,33888.723573,0
1755925200000,2025-08-23 05:00:00,0.7008,0.7008,0.6976,0.6991,46293.45,1755926099999,32335.345066,655,20974.51,14649.520811,0
1755926100000,2025-08-23 05:15:00,0.699,0.7027,0.6989,0.7013,55004.58,1755926999999,38569.961605,913,26512.83,18587.73973,0
1755927000000,2025-08-23 05:30:00,0.7012,0.7054,0.7004,0.7048,69008.12,1755927899999,48555.244948,931,37971.84,26710.042565,0
1755927900000,2025-08-23 05:45:00,0.7047,0.7057,0.7032,0.7046,31141.47,1755928799999,21945.90736,574,20820.59,14675.830056,0
1755928800000,2025-08-23 06:00:00,0.7046,0.7057,0.7012,0.7017,75009.51,1755929699999,52814.165565,1018,50732.96,35735.130687,0
1755929700000,2025-08-23 06:15:00,0.7017,0.7053,0.7017,0.7034,49193.13,1755930599999,34610.305682,837,28193.44,19842.070042,0
1755930600000,2025-08-23 06:30:00,0.7033,0.7037,0.7004,0.7006,36849.86,1755931499999,25871.650236,731,13368.41,9384.46066,0
1755931500000,2025-08-23 06:45:00,0.7006,0.7019,0.6999,0.7004,33754.23,1755932399999,23652.70991,612,15954.55,11182.080393,0
1755932400000,2025-08-23 07:00:00,0.7003,0.7006,0.697,0.6994,68736.49,1755933299999,47990.097729,930,42374.71,29582.161785,0
1755933300000,2025-08-23 07:15:00,0.6993,0.7002,0.6957,0.6961,46189.74,1755934199999,32225.872058,819,19581.22,13667.090188,0
1755934200000,2025-08-23 07:30:00,0.6962,0.7014,0.6945,0.7004,800716.9,1755935099999,560299.582154,3785,497499.34,348108.406606,0
1755935100000,2025-08-23 07:45:00,0.7003,0.701,0.6924,0.6946,886017.69,1755935999999,615749.450416,3126,459102.05,318717.655647,0
1755936000000,2025-08-23 08:00:00,0.6947,0.6973,0.6946,0.6955,62567.67,1755936899999,43533.061487,900,20266.09,14100.706997,0
1755936900000,2025-08-23 08:15:00,0.6955,0.697,0.69,0.6909,70362.04,1755937799999,48763.472344,868,36806.54,25501.654645,0
1755937800000,2025-08-23 08:30:00,0.6909,0.6942,0.6906,0.6931,48428.31,1755938699999,33534.963321,724,33001.05,22850.18687,0
1755938700000,2025-08-23 08:45:00,0.693,0.6948,0.6922,0.6944,33400.49,1755939599999,23172.690853,433,12898.35,8950.341429,0
1755939600000,2025-08-23 09:00:00,0.6945,0.6968,0.6922,0.694,91497.8,1755940499999,63554.870533,802,28834.57,20033.218115,0
1755940500000,2025-08-23 09:15:00,0.694,0.6942,0.6926,0.6931,25134.32,1755941399999,17425.685717,390,12028.54,8339.575606,0
1755941400000,2025-08-23 09:30:00,0.6931,0.6983,0.6931,0.6972,34641.99,1755942299999,24119.82939,496,20560.09,14311.840549,0
1755942300000,2025-08-23 09:45:00,0.6971,0.699,0.6952,0.6984,16862.86,1755943199999,11768.136964,345,12395.77,8651.022847,0
1755943200000,2025-08-23 10:00:00,0.6984,0.6999,0.6967,0.6985,28942.5,1755944099999,20219.391886,579,17014.48,11888.010708,0
1755944100000,2025-08-23 10:15:00,0.6984,0.6991,0.6971,0.6977,18272.74,1755944999999,12755.165809,462,8714.0,6083.857131,0
1755945000000,2025-08-23 10:30:00,0.6976,0.6976,0.6938,0.6947,17256.14,1755945899999,11998.941284,390,6576.56,4573.671679,0
1755945900000,2025-08-23 10:45:00,0.6946,0.6956,0.6929,0.6931,42272.34,1755946799999,29360.762531,403,8746.6,6074.519317,0
1755946800000,2025-08-23 11:00:00,0.6931,0.6959,0.6927,0.6959,24650.56,1755947699999,17118.970509,532,16810.17,11677.016167,0
1755947700000,2025-08-23 11:15:00,0.6959,0.6964,0.6918,0.6918,35697.15,1755948599999,24759.378269,330,13087.18,9095.6893,0
1755948600000,2025-08-23 11:30:00,0.6918,0.6933,0.6911,0.6913,64808.95,1755949499999,44870.777833,448,29701.36,20564.559722,0
1755949500000,2025-08-23 11:45:00,0.6912,0.6924,0.6891,0.6906,89502.13,1755950399999,61837.517238,661,44846.47,30987.954235,0
1755950400000,2025-08-23 12:00:00,0.6907,0.696,0.6875,0.6958,170047.87,1755951299999,117395.083599,1136,74420.59,51457.054372,0
1755951300000,2025-08-23 12:15:00,0.6958,0.6971,0.6945,0.6945,45145.26,1755952199999,31416.772514,555,23395.59,16283.823307,0
1755952200000,2025-08-23 12:30:00,0.6944,0.6953,0.6927,0.6935,40126.21,1755953099999,27847.966832,653,22710.65,15764.710232,0
1755953100000,2025-08-23 12:45:00,0.6934,0.6937,0.6903,0.6916,38117.53,1755953999999,26354.157332,488,10750.79,7433.699029,0
1755954000000,2025-08-23 13:00:00,0.6915,0.6923,0.69,0.6923,29904.62,1755954899999,20667.545211,520,18156.03,12553.016629,0
1755954900000,2025-08-23 13:15:00,0.6924,0.6937,0.6917,0.692,26829.0,1755955799999,18580.416031,477,15577.8,10789.999685,0
1755955800000,2025-08-23 13:30:00,0.6919,0.694,0.6899,0.6904,78666.69,1755956699999,54430.821535,1212,39961.68,27662.165365,0
1755956700000,2025-08-23 13:45:00,0.6905,0.6942,0.6898,0.691,63756.03,1755957599999,44108.384435,1020,33504.06,23193.692963,0
1755957600000,2025-08-23 14:00:00,0.6911,0.6919,0.6893,0.6903,62990.17,1755958499999,43530.426344,655,20369.73,14077.229224,0
1755958500000,2025-08-23 14:15:00,0.6904,0.6957,0.6899,0.6937,42157.11,1755959399999,29219.469801,1075,26364.54,18276.088957,0
1755959400000,2025-08-23 14:30:00,0.6937,0.6956,0.6881,0.69,42644.29,1755960299999,29468.212353,963,19288.21,13331.223869,0
1755960300000,2025-08-23 14:45:00,0.69,0.692,0.6881,0.689,90251.93,1755961199999,62244.733613,1010,46826.96,32299.931839,0
1755961200000,2025-08-23 15:00:00,0.689,0.6901,0.6879,0.689,36112.41,1755962099999,24877.222268,643,22946.55,15810.052666,0
1755962100000,2025-08-23 15:15:00,0.689,0.6926,0.6888,0.6925,40592.08,1755962999999,28034.91293,777,26487.96,18297.443139,0
1755963000000,2025-08-23 15:30:00,0.6924,0.6949,0.691,0.6929,118315.8,1755963899999,81909.588211,681,38940.58,26979.490777,0
1755963900000,2025-08-23 15:45:00,0.693,0.697,0.693,0.6942,73412.3,1755964799999,51009.577762,697,38701.18,26892.569845,0
1755964800000,2025-08-23 16:00:00,0.6942,0.6952,0.6907,0.691,57680.28,1755965699999,39981.750923,716,24280.7,16836.375553,0
1755965700000,2025-08-23 16:15:00,0.6909,0.6952,0.6909,0.6935,42265.58,1755966599999,29310.167583,750,28715.71,19915.283643,0
1755966600000,2025-08-23 16:30:00,0.6935,0.6935,0.6908,0.6915,13049.6,1755967499999,9029.686731,291,6600.6,4568.839746,0
1755967500000,2025-08-23 16:45:00,0.6916,0.6944,0.6908,0.6943,44139.43,1755968399999,30523.301023,334,38856.41,26861.113239,0
1755968400000,2025-08-23 17:00:00,0.6944,0.699,0.6944,0.6988,48504.85,1755969299999,33811.85191,699,39954.04,27849.015578,0
1755969300000,2025-08-23 17:15:00,0.6989,0.6995,0.6954,0.6955,40261.75,1755970199999,28100.159291,488,22312.52,15579.575468,0
1755970200000,2025-08-23 17:30:00,0.6955,0.6976,0.6951,0.6968,22208.91,1755971099999,15466.449341,377,10430.05,7264.387561,0
1755971100000,2025-08-23 17:45:00,0.6968,0.6991,0.6968,0.6986,41015.41,1755971999999,28623.608207,349,25836.68,18036.237464,0
1755972000000,2025-08-23 18:00:00,0.6986,0.6995,0.6967,0.6989,23730.04,1755972899999,16570.273529,443,12968.36,9057.50641,0
1755972900000,2025-08-23 18:15:00,0.6989,0.7004,0.6972,0.6972,23415.57,1755973799999,16368.886713,364,15440.25,10795.951531,0
1755973800000,2025-08-23 18:30:00,0.6972,0.699,0.6963,0.6986,28818.44,1755974699999,20105.60536,311,22072.6,15403.629572,0
1755974700000,2025-08-23 18:45:00,0.6985,0.7019,0.6972,0.7018,67782.55,1755975599999,47426.528521,644,36503.2,25554.894005,0
1755975600000,2025-08-23 19:00:00,0.7018,0.7052,0.6999,0.7038,58596.79,1755976499999,41190.7915,732,27449.76,19301.207506,0
1755976500000,2025-08-23 19:15:00,0.7038,0.7066,0.7033,0.705,126741.31,1755977399999,89364.031477,591,84280.32,59412.984601,0
1755977400000,2025-08-23 19:30:00,0.7051,0.7113,0.705,0.7092,85879.18,1755978299999,60827.44916,1144,63070.52,44673.816371,0
1755978300000,2025-08-23 19:45:00,0.7093,0.7127,0.7086,0.7119,36830.02,1755979199999,26185.324705,624,21446.08,15248.515325,0
1755979200000,2025-08-23 20:00:00,0.7119,0.7141,0.7092,0.7098,207528.37,1755980099999,147635.70535,1325,116383.15,82778.398864,0
1755980100000,2025-08-23 20:15:00,0.7097,0.7105,0.7073,0.7077,41090.74,1755980999999,29127.03594,743,13058.15,9260.795674,0
1755981000000,2025-08-23 20:30:00,0.7076,0.7076,0.7023,0.7029,91741.86,1755981899999,64629.718437,1006,28040.32,19749.880541,0
1755981900000,2025-08-23 20:45:00,0.7029,0.7046,0.7026,0.7036,33573.65,1755982799999,23635.156589,518,17897.99,12601.433871,0
1755982800000,2025-08-23 21:00:00,0.7035,0.7035,0.7,0.7007,62952.1,1755983699999,44176.168881,830,21250.21,14907.238957,0
1755983700000,2025-08-23 21:15:00,0.7009,0.7013,0.6978,0.6981,15546.41,1755984599999,10874.773445,314,3487.14,2439.148735,0
1755984600000,2025-08-23 21:30:00,0.698,0.6998,0.6976,0.6987,62257.02,1755985499999,43473.782941,356,12489.19,8725.491938,0
1755985500000,2025-08-23 21:45:00,0.6988,0.6988,0.6973,0.6981,3184.55,1755986399999,2222.712428,111,1987.45,1387.0279,0
1755986400000,2025-08-23 22:00:00,0.6983,0.7005,0.698,0.6987,17843.3,1755987299999,12477.444941,401,6648.88,4648.586203,0
1755987300000,2025-08-23 22:15:00,0.6988,0.6992,0.6969,0.6984,46882.56,1755988199999,32724.462483,458,19667.9,13729.670581,0
1755988200000,2025-08-23 22:30:00,0.6985,0.6987,0.6969,0.6972,27932.65,1755989099999,19490.395888,370,5597.23,3905.145266,0
1755989100000,2025-08-23 22:45:00,0.6971,0.7005,0.697,0.6997,38826.6,1755989999999,27152.103505,343,18986.49,13273.315499,0
1755990000000,2025-08-23 23:00:00,0.6999,0.7018,0.6997,0.6998,55038.84,1755990899999,38589.32033,643,38603.2,27069.216761,0
1755990900000,2025-08-23 23:15:00,0.6997,0.7016,0.6992,0.7004,19504.73,1755991799999,13665.260068,274,10241.78,7174.608894,0
1755991800000,2025-08-23 23:30:00,0.7003,0.7009,0.6991,0.6995,19390.32,1755992699999,13570.243427,294,7215.12,5048.44957,0
1755992700000,2025-08-23 23:45:00,0.6995,0.6998,0.6981,0.6992,20507.83,1755993599999,14325.448539,173,6802.11,4753.087286,0
1755993600000,2025-08-24 00:00:00,0.6992,0.7033,0.6991,0.7003,84470.32,1755994499999,59213.847267,575,51312.37,35960.292321,0
1755994500000,2025-08-24 00:15:00,0.7004,0.7018,0.6986,0.701,14813.65,1755995399999,10376.687825,435,9329.19,6534.658373,0
1755995400000,2025-08-24 00:30:00,0.7009,0.7021,0.7,0.7016,34836.03,1755996299999,24424.251675,517,25143.99,17630.173532,0
1755996300000,2025-08-24 00:45:00,0.7015,0.7015,0.6981,0.6986,14683.37,1755997199999,10278.119153,433,5399.9,3780.268634,0
1755997200000,2025-08-24 01:00:00,0.6985,0.6985,0.6944,0.6959,25503.89,1755998099999,17765.233743,495,5110.56,3558.453852,0
1755998100000,2025-08-24 01:15:00,0.696,0.6971,0.6923,0.6931,74275.32,1755998999999,51564.488246,672,21197.08,14714.011511,0
1755999000000,2025-08-24 01:30:00,0.6932,0.6969,0.6924,0.6964,24938.75,1755999899999,17325.213436,390,18932.91,13154.687695,0
1755999900000,2025-08-24 01:45:00,0.6964,0.6964,0.6921,0.6927,31012.26,1756000799999,21528.977386,472,8501.96,5904.401406,0
1756000800000,2025-08-24 02:00:00,0.6926,0.6942,0.691,0.6918,30510.52,1756001699999,21120.13013,534,12034.37,8331.69941,0
1756001700000,2025-08-24 02:15:00,0.6917,0.6951,0.691,0.6947,24418.78,1756002599999,16912.397701,495,10165.1,7041.263228,0
1756002600000,2025-08-24 02:30:00,0.6945,0.6953,0.6927,0.6927,42310.39,1756003499999,29364.342842,565,6109.67,4243.404874,0
1756003500000,2025-08-24 02:45:00,0.6927,0.6938,0.6897,0.6907,74603.6,1756004399999,51647.00174,681,48374.6,33512.49196,0
1756004400000,2025-08-24 03:00:00,0.6906,0.6906,0.6871,0.6871,31411.19,1756005299999,21632.98128,546,8067.84,5557.315899,0
1756005300000,2025-08-24 03:15:00,0.687,0.6888,0.686,0.6864,88636.92,1756006199999,60914.867174,804,20446.32,14060.460555,0
1756006200000,2025-08-24 03:30:00,0.6864,0.6888,0.6864,0.6873,58024.83,1756007099999,39899.757511,505,17683.6,12164.220214,0
1756007100000,2025-08-24 03:45:00,0.6874,0.6894,0.6874,0.6888,23955.26,1756007999999,16496.593627,356,9496.61,6539.271056,0
1756008000000,2025-08-24 04:00:00,0.6887,0.6893,0.6869,0.6878,34788.83,1756008899999,23946.334613,380,11038.23,7601.504845,0
1756008900000,2025-08-24 04:15:00,0.6879,0.6881,0.687,0.6871,16404.73,1756009799999,11278.852688,248,10611.53,7296.728926,0
1756009800000,2025-08-24 04:30:00,0.687,0.6902,0.6868,0.6884,28883.29,1756010699999,19865.520526,313,17960.09,12354.764385,0
1756010700000,2025-08-24 04:45:00,0.6883,0.6887,0.6865,0.6887,29135.51,1756011599999,20041.015634,310,21491.34,14785.210933,0
1756011600000,2025-08-24 05:00:00,0.6886,0.6886,0.6864,0.6871,52288.61,1756012499999,35928.946272,469,24138.42,16585.735762,0
1756012500000,2025-08-24 05:15:00,0.6871,0.6887,0.6867,0.6869,17895.05,1756013399999,12311.957947,254,8664.05,5961.615282,0
1756013400000,2025-08-24 05:30:00,0.6868,0.6872,0.6848,0.6858,24843.79,1756014299999,17035.298677,367,7316.57,5018.967842,0
1756014300000,2025-08-24 05:45:00,0.6859,0.6861,0.6828,0.6842,39880.3,1756015199999,27280.260986,432,10472.21,7161.342441,0
1756015200000,2025-08-24 06:00:00,0.6842,0.6842,0.6801,0.6804,54925.58,1756016099999,37439.61382,666,12226.86,8337.156852,0
1756016100000,2025-08-24 06:15:00,0.6805,0.681,0.6774,0.6782,109266.81,1756016999999,74253.766824,686,30755.31,20898.206569,0
1756017000000,2025-08-24 06:30:00,0.6782,0.6782,0.6755,0.6768,44760.8,1756017899999,30276.534613,508,29225.13,19765.486286,0
1756017900000,2025-08-24 06:45:00,0.6767,0.6767,0.6714,0.6716,57545.82,1756018799999,38789.398579,562,16276.1,10967.992004,0
1756018800000,2025-08-24 07:00:00,0.6714,0.6755,0.6704,0.6754,55263.3,1756019699999,37195.266972,672,38687.32,26045.631647,0
1756019700000,2025-08-24 07:15:00,0.6754,0.6771,0.6729,0.6771,115612.14,1756020599999,77964.868443,881,42057.06,28383.647486,0
1756020600000,2025-08-24 07:30:00,0.6772,0.6786,0.6734,0.6734,35606.29,1756021499999,24085.755595,545,16342.09,11057.560746,0
1756021500000,2025-08-24 07:45:00,0.6734,0.6756,0.6729,0.673,43277.19,1756022399999,29154.304806,515,13855.63,9336.763852,0
1756022400000,2025-08-24 08:00:00,0.6729,0.6779,0.6711,0.6778,180668.6,1756023299999,121677.997496,1028,110228.19,74263.160774,0
1756023300000,2025-08-24 08:15:00,0.6777,0.6782,0.6746,0.6755,17921.04,1756024199999,12120.154907,399,7146.68,4831.453639,0
1756024200000,2025-08-24 08:30:00,0.6753,0.6769,0.675,0.676,17717.9,1756025099999,11977.608936,321,11424.03,7722.269694,0
1756025100000,2025-08-24 08:45:00,0.6759,0.6767,0.675,0.6765,16056.51,1756025999999,10850.168106,224,5064.57,3423.777716,0
1756026000000,2025-08-24 09:00:00,0.6764,0.6775,0.6737,0.674,40986.49,1756026899999,27678.140312,418,20378.64,13765.848002,0
1756026900000,2025-08-24 09:15:00,0.6741,0.6753,0.6737,0.6749,9872.15,1756027799999,6657.48938,286,4915.45,3315.542504,0
1756027800000,2025-08-24 09:30:00,0.6748,0.6772,0.6746,0.6762,38923.24,1756028699999,26311.226987,495,16294.78,11007.624408,0
1756028700000,2025-08-24 09:45:00,0.6761,0.6763,0.6742,0.6745,18663.12,1756029599999,12604.849892,319,11785.3,7960.586007,0
1756029600000,2025-08-24 10:00:00,0.6744,0.6744,0.6702,0.6703,172288.95,1756030499999,115688.882898,764,25578.76,17190.371743,0
1756030500000,2025-08-24 10:15:00,0.6703,0.6716,0.667,0.6671,71685.73,1756031399999,47961.797352,677,24993.63,16740.583378,0
1756031400000,2025-08-24 10:30:00,0.6672,0.6674,0.6635,0.6666,132888.75,1756032299999,88482.629259,1041,62598.49,41687.767594,0
1756032300000,2025-08-24 10:45:00,0.6666,0.6686,0.6657,0.6661,69295.66,1756033199999,46238.600728,835,27925.27,18642.007001,0
1756033200000,2025-08-24 11:00:00,0.666,0.6685,0.6629,0.6647,121848.25,1756034099999,80994.33986,938,46455.9,30905.970056,0
1756034100000,2025-08-24 11:15:00,0.6648,0.6677,0.662,0.6676,64968.06,1756034999999,43128.811281,931,30850.3,20487.272106,0
1756035000000,2025-08-24 11:30:00,0.6677,0.6692,0.6659,0.6661,18147.37,1756035899999,12117.612155,378,8111.35,5417.022906,0
1756035900000,2025-08-24 11:45:00,0.6661,0.6693,0.6661,0.6682,129614.31,1756036799999,86593.895271,838,114755.74,76660.995879,0
1756036800000,2025-08-24 12:00:00,0.6681,0.6705,0.6665,0.6695,16244.21,1756037699999,10846.886083,384,9506.24,6351.630812,0
1756037700000,2025-08-24 12:15:00,0.6694,0.6705,0.6673,0.6686,25173.76,1756038599999,16847.919635,494,7370.99,4934.555872,0
1756038600000,2025-08-24 12:30:00,0.6685,0.6696,0.6671,0.6685,11934.35,1756039499999,7977.627953,338,7073.47,4729.090227,0
1756039500000,2025-08-24 12:45:00,0.6684,0.6697,0.6664,0.6691,24714.32,1756040399999,16517.399396,477,10779.76,7205.434354,0
1756040400000,2025-08-24 13:00:00,0.669,0.6706,0.6688,0.6704,38443.78,1756041299999,25732.90905,435,29032.15,19429.657737,0
1756041300000,2025-08-24 13:15:00,0.6703,0.6747,0.6703,0.6743,81568.69,1756042199999,54872.504345,763,47722.21,32111.625568,0
1756042200000,2025-08-24 13:30:00,0.6742,0.6751,0.6715,0.6715,27365.38,1756043099999,18436.447727,536,13226.19,8907.362189,0
1756043100000,2025-08-24 13:45:00,0.6716,0.6728,0.6714,0.6716,25043.81,1756043999999,16829.034674,413,15420.94,10360.525403,0
1756044000000,2025-08-24 14:00:00,0.6717,0.672,0.6676,0.6693,77938.46,1756044899999,52195.97703,1024,44423.7,29742.975533,0
1756044900000,2025-08-24 14:15:00,0.6694,0.6732,0.6688,0.6689,30186.26,1756045799999,20260.238633,752,20981.55,14076.996195,0
1756045800000,2025-08-24 14:30:00,0.6688,0.6715,0.6677,0.6708,19376.95,1756046699999,12969.484175,515,11693.76,7830.010997,0
1756046700000,2025-08-24 14:45:00,0.6707,0.6741,0.6706,0.6731,39720.96,1756047599999,26724.554416,498,21263.48,14306.877437,0
1756047600000,2025-08-24 15:00:00,0.673,0.6814,0.6713,0.6799,152373.98,1756048499999,103174.152149,1748,89960.11,60911.135408,0
1756048500000,2025-08-24 15:15:00,0.6798,0.6815,0.6771,0.6789,94537.97,1756049399999,64228.144726,1158,32506.53,22109.12327,0
1756049400000,2025-08-24 15:30:00,0.679,0.6801,0.6765,0.6776,55306.2,1756050299999,37524.031041,841,29170.39,19786.992349,0
1756050300000,2025-08-24 15:45:00,0.6776,0.6776,0.673,0.6741,29326.05,1756051199999,19804.385553,545,13425.24,9064.31509,0
1756051200000,2025-08-24 16:00:00,0.674,0.6769,0.6719,0.6734,41236.15,1756052099999,27815.97325,769,27255.76,18391.985586,0
1756052100000,2025-08-24 16:15:00,0.6734,0.6745,0.671,0.6713,32417.71,1756052999999,21808.115628,622,18222.63,12264.684846,0
1756053000000,2025-08-24 16:30:00,0.6714,0.6749,0.6695,0.6729,22417.83,1756053899999,15057.815505,546,16400.56,11017.897001,0
1756053900000,2025-08-24 16:45:00,0.6728,0.6759,0.6719,0.6752,22477.18,1756054799999,15161.161915,469,12392.65,8358.333694,0
1756054800000,2025-08-24 17:00:00,0.6752,0.6807,0.675,0.6806,35040.82,1756055699999,23746.425726,728,25951.2,17588.823866,0
1756055700000,2025-08-24 17:15:00,0.6808,0.6819,0.678,0.6801,39712.25,1756056599999,26990.726056,787,16960.57,11525.678658,0
1756056600000,2025-08-24 17:30:00,0.6802,0.6908,0.6793,0.6896,128005.78,1756057499999,87632.98085,1623,72391.21,49639.510238,0
1756057500000,2025-08-24 17:45:00,0.6897,0.692,0.6866,0.6884,73647.03,1756058399999,50849.161246,1203,52198.74,36056.967761,0
1756058400000,2025-08-24 18:00:00,0.6884,0.6946,0.6869,0.6945,89628.94,1756059299999,61894.239858,985,51730.13,35717.753648,0
1756059300000,2025-08-24 18:15:00,0.6944,0.7027,0.6936,0.7014,129743.85,1756060199999,90611.21369,1911,74526.05,52050.975318,0
1756060200000,2025-08-24 18:30:00,0.7014,0.7055,0.7008,0.7039,227632.82,1756061099999,160020.828895,1649,74345.59,52277.799311,0
1756061100000,2025-08-24 18:45:00,0.7038,0.7077,0.7011,0.7028,113728.48,1756061999999,80177.336509,1416,70200.61,49511.945665,0
1756062000000,2025-08-24 19:00:00,0.7027,0.708,0.7023,0.7068,74766.56,1756062899999,52748.917741,1000,34775.47,24508.756461,0
1756062900000,2025-08-24 19:15:00,0.7068,0.7098,0.7054,0.7061,70050.48,1756063799999,49614.58942,945,31982.13,22646.421178,0
1756063800000,2025-08-24 19:30:00,0.706,0.7063,0.6707,0.69,1078337.86,1756064699999,737124.973209,10710,534693.45,365434.954759,0
1756064700000,2025-08-24 19:45:00,0.6901,0.6908,0.6774,0.686,736082.7,1756065599999,504157.124855,7757,432080.01,296158.06178,0
1756065600000,2025-08-24 20:00:00,0.6861,0.6871,0.6705,0.6758,563485.96,1756066499999,382057.67585,6838,248895.58,168610.719719,0
1756066500000,2025-08-24 20:15:00,0.6758,0.686,0.6752,0.684,186568.35,1756067399999,127283.375685,3232,84944.98,57967.120597,0
1756067400000,2025-08-24 20:30:00,0.684,0.6889,0.6803,0.6885,144175.96,1756068299999,98643.084367,2217,72261.68,49467.28723,0
1756068300000,2025-08-24 20:45:00,0.6885,0.689,0.6803,0.6811,59702.6,1756069199999,40872.831128,1186,29262.55,20034.276698,0
1756069200000,2025-08-24 21:00:00,0.6811,0.6842,0.6763,0.6819,141568.54,1756070099999,96234.764658,1995,75072.49,50999.049716,0
1756070100000,2025-08-24 21:15:00,0.6818,0.6837,0.6785,0.6791,67906.32,1756070999999,46259.843308,769,37550.08,25599.862664,0
1756071000000,2025-08-24 21:30:00,0.6791,0.6859,0.6776,0.681,83606.97,1756071899999,56988.591208,805,48365.3,32960.243812,0
1756071900000,2025-08-24 21:45:00,0.6809,0.6839,0.6777,0.6783,27742.4,1756072799999,18854.095664,444,12899.2,8760.688944,0
1756072800000,2025-08-24 22:00:00,0.6784,0.6788,0.6738,0.6753,34196.66,1756073699999,23117.881002,884,17925.39,12118.086123,0
1756073700000,2025-08-24 22:15:00,0.6752,0.6752,0.6675,0.6675,40454.88,1756074599999,27118.533332,775,15089.53,10118.879929,0
1756074600000,2025-08-24 22:30:00,0.6676,0.6727,0.6661,0.6724,53873.1,1756075499999,36030.640133,927,26941.35,18037.546628,0
1756075500000,2025-08-24 22:45:00,0.6725,0.6763,0.6704,0.6758,19051.23,1756076399999,12838.139545,463,9504.08,6404.011456,0
1756076400000,2025-08-24 23:00:00,0.6759,0.6801,0.6752,0.6776,51257.46,1756077299999,34717.102556,744,21290.19,14416.921805,0
1756077300000,2025-08-24 23:15:00,0.6777,0.679,0.6772,0.6784,35026.32,1756078199999,23751.651483,526,24665.65,16726.966008,0
1756078200000,2025-08-24 23:30:00,0.6784,0.6785,0.6757,0.6781,29342.57,1756079099999,19873.607604,524,6981.6,4728.85978,0
1756079100000,2025-08-24 23:45:00,0.6781,0.6789,0.6745,0.6762,10373.41,1756079999999,7012.584259,383,5693.43,3848.096423,0
1756080000000,2025-08-25 00:00:00,0.6762,0.6796,0.6747,0.6774,71552.2,1756080899999,48384.366385,755,18900.06,12804.030544,0
1756080900000,2025-08-25 00:15:00,0.6775,0.6784,0.6731,0.6737,36473.68,1756081799999,24631.838141,688,14841.35,10030.504348,0
1756081800000,2025-08-25 00:30:00,0.6736,0.6736,0.6595,0.6628,257581.87,1756082699999,171122.32938,2241,95636.72,63635.334002,0
1756082700000,2025-08-25 00:45:00,0.6629,0.6676,0.6619,0.6672,112379.41,1756083599999,74730.361178,1596,54265.01,36101.346263,0
1756083600000,2025-08-25 01:00:00,0.6672,0.6702,0.6663,0.6698,43088.35,1756084499999,28804.8664,735,26651.92,17818.098561,0
1756084500000,2025-08-25 01:15:00,0.6698,0.6754,0.6664,0.6731,74701.3,1756085399999,50131.666412,977,55850.83,37462.196265,0
1756085400000,2025-08-25 01:30:00,0.673,0.6735,0.6704,0.6704,24285.53,1756086299999,16322.161754,444,9386.05,6309.613506,0
1756086300000,2025-08-25 01:45:00,0.6705,0.6748,0.6705,0.6739,42228.33,1756087199999,28428.670975,603,12496.45,8405.827574,0
1756087200000,2025-08-25 02:00:00,0.6738,0.6795,0.6734,0.6791,67626.32,1756088099999,45786.235607,1083,53133.7,35974.75582,0
1756088100000,2025-08-25 02:15:00,0.679,0.6846,0.6775,0.6799,78616.98,1756088999999,53564.982594,1037,20548.89,13996.733216,0
1756089000000,2025-08-25 02:30:00,0.6799,0.6817,0.6786,0.6806,42548.3,1756089899999,28945.935721,919,26173.12,17806.374317,0
1756089900000,2025-08-25 02:45:00,0.6805,0.6835,0.6805,0.6817,31926.61,1756090799999,21778.138176,646,19188.4,13091.476277,0
1756090800000,2025-08-25 03:00:00,0.6816,0.6868,0.6804,0.6823,96156.92,1756091699999,65812.189002,1128,58093.69,39832.053742,0
1756091700000,2025-08-25 03:15:00,0.6824,0.6841,0.68,0.6806,63058.27,1756092599999,42990.510936,978,24804.94,16904.506045,0
1756092600000,2025-08-25 03:30:00,0.6806,0.6841,0.6783,0.6828,97559.08,1756093499999,66337.365637,1281,26191.56,17833.944121,0
1756093500000,2025-08-25 03:45:00,0.6827,0.6833,0.6793,0.6805,53139.26,1756094399999,36203.956889,947,17495.17,11931.190479,0
1756094400000,2025-08-25 04:00:00,0.6806,0.6831,0.677,0.677,65655.85,1756095299999,44648.609153,1149,37749.13,25663.784287,0
1756095300000,2025-08-25 04:15:00,0.6771,0.6806,0.6764,0.677,40201.75,1756096199999,27279.245804,944,19134.44,12979.462099,0
1756096200000,2025-08-25 04:30:00,0.6769,0.6778,0.6745,0.6751,42160.42,1756097099999,28481.264609,864,16605.0,11221.787378,0
1756097100000,2025-08-25 04:45:00,0.675,0.6767,0.673,0.673,39430.08,1756097999999,26606.239291,808,17360.57,11714.032303,0
1756098000000,2025-08-25 05:00:00,0.6731,0.6756,0.6697,0.6708,75637.41,1756098899999,50812.380664,989,37545.66,25229.221869,0
1756098900000,2025-08-25 05:15:00,0.6703,0.6733,0.6694,0.6714,31765.82,1756099799999,21304.744717,1001,18817.02,12623.873989,0
1756099800000,2025-08-25 05:30:00,0.6715,0.6716,0.6675,0.6697,418674.02,1756100699999,280178.413082,1196,105754.06,70850.734447,0
1756100700000,2025-08-25 05:45:00,0.6696,0.6704,0.6651,0.6653,99042.59,1756101599999,66112.995755,934,52558.82,35111.10585,0
1756101600000,2025-08-25 06:00:00,0.6653,0.6659,0.6606,0.6627,161622.43,1756102499999,107158.75016,1120,35430.09,23477.843683,0
1756102500000,2025-08-25 06:15:00,0.6628,0.6642,0.6589,0.6596,121212.95,1756103399999,80138.284441,1304,52629.93,34817.452603,0
1756103400000,2025-08-25 06:30:00,0.6597,0.6601,0.6549,0.6549,127773.36,1756104299999,83914.515452,1339,34568.17,22715.84003,0
1756104300000,2025-08-25 06:45:00,0.6549,0.655,0.651,0.6511,106826.6,1756105199999,69776.715707,1169,57635.34,37643.461081,0
1756105200000,2025-08-25 07:00:00,0.6512,0.6541,0.6478,0.6509,117297.25,1756106099999,76339.376343,862,51315.44,33414.989847,0
1756106100000,2025-08-25 07:15:00,0.651,0.6532,0.6506,0.6515,116534.42,1756106999999,75970.486849,816,47672.55,31079.35754,0
1756107000000,2025-08-25 07:30:00,0.6517,0.6537,0.6482,0.6535,445003.57,1756107899999,289874.270688,1642,182273.49,118759.714329,0
1756107900000,2025-08-25 07:45:00,0.6536,0.6538,0.6411,0.6433,1742343.9,1756108799999,1128616.392276,4196,371775.83,240267.301577,0
1756108800000,2025-08-25 08:00:00,0.6434,0.6442,0.6388,0.6411,249555.28,1756109699999,160078.108785,2146,118676.01,76114.490493,0
1756109700000,2025-08-25 08:15:00,0.6411,0.6469,0.636,0.636,874934.63,1756110599999,560951.476924,1973,672749.58,431323.923657,0
1756110600000,2025-08-25 08:30:00,0.636,0.6415,0.6348,0.6387,903480.22,1756111499999,574772.131129,2644,502981.23,319988.975456,0
1756111500000,2025-08-25 08:45:00,0.6387,0.6425,0.6386,0.6416,60327.71,1756112399999,38688.64096,821,42932.35,27528.566002,0
1756112400000,2025-08-25 09:00:00,0.6414,0.6428,0.6376,0.641,68356.69,1756113299999,43776.039482,913,37091.58,23759.524389,0
1756113300000,2025-08-25 09:15:00,0.6411,0.6431,0.6367,0.6367,49971.87,1756114199999,32035.504005,594,17976.31,11524.614478,0
1756114200000,2025-08-25 09:30:00,0.6367,0.6407,0.6362,0.6402,111342.47,1756115099999,71224.403076,727,87556.76,56015.79451,0
1756115100000,2025-08-25 09:45:00,0.6402,0.6402,0.6368,0.6384,166673.76,1756115999999,106281.539334,746,122345.38,77988.026818,0
1756116000000,2025-08-25 10:00:00,0.6383,0.6383,0.6345,0.6362,89518.75,1756116899999,57007.177362,755,32345.61,20590.508743,0
1756116900000,2025-08-25 10:15:00,0.6361,0.6361,0.6282,0.6309,161026.04,1756117799999,101633.740853,1623,67318.81,42486.504201,0
1756117800000,2025-08-25 10:30:00,0.6309,0.6319,0.6277,0.631,85065.74,1756118699999,53619.191893,1180,32342.64,20387.519688,0
1756118700000,2025-08-25 10:45:00,0.631,0.6344,0.6303,0.6303,61590.8,1756119599999,38932.685468,731,27925.36,17653.827279,0
1756119600000,2025-08-25 11:00:00,0.6304,0.6317,0.6299,0.6312,36397.92,1756120499999,22966.731427,471,15147.33,9559.182547,0
1756120500000,2025-08-25 11:15:00,0.6313,0.6327,0.6303,0.6308,58609.81,1756121399999,37008.66108,677,21829.1,13789.274897,0
1756121400000,2025-08-25 11:30:00,0.6309,0.6365,0.6308,0.6336,124756.29,1756122299999,79114.739264,991,60513.82,38380.97402,0
1756122300000,2025-08-25 11:45:00,0.6337,0.6363,0.6337,0.6361,52785.13,1756123199999,33521.34183,503,26694.97,16951.492432,0
1756123200000,2025-08-25 12:00:00,0.636,0.6366,0.6334,0.6362,35218.86,1756124099999,22369.997456,590,22511.53,14298.43829,0
1756124100000,2025-08-25 12:15:00,0.6361,0.6376,0.6343,0.6358,75246.17,1756124999999,47839.279534,615,33397.39,21236.89165,0
1756125000000,2025-08-25 12:30:00,0.6363,0.6363,0.6332,0.6362,40345.44,1756125899999,25602.188485,522,23284.6,14775.000996,0
1756125900000,2025-08-25 12:45:00,0.6363,0.6371,0.6337,0.6371,51559.85,1756126799999,32741.727175,615,38498.98,24450.405714,0
1756126800000,2025-08-25 13:00:00,0.637,0.6371,0.6343,0.6344,51658.66,1756127699999,32825.76022,545,12520.98,7957.487789,0
1756127700000,2025-08-25 13:15:00,0.6343,0.638,0.6325,0.6368,44778.27,1756128599999,28423.081196,679,18093.28,11495.514227,0
1756128600000,2025-08-25 13:30:00,0.6369,0.6375,0.6308,0.6341,102269.23,1756129499999,64808.273756,2045,50429.78,31960.628992,0
1756129500000,2025-08-25 13:45:00,0.6341,0.6378,0.6294,0.6345,118742.63,1756130399999,75266.711883,1950,61385.03,38907.393239,0
1756130400000,2025-08-25 14:00:00,0.6346,0.6407,0.6332,0.6396,89950.74,1756131299999,57352.57145,1495,57631.64,36757.355593,0
1756131300000,2025-08-25 14:15:00,0.6397,0.6413,0.6382,0.6383,134620.39,1756132199999,86178.051722,1336,62448.0,39972.231494,0
1756132200000,2025-08-25 14:30:00,0.6385,0.641,0.6364,0.6375,48840.61,1756133099999,31194.928604,1063,21340.79,13635.445324,0
1756133100000,2025-08-25 14:45:00,0.6374,0.6403,0.6372,0.6382,26782.41,1756133999999,17108.088722,622,14832.34,9472.716654,0
1756134000000,2025-08-25 15:00:00,0.6381,0.6401,0.634,0.6352,41208.22,1756134899999,26221.844957,742,13226.43,8422.551687,0
1756134900000,2025-08-25 15:15:00,0.6353,0.6367,0.6318,0.633,97962.28,1756135799999,62119.918239,926,44753.01,28384.087815,0
1756135800000,2025-08-25 15:30:00,0.6331,0.6355,0.6319,0.634,37996.9,1756136699999,24080.205164,792,21888.22,13875.785052,0
1756136700000,2025-08-25 15:45:00,0.6339,0.6339,0.629,0.6312,77159.08,1756137599999,48681.88194,799,39518.54,24931.318877,0
1756137600000,2025-08-25 16:00:00,0.6312,0.6351,0.6267,0.6348,66088.19,1756138499999,41672.607096,1083,40366.57,25461.190056,0
1756138500000,2025-08-25 16:15:00,0.6347,0.6368,0.6333,0.6335,60603.44,1756139399999,38492.040846,960,29955.06,19023.618142,0
1756139400000,2025-08-25 16:30:00,0.6334,0.6361,0.632,0.6342,43901.92,1756140299999,27820.192446,823,21950.23,13911.64685,0
1756140300000,2025-08-25 16:45:00,0.6343,0.6352,0.6299,0.6299,56526.54,1756141199999,35755.534124,748,19147.21,12105.630587,0
1756141200000,2025-08-25 17:00:00,0.6298,0.6301,0.6238,0.6257,141653.77,1756142099999,88704.497375,1546,65628.64,41099.9605,0
1756142100000,2025-08-25 17:15:00,0.6256,0.6282,0.6238,0.6271,58454.84,1756142999999,36555.775683,792,30070.53,18803.137027,0
1756143000000,2025-08-25 17:30:00,0.627,0.6278,0.6237,0.625,49912.2,1756143899999,31204.795411,690,16982.22,10623.312322,0
1756143900000,2025-08-25 17:45:00,0.6251,0.6284,0.6244,0.626,51410.1,1756144799999,32201.680073,713,27260.68,17076.896352,0
1756144800000,2025-08-25 18:00:00,0.6261,0.6281,0.6234,0.627,40686.65,1756145699999,25444.487685,648,20623.18,12904.642597,0
1756145700000,2025-08-25 18:15:00,0.627,0.6273,0.6252,0.6266,42987.01,1756146599999,26914.318363,637,21834.93,13672.019116,0
1756146600000,2025-08-25 18:30:00,0.6265,0.629,0.6251,0.6263,24293.37,1756147499999,15229.319042,582,11947.28,7491.976622,0
1756147500000,2025-08-25 18:45:00,0.6261,0.6278,0.626,0.6266,17294.86,1756148399999,10843.430967,385,9267.8,5811.751564,0
1756148400000,2025-08-25 19:00:00,0.6265,0.6289,0.6241,0.6266,72099.54,1756149299999,45168.099012,747,39201.68,24561.412961,0
1756149300000,2025-08-25 19:15:00,0.6266,0.6266,0.6189,0.6239,258402.59,1756150199999,160533.804872,2363,113778.34,70703.891319,0
1756150200000,2025-08-25 19:30:00,0.6239,0.6239,0.617,0.6192,141494.86,1756151099999,87664.932081,1867,66380.86,41132.809444,0
1756151100000,2025-08-25 19:45:00,0.6192,0.6204,0.6125,0.6137,112887.6,1756151999999,69516.75343,1552,43238.04,26644.43428,0
1756152000000,2025-08-25 20:00:00,0.6138,0.6167,0.6021,0.6082,536429.13,1756152899999,326543.012655,4767,228372.17,139040.940022,0
1756152900000,2025-08-25 20:15:00,0.6083,0.6124,0.6065,0.609,105151.78,1756153799999,64089.882167,2154,64459.87,39299.095204,0
1756153800000,2025-08-25 20:30:00,0.609,0.6094,0.5972,0.6027,521375.87,1756154699999,313983.991779,5693,228400.26,137573.903482,0
1756154700000,2025-08-25 20:45:00,0.6027,0.6044,0.5986,0.5988,200913.7,1756155599999,120918.261299,2895,109961.86,66200.562128,0
1756155600000,2025-08-25 21:00:00,0.5987,0.6025,0.596,0.5983,321424.97,1756156499999,192713.945064,3716,175520.22,105267.991121,0
1756156500000,2025-08-25 21:15:00,0.5984,0.6009,0.5947,0.5957,164667.42,1756157399999,98474.144702,1405,70237.72,42059.020029,0
1756157400000,2025-08-25 21:30:00,0.5957,0.6008,0.5932,0.5966,70140.37,1756158299999,41894.720347,1189,42595.1,25440.372156,0
1756158300000,2025-08-25 21:45:00,0.5967,0.6016,0.5958,0.5961,42827.64,1756159199999,25664.784636,724,21208.44,12715.984452,0
1756159200000,2025-08-25 22:00:00,0.5961,0.6009,0.5959,0.597,88504.34,1756160099999,52935.634345,1078,46142.27,27598.811387,0
1756160100000,2025-08-25 22:15:00,0.5971,0.6019,0.5956,0.6019,44685.67,1756160999999,26719.96167,796,29779.86,17811.603677,0
1756161000000,2025-08-25 22:30:00,0.6018,0.6051,0.6013,0.6048,145268.84,1756161899999,87544.331832,1240,74198.9,44754.04621,0
1756161900000,2025-08-25 22:45:00,0.6048,0.6053,0.6021,0.6032,51410.09,1756162799999,31058.500206,648,20299.09,12258.979354,0
1756162800000,2025-08-25 23:00:00,0.6032,0.6034,0.6003,0.6007,125491.74,1756163699999,75527.737255,825,66584.07,40091.624646,0
1756163700000,2025-08-25 23:15:00,0.6006,0.6018,0.5987,0.6,220070.38,1756164599999,131957.62323,914,63314.73,37984.677115,0
1756164600000,2025-08-25 23:30:00,0.5998,0.6033,0.5991,0.6032,70553.05,1756165499999,42406.450285,475,41168.11,24767.296186,0
1756165500000,2025-08-25 23:45:00,0.6033,0.6049,0.603,0.6036,60529.36,1756166399999,36548.31012,509,40367.83,24378.072044,0
1756166400000,2025-08-26 00:00:00,0.6034,0.6041,0.5995,0.6028,143367.56,1756167299999,86304.968195,1545,88208.06,53103.494514,0
1756167300000,2025-08-26 00:15:00,0.6027,0.6063,0.6021,0.6047,126716.24,1756168199999,76529.545446,1260,62980.7,38031.945743,0
1756168200000,2025-08-26 00:30:00,0.6048,0.6069,0.6015,0.6021,118213.37,1756169099999,71396.807429,1404,68270.59,41254.83656,0
1756169100000,2025-08-26 00:45:00,0.602,0.6068,0.5993,0.6037,226814.57,1756169999999,136714.847928,2026,104560.23,63087.501284,0
1756170000000,2025-08-26 01:00:00,0.6037,0.6087,0.6014,0.6043,194759.88,1756170899999,117672.980903,1772,84721.28,51205.185483,0
1756170900000,2025-08-26 01:15:00,0.6044,0.6099,0.6039,0.6095,78964.8,1756171799999,47953.830995,809,62878.66,38197.048217,0
1756171800000,2025-08-26 01:30:00,0.6096,0.6122,0.6083,0.6106,54890.03,1756172699999,33474.199667,762,36669.25,22366.577146,0
1756172700000,2025-08-26 01:45:00,0.6107,0.6133,0.61,0.6133,109423.67,1756173599999,66943.882542,1178,85149.41,52090.80722,0
1756173600000,2025-08-26 02:00:00,0.6133,0.6189,0.6126,0.6189,237806.66,1756174499999,146818.071852,947,57057.09,35169.396638,0
1756174500000,2025-08-26 02:15:00,0.6188,0.6189,0.6141,0.6176,122022.52,1756175399999,75212.660589,1110,65236.29,40237.240437,0
1756175400000,2025-08-26 02:30:00,0.6177,0.6181,0.6153,0.6177,164225.62,1756176299999,101322.931349,1154,91776.29,56627.955669,0
1756176300000,2025-08-26 02:45:00,0.6176,0.6194,0.6137,0.6174,185949.57,1756177199999,114666.282591,1412,111268.3,68591.216559,0
1756177200000,2025-08-26 03:00:00,0.6173,0.6173,0.6147,0.6149,161070.76,1756178099999,99197.785502,1141,100163.55,61685.665174,0
1756178100000,2025-08-26 03:15:00,0.6148,0.6178,0.6135,0.6161,187829.78,1756178999999,115819.069291,1134,128810.02,79434.620601,0
1756179000000,2025-08-26 03:30:00,0.6161,0.6182,0.6156,0.6167,30715.33,1756179899999,18949.240343,446,16886.84,10416.160182,0
1756179900000,2025-08-26 03:45:00,0.6167,0.6169,0.6153,0.6155,57830.08,1756180799999,35625.267344,526,31510.95,19413.012939,0
1756180800000,2025-08-26 04:00:00,0.6155,0.6188,0.6152,0.6186,70601.95,1756181699999,43511.898273,616,36338.51,22398.856554,0
1756181700000,2025-08-26 04:15:00,0.6185,0.6201,0.6164,0.6175,54589.27,1756182599999,33764.477764,638,28105.43,17400.364357,0
1756182600000,2025-08-26 04:30:00,0.6175,0.6196,0.6169,0.6186,60087.08,1756183499999,37172.385575,615,30813.43,19061.458483,0
1756183500000,2025-08-26 04:45:00,0.6187,0.6202,0.6176,0.6189,42349.25,1756184399999,26191.387041,517,18514.81,11448.630682,0
1756184400000,2025-08-26 05:00:00,0.6188,0.6205,0.6175,0.6201,32093.69,1756185299999,19874.199803,381,18083.17,11204.992558,0
1756185300000,2025-08-26 05:15:00,0.62,0.6206,0.6175,0.6183,32061.89,1756186199999,19838.083081,440,9213.68,5702.820807,0
1756186200000,2025-08-26 05:30:00,0.6182,0.6204,0.6165,0.6204,30134.92,1756187099999,18634.146693,448,18359.09,11351.913093,0
1756187100000,2025-08-26 05:45:00,0.6205,0.6213,0.6178,0.6178,200450.44,1756187999999,124335.574059,688,159725.15,99110.221653,0
1756188000000,2025-08-26 06:00:00,0.6178,0.6188,0.6155,0.6179,92242.09,1756188899999,56908.975608,782,16079.06,9923.86314,0
1756188900000,2025-08-26 06:15:00,0.618,0.6196,0.6146,0.6163,125812.17,1756189799999,77488.151178,947,51360.35,31634.012672,0
1756189800000,2025-08-26 06:30:00,0.6162,0.6183,0.6159,0.6164,38671.53,1756190699999,23854.965245,387,18436.08,11369.106876,0
1756190700000,2025-08-26 06:45:00,0.6164,0.6171,0.6141,0.6155,125380.34,1756191599999,77182.565094,678,62351.29,38358.849837,0
1756191600000,2025-08-26 07:00:00,0.6156,0.6173,0.6143,0.6148,37936.36,1756192499999,23336.054389,633,16353.77,10061.757839,0
1756192500000,2025-08-26 07:15:00,0.6149,0.6159,0.6133,0.6154,41206.08,1756193399999,25325.445945,560,26030.77,16001.434536,0
1756193400000,2025-08-26 07:30:00,0.6154,0.6222,0.6153,0.6201,363230.73,1756194299999,225220.234504,1679,191571.24,118798.7809,0
1756194300000,2025-08-26 07:45:00,0.6202,0.6221,0.6143,0.6146,724579.44,1756195199999,448902.58067,1642,424796.9,263309.293674,0
1756195200000,2025-08-26 08:00:00,0.6145,0.6152,0.6126,0.6148,61535.76,1756196099999,37771.648181,571,23558.28,14465.703992,0
1756196100000,2025-08-26 08:15:00,0.6148,0.6166,0.6108,0.6119,712266.83,1756196999999,436270.660985,1112,90746.48,55557.701076,0
1756197000000,2025-08-26 08:30:00,0.6118,0.6125,0.6082,0.6112,434954.85,1756197899999,265366.503362,1233,234723.22,143148.634875,0
1756197900000,2025-08-26 08:45:00,0.6113,0.6134,0.6104,0.611,41503.33,1756198799999,25390.425928,489,27342.06,16730.675879,0
1756198800000,2025-08-26 09:00:00,0.6109,0.6123,0.6096,0.6115,35757.14,1756199699999,21854.476929,434,15467.96,9459.217595,0
1756199700000,2025-08-26 09:15:00,0.6116,0.6132,0.6111,0.6114,35551.67,1756200599999,21761.697519,391,22508.56,13782.514394,0
1756200600000,2025-08-26 09:30:00,0.6114,0.612,0.6084,0.6086,53619.27,1756201499999,32747.172269,454,10239.16,6245.557235,0
1756201500000,2025-08-26 09:45:00,0.6087,0.6097,0.6084,0.6095,54084.98,1756202399999,32937.851917,270,47951.55,29203.00841,0
1756202400000,2025-08-26 10:00:00,0.6096,0.611,0.6091,0.6103,83075.55,1756203299999,50694.18759,515,57630.8,35169.990359,0
1756203300000,2025-08-26 10:15:00,0.6103,0.6103,0.609,0.61,40274.35,1756204199999,24556.233256,334,20479.61,12488.013737,0
1756204200000,2025-08-26 10:30:00,0.6101,0.6122,0.6098,0.6122,55359.94,1756205099999,33837.390238,428,50057.5,30599.26036,0
1756205100000,2025-08-26 10:45:00,0.6123,0.614,0.61,0.6117,95150.58,1756205999999,58204.134965,708,47708.37,29211.988601,0
1756206000000,2025-08-26 11:00:00,0.6118,0.6143,0.6113,0.6124,169218.98,1756206899999,103768.814726,752,139672.37,85660.012066,0
1756206900000,2025-08-26 11:15:00,0.6123,0.6123,0.6083,0.6091,66849.33,1756207799999,40735.020966,475,34381.38,20945.913488,0
1756207800000,2025-08-26 11:30:00,0.609,0.609,0.6066,0.6072,43989.0,1756208699999,26740.905951,308,21156.93,12854.254148,0
1756208700000,2025-08-26 11:45:00,0.6073,0.6088,0.6067,0.6087,46250.51,1756209599999,28118.72967,334,37415.15,22747.70632,0
1756209600000,2025-08-26 12:00:00,0.6088,0.609,0.6058,0.6066,65386.46,1756210499999,39672.579293,440,20822.62,12633.778513,0
1756210500000,2025-08-26 12:15:00,0.6066,0.6109,0.6064,0.6108,29238.52,1756211399999,17812.689627,315,26394.73,16080.451231,0
1756211400000,2025-08-26 12:30:00,0.6108,0.6254,0.6108,0.6224,375488.36,1756212299999,233294.96088,3128,207877.94,129155.645956,0
1756212300000,2025-08-26 12:45:00,0.6223,0.6244,0.6128,0.62,225943.79,1756213199999,139747.54238,2376,115505.77,71468.602406,0
1756213200000,2025-08-26 13:00:00,0.6199,0.6199,0.615,0.615,100857.43,1756214099999,62262.150307,1269,36502.76,22542.637385,0
1756214100000,2025-08-26 13:15:00,0.615,0.6175,0.6137,0.6153,37277.96,1756214999999,22950.18116,749,14499.16,8935.062965,0
1756215000000,2025-08-26 13:30:00,0.6152,0.6212,0.6134,0.6156,306612.87,1756215899999,189244.691032,2416,142086.88,87677.266355,0
1756215900000,2025-08-26 13:45:00,0.6156,0.616,0.6075,0.6147,324765.51,1756216799999,198766.186871,2462,160943.44,98483.188839,0
1756216800000,2025-08-26 14:00:00,0.6146,0.6158,0.6091,0.6111,148726.45,1756217699999,91048.368537,1694,75772.49,46415.431331,0
1756217700000,2025-08-26 14:15:00,0.611,0.6172,0.6108,0.6162,106075.29,1756218599999,65173.530828,1308,74014.13,45464.924335,0
1756218600000,2025-08-26 14:30:00,0.6162,0.6185,0.6161,0.6182,55887.6,1756219499999,34496.8594,911,23712.49,14645.759474,0
1756219500000,2025-08-26 14:45:00,0.6183,0.6218,0.6163,0.6198,94403.91,1756220399999,58536.263051,1004,60908.79,37779.070818,0
1756220400000,2025-08-26 15:00:00,0.6197,0.6226,0.6169,0.6171,81747.65,1756221299999,50679.893412,1140,35930.99,22284.013142,0
1756221300000,2025-08-26 15:15:00,0.617,0.6207,0.6156,0.6184,116960.12,1756222199999,72418.920064,1046,71860.88,44512.567824,0
1756222200000,2025-08-26 15:30:00,0.6185,0.6185,0.6143,0.6153,71729.16,1756223099999,44203.468252,809,44229.68,27264.096066,0
1756223100000,2025-08-26 15:45:00,0.6152,0.6176,0.6152,0.6167,21960.26,1756223999999,13534.694191,374,11819.12,7284.32898,0
1756224000000,2025-08-26 16:00:00,0.6167,0.6193,0.6156,0.6162,52236.87,1756224899999,32250.573038,665,29878.37,18448.32879,0
1756224900000,2025-08-26 16:15:00,0.6163,0.6208,0.6163,0.6198,64137.6,1756225799999,39736.170277,645,48659.3,30143.171214,0
1756225800000,2025-08-26 16:30:00,0.6199,0.6215,0.619,0.6207,53299.5,1756226699999,33086.867629,556,31313.92,19443.499694,0
1756226700000,2025-08-26 16:45:00,0.6209,0.624,0.6205,0.6239,57229.85,1756227599999,35581.69821,639,36722.9,22838.114331,0
1756227600000,2025-08-26 17:00:00,0.6238,0.6245,0.6203,0.6214,41231.4,1756228499999,25661.162721,460,12067.45,7503.488075,0
1756228500000,2025-08-26 17:15:00,0.6214,0.6234,0.6209,0.6219,35203.19,1756229399999,21910.093118,452,16464.26,10241.27154,0
1756229400000,2025-08-26 17:30:00,0.6219,0.622,0.6157,0.6157,41167.32,1756230299999,25433.535541,559,10798.11,6681.038237,0
1756230300000,2025-08-26 17:45:00,0.6162,0.6186,0.6147,0.6186,45610.24,1756231199999,28108.692829,655,19930.24,12289.337426,0
1756231200000,2025-08-26 18:00:00,0.6187,0.6204,0.6183,0.619,36467.78,1756232099999,22589.970957,554,15626.16,9678.634937,0
1756232100000,2025-08-26 18:15:00,0.6191,0.6215,0.618,0.6209,30134.91,1756232999999,18656.902246,458,20532.39,12709.637646,0
1756233000000,2025-08-26 18:30:00,0.6209,0.6234,0.6205,0.6223,32031.08,1756233899999,19921.225605,492,17449.28,10853.888361,0
1756233900000,2025-08-26 18:45:00,0.6222,0.6239,0.621,0.6217,23801.84,1756234799999,14814.939852,418,13535.71,8427.930081,0
1756234800000,2025-08-26 19:00:00,0.6216,0.6217,0.6189,0.6217,21430.74,1756235699999,13289.315508,403,8198.44,5083.360342,0
1756235700000,2025-08-26 19:15:00,0.6217,0.6262,0.6214,0.6256,26789.63,1756236599999,16720.772712,545,18449.06,11514.212601,0
1756236600000,2025-08-26 19:30:00,0.6255,0.6263,0.6249,0.6252,27203.1,1756237499999,17011.766356,398,11302.56,7069.077711,0
1756237500000,2025-08-26 19:45:00,0.6252,0.6307,0.6252,0.6293,50357.57,1756238399999,31666.314445,701,31494.35,19796.791776,0
1756238400000,2025-08-26 20:00:00,0.6293,0.6315,0.6276,0.6315,31987.08,1756239299999,20127.365845,480,19594.92,12337.630052,0
1756239300000,2025-08-26 20:15:00,0.6315,0.6315,0.63,0.6305,53797.81,1756240199999,33942.057452,358,21890.05,13806.848068,0
1756240200000,2025-08-26 20:30:00,0.6305,0.6306,0.6271,0.6279,49578.19,1756241099999,31161.38696,498,14374.86,9040.445225,0
1756241100000,2025-08-26 20:45:00,0.6278,0.6292,0.6263,0.6273,25357.66,1756241999999,15909.945931,435,10246.61,6431.850672,0
1756242000000,2025-08-26 21:00:00,0.6273,0.6273,0.6236,0.6244,24477.35,1756242899999,15311.488309,376,6693.75,4184.832499,0
1756242900000,2025-08-26 21:15:00,0.6245,0.6255,0.6238,0.6243,24706.5,1756243799999,15433.689003,222,13322.98,8324.112107,0
1756243800000,2025-08-26 21:30:00,0.6244,0.6273,0.6233,0.6235,37569.46,1756244699999,23487.456223,347,17888.4,11191.625647,0
1756244700000,2025-08-26 21:45:00,0.624,0.6286,0.6239,0.6281,10679.36,1756245599999,6700.169877,257,7697.56,4828.97063,0
1756245600000,2025-08-26 22:00:00,0.6282,0.6293,0.6257,0.6274,36861.11,1756246499999,23135.965089,605,18749.09,11768.5209,0
1756246500000,2025-08-26 22:15:00,0.6275,0.6286,0.6249,0.6254,32786.93,1756247399999,20545.472429,400,13407.92,8405.306289,0
1756247400000,2025-08-26 22:30:00,0.6255,0.6271,0.6245,0.625,26494.51,1756248299999,16580.776639,339,10496.24,6569.435573,0
1756248300000,2025-08-26 22:45:00,0.6251,0.6268,0.6244,0.6258,23765.67,1756249199999,14869.695808,320,12115.7,7582.302945,0
1756249200000,2025-08-26 23:00:00,0.6259,0.6296,0.6252,0.6282,90898.31,1756250099999,57062.629648,682,43881.38,27549.049193,0
1756250100000,2025-08-26 23:15:00,0.6281,0.6281,0.6246,0.6249,34695.7,1756250999999,21721.36404,420,8438.7,5283.530889,0
1756251000000,2025-08-26 23:30:00,0.625,0.6252,0.6219,0.6243,56212.45,1756251899999,35035.109696,576,31775.37,19803.821988,0
1756251900000,2025-08-26 23:45:00,0.6243,0.6243,0.6225,0.6225,29106.57,1756252799999,18133.223487,335,13316.32,8294.107762,0
1756252800000,2025-08-27 00:00:00,0.6226,0.6226,0.6196,0.6199,101006.58,1756253699999,62755.190051,370,64204.9,39898.830513,0
1756253700000,2025-08-27 00:15:00,0.6198,0.6204,0.6174,0.6184,30316.02,1756254599999,18755.444963,426,8821.58,5459.770461,0
1756254600000,2025-08-27 00:30:00,0.6185,0.6204,0.6163,0.6163,71359.72,1756255499999,44186.145904,516,57438.94,35588.406281,0
1756255500000,2025-08-27 00:45:00,0.6163,0.6174,0.6147,0.6168,47274.96,1756256399999,29128.429168,648,25254.18,15560.901891,0
1756256400000,2025-08-27 01:00:00,0.6169,0.6171,0.6143,0.6165,23588.03,1756257299999,14514.909337,409,10336.0,6361.727597,0
1756257300000,2025-08-27 01:15:00,0.6165,0.6165,0.6141,0.615,34083.74,1756258199999,20986.428877,387,6495.58,3998.268567,0
1756258200000,2025-08-27 01:30:00,0.615,0.6176,0.615,0.6157,10006.33,1756259099999,6165.713009,291,6245.91,3848.84978,0
1756259100000,2025-08-27 01:45:00,0.6158,0.6184,0.6158,0.6184,20815.67,1756259999999,12842.431512,396,13252.84,8175.265332,0
1756260000000,2025-08-27 02:00:00,0.6185,0.6186,0.6134,0.615,77485.36,1756260899999,47640.406242,659,14294.88,8787.048478,0
1756260900000,2025-08-27 02:15:00,0.615,0.6206,0.615,0.6176,49452.08,1756261799999,30616.201163,664,34307.73,21240.237468,0
1756261800000,2025-08-27 02:30:00,0.6176,0.6196,0.6172,0.6189,16240.15,1756262699999,10044.441763,427,8679.02,5368.20116,0
1756262700000,2025-08-27 02:45:00,0.6189,0.6196,0.6178,0.6179,62611.17,1756263599999,38717.31596,369,29983.94,18551.454135,0
1756263600000,2025-08-27 03:00:00,0.6178,0.6186,0.6162,0.6166,46008.97,1756264499999,28387.393271,302,15755.29,9723.437417,0
1756264500000,2025-08-27 03:15:00,0.6167,0.617,0.6145,0.6161,26260.19,1756265399999,16173.206288,303,14131.47,8708.667207,0
1756265400000,2025-08-27 03:30:00,0.6162,0.6181,0.6162,0.6175,28793.76,1756266299999,17768.618188,360,21812.92,13461.524033,0
1756266300000,2025-08-27 03:45:00,0.6176,0.625,0.6176,0.6225,123030.15,1756267199999,76551.808153,974,80202.79,49864.173395,0
1756267200000,2025-08-27 04:00:00,0.6225,0.6276,0.6212,0.626,47129.8,1756268099999,29459.414092,790,25958.29,16226.312373,0
1756268100000,2025-08-27 04:15:00,0.6259,0.6283,0.6229,0.6234,17389.82,1756268999999,10874.74576,496,5103.7,3193.370488,0
1756269000000,2025-08-27 04:30:00,0.6234,0.6262,0.6229,0.6261,18238.88,1756269899999,11400.543696,416,9347.2,5843.848359,0
1756269900000,2025-08-27 04:45:00,0.6262,0.6281,0.6261,0.6275,33586.7,1756270799999,21064.702881,397,10624.12,6662.707941,0
1756270800000,2025-08-27 05:00:00,0.6275,0.6275,0.6251,0.6262,104677.64,1756271699999,65546.96871,550,40198.34,25156.749389,0
1756271700000,2025-08-27 05:15:00,0.6261,0.6267,0.6221,0.6232,41094.48,1756272599999,25668.474504,486,19450.97,12144.654792,0
1756272600000,2025-08-27 05:30:00,0.6231,0.6231,0.6204,0.6219,214115.32,1756273499999,133227.269573,613,190924.9,118824.018162,0
1756273500000,2025-08-27 05:45:00,0.6218,0.6218,0.6197,0.6206,40626.74,1756274399999,25197.041621,381,16256.95,10083.679011,0
1756274400000,2025-08-27 06:00:00,0.6206,0.6209,0.6183,0.6186,28546.14,1756275299999,17692.137569,384,8369.9,5190.256762,0
1756275300000,2025-08-27 06:15:00,0.6187,0.62,0.6174,0.619,27102.35,1756276199999,16764.679763,308,17125.44,10594.700701,0
1756276200000,2025-08-27 06:30:00,0.6189,0.621,0.6176,0.6176,16481.88,1756277099999,10204.873026,283,8562.8,5303.473277,0
1756277100000,2025-08-27 06:45:00,0.6176,0.618,0.6165,0.6174,23043.3,1756277999999,14226.944631,412,13787.55,8512.432285,0
1756278000000,2025-08-27 07:00:00,0.6173,0.6189,0.6165,0.6165,72742.96,1756278899999,44946.136456,488,38260.26,23653.768727,0
1756278900000,2025-08-27 07:15:00,0.6164,0.6181,0.6158,0.6171,84386.9,1756279799999,52061.447692,397,59171.64,36498.350878,0
1756279800000,2025-08-27 07:30:00,0.6173,0.6175,0.6149,0.6152,73666.93,1756280699999,45374.253765,487,34805.96,21435.86735,0
1756280700000,2025-08-27 07:45:00,0.6152,0.6172,0.6146,0.6161,28989.05,1756281599999,17873.597668,369,14580.96,8991.701905,0
1756281600000,2025-08-27 08:00:00,0.6162,0.618,0.6151,0.6153,43776.03,1756282499999,26981.871402,464,21009.12,12950.601436,0
1756282500000,2025-08-27 08:15:00,0.6153,0.6159,0.6138,0.6152,24816.35,1756283399999,15260.449782,374,16139.03,9925.958917,0
1756283400000,2025-08-27 08:30:00,0.6153,0.6176,0.615,0.6157,15324.11,1756284299999,9442.079802,390,6432.72,3965.34699,0
1756284300000,2025-08-27 08:45:00,0.6157,0.6186,0.6133,0.6184,89945.89,1756285199999,55425.71986,559,51083.95,31468.861197,0
1756285200000,2025-08-27 09:00:00,0.6183,0.6208,0.6175,0.6179,59692.94,1756286099999,36941.052594,643,35819.27,22166.573541,0
1756286100000,2025-08-27 09:15:00,0.6178,0.6212,0.6178,0.621,50468.21,1756286999999,31294.614652,446,32320.18,20038.492655,0
1756287000000,2025-08-27 09:30:00,0.6211,0.6221,0.6184,0.6185,26816.16,1756287899999,16630.686621,357,10880.6,6757.006759,0
1756287900000,2025-08-27 09:45:00,0.6187,0.6192,0.6175,0.6176,6625.7,1756288799999,4096.21613,187,3190.81,1972.595097,0
1756288800000,2025-08-27 10:00:00,0.6175,0.6191,0.6168,0.6187,17954.25,1756289699999,11098.819938,352,15547.8,9612.083811,0
1756289700000,2025-08-27 10:15:00,0.6186,0.6194,0.6164,0.6182,14614.99,1756290599999,9034.908525,384,7470.12,4618.668578,0
1756290600000,2025-08-27 10:30:00,0.6183,0.6188,0.6156,0.6171,19675.29,1756291499999,12147.641555,347,9526.95,5880.832539,0
1756291500000,2025-08-27 10:45:00,0.6171,0.6185,0.6169,0.6176,13175.46,1756292399999,8142.044787,223,7633.12,4716.497839,0
1756292400000,2025-08-27 11:00:00,0.6177,0.6189,0.6173,0.6187,18495.68,1756293299999,11433.355368,258,8915.77,5512.811604,0
1756293300000,2025-08-27 11:15:00,0.6186,0.6186,0.6161,0.6167,18659.13,1756294199999,11512.976838,272,11420.38,7044.8198,0
1756294200000,2025-08-27 11:30:00,0.6167,0.6192,0.6166,0.6181,18858.23,1756295099999,11652.961894,387,14920.07,9219.4554,0
1756295100000,2025-08-27 11:45:00,0.6181,0.6205,0.6174,0.62,33551.53,1756295999999,20786.130924,356,20295.63,12571.565404,0
1756296000000,2025-08-27 12:00:00,0.6199,0.6208,0.6162,0.6187,68697.99,1756296899999,42491.788222,692,40938.67,25307.696811,0
1756296900000,2025-08-27 12:15:00,0.6188,0.6192,0.6154,0.6154,19627.94,1756297799999,12108.799489,393,7599.94,4689.758401,0
1756297800000,2025-08-27 12:30:00,0.6153,0.6165,0.6134,0.6136,38958.54,1756298699999,23940.908096,525,21632.87,13293.649284,0
1756298700000,2025-08-27 12:45:00,0.6136,0.6168,0.6135,0.6168,32923.55,1756299599999,20258.850712,406,16266.27,10009.849008,0
1756299600000,2025-08-27 13:00:00,0.6168,0.6171,0.6132,0.6145,36102.51,1756300499999,22225.038371,515,12686.6,7801.854684,0
1756300500000,2025-08-27 13:15:00,0.6146,0.6165,0.6141,0.615,20877.58,1756301399999,12849.872906,398,13275.72,8173.376503,0
1756301400000,2025-08-27 13:30:00,0.6151,0.6225,0.6118,0.6186,198897.84,1756302299999,122682.339033,1704,96867.68,59697.403533,0
1756302300000,2025-08-27 13:45:00,0.6187,0.621,0.6154,0.6157,116284.36,1756303199999,71898.767367,1325,64713.62,40012.714088,0
1756303200000,2025-08-27 14:00:00,0.6158,0.6191,0.6136,0.6173,224162.77,1756304099999,138540.336379,1010,192387.26,118964.164956,0
1756304100000,2025-08-27 14:15:00,0.6172,0.621,0.6159,0.6205,48146.72,1756304999999,29793.23838,744,22830.49,14127.859391,0
1756305000000,2025-08-27 14:30:00,0.6206,0.6261,0.6206,0.6222,132083.07,1756305899999,82380.554303,1659,68350.64,42628.808772,0
1756305900000,2025-08-27 14:45:00,0.6221,0.6231,0.6192,0.6199,47186.1,1756306799999,29315.70697,939,14899.49,9252.919653,0
1756306800000,2025-08-27 15:00:00,0.62,0.6243,0.6188,0.624,83964.61,1756307699999,52177.055958,847,36295.3,22546.250093,0
1756307700000,2025-08-27 15:15:00,0.6241,0.625,0.6205,0.6225,38562.34,1756308599999,24024.485468,782,25953.81,16168.032448,0
1756308600000,2025-08-27 15:30:00,0.6224,0.6232,0.6204,0.6222,60452.71,1756309499999,37614.024505,797,24773.33,15409.031065,0
1756309500000,2025-08-27 15:45:00,0.6223,0.6244,0.6216,0.6238,32895.08,1756310399999,20487.630328,495,19588.72,12201.144414,0
1756310400000,2025-08-27 16:00:00,0.6239,0.6241,0.6197,0.6209,35526.04,1756311299999,22111.463639,607,20189.44,12567.072561,0
1756311300000,2025-08-27 16:15:00,0.621,0.624,0.6183,0.6197,41897.9,1756312199999,26030.175745,795,13825.91,8597.729491,0
1756312200000,2025-08-27 16:30:00,0.6196,0.6197,0.6161,0.6187,41206.39,1756313099999,25465.337335,627,12871.99,7957.753833,0
1756313100000,2025-08-27 16:45:00,0.6186,0.6218,0.618,0.6201,41211.98,1756313999999,25539.618562,488,28727.72,17804.042382,0
1756314000000,2025-08-27 17:00:00,0.6202,0.6203,0.6174,0.6178,28901.34,1756314899999,17877.495688,435,11874.05,7341.673586,0
1756314900000,2025-08-27 17:15:00,0.618,0.6215,0.6175,0.6215,29274.84,1756315799999,18153.918546,362,10641.83,6594.767675,0
1756315800000,2025-08-27 17:30:00,0.6216,0.6247,0.6214,0.6245,36008.04,1756316699999,22401.751538,386,13269.48,8261.693149,0
1756316700000,2025-08-27 17:45:00,0.6245,0.6263,0.6243,0.6259,50255.48,1756317599999,31437.430498,443,20271.88,12681.18696,0
1756317600000,2025-08-27 18:00:00,0.6259,0.63,0.6258,0.6296,43305.81,1756318499999,27198.287599,518,22589.96,14189.725893,0
1756318500000,2025-08-27 18:15:00,0.6295,0.63,0.6275,0.6289,59436.42,1756319399999,37389.563901,566,33122.03,20843.636245,0
1756319400000,2025-08-27 18:30:00,0.629,0.6293,0.6245,0.6249,40263.74,1756320299999,25234.351203,542,19700.85,12340.773658,0
1756320300000,2025-08-27 18:45:00,0.625,0.627,0.6228,0.6232,33676.45,1756321199999,21059.965391,562,13908.9,8692.690263,0
1756321200000,2025-08-27 19:00:00,0.6234,0.6247,0.6159,0.6189,156309.07,1756322099999,96817.608961,1426,70452.72,43596.781038,0
1756322100000,2025-08-27 19:15:00,0.619,0.6219,0.6181,0.62,72667.47,1756322999999,45068.135012,666,43305.01,26866.396935,0
1756323000000,2025-08-27 19:30:00,0.6199,0.6228,0.6199,0.6218,37068.24,1756323899999,23057.971621,511,13115.43,8159.682813,0
1756323900000,2025-08-27 19:45:00,0.6217,0.6217,0.6195,0.6199,31205.51,1756324799999,19363.995663,484,18498.32,11481.014943,0
1756324800000,2025-08-27 20:00:00,0.6199,0.6204,0.6124,0.6193,127367.43,1756325699999,78497.147051,1471,74845.37,46121.329417,0
1756325700000,2025-08-27 20:15:00,0.6194,0.6277,0.6139,0.625,712262.16,1756326599999,442123.114022,5438,354763.93,220153.787044,0
1756326600000,2025-08-27 20:30:00,0.6249,0.6274,0.6222,0.6249,234484.22,1756327499999,146382.172541,2379,101818.35,63580.337149,0
1756327500000,2025-08-27 20:45:00,0.6249,0.6258,0.622,0.6255,72687.05,1756328399999,45335.083678,870,38235.37,23850.840067,0
1756328400000,2025-08-27 21:00:00,0.6255,0.6282,0.6229,0.6239,65488.51,1756329299999,40933.152734,726,32571.45,20365.519695,0
1756329300000,2025-08-27 21:15:00,0.6238,0.6246,0.6197,0.6216,77029.32,1756330199999,47867.815124,559,21872.19,13600.717074,0
1756330200000,2025-08-27 21:30:00,0.6216,0.6233,0.6181,0.62,32323.29,1756331099999,20047.311058,466,12974.84,8045.03149,0
1756331100000,2025-08-27 21:45:00,0.62,0.6205,0.616,0.6173,15379.11,1756331999999,9501.999965,416,8324.03,5140.77136,0
1756332000000,2025-08-27 22:00:00,0.6174,0.6178,0.611,0.6129,62916.93,1756332899999,38569.327015,1041,27447.6,16841.305027,0
1756332900000,2025-08-27 22:15:00,0.6128,0.6146,0.6121,0.614,14244.84,1756333799999,8734.618571,416,9024.13,5532.724755,0
1756333800000,2025-08-27 22:30:00,0.6141,0.6192,0.614,0.6192,36746.52,1756334699999,22700.196119,538,24781.01,15309.384761,0
1756334700000,2025-08-27 22:45:00,0.6193,0.6193,0.616,0.6168,26628.72,1756335599999,16440.681982,372,8067.93,4985.622057,0
1756335600000,2025-08-27 23:00:00,0.6167,0.6176,0.6152,0.6152,26862.46,1756336499999,16557.170018,411,12013.56,7405.612125,0
1756336500000,2025-08-27 23:15:00,0.6151,0.6161,0.6131,0.6158,70598.44,1756337399999,43363.197782,548,18940.62,11634.585171,0
1756337400000,2025-08-27 23:30:00,0.6159,0.6167,0.6119,0.612,49574.81,1756338299999,30493.370433,455,7139.9,4385.882637,0
1756338300000,2025-08-27 23:45:00,0.6121,0.6132,0.6107,0.6125,23154.65,1756339199999,14175.751205,446,12320.15,7541.077708,0
1756339200000,2025-08-28 00:00:00,0.6124,0.6165,0.6117,0.6158,88672.72,1756340099999,54544.202069,749,68980.64,42442.542056,0
1756340100000,2025-08-28 00:15:00,0.6157,0.6169,0.6102,0.6135,72171.76,1756340999999,44266.942546,778,32014.61,19623.142415,0
1756341000000,2025-08-28 00:30:00,0.6134,0.6134,0.6071,0.6131,120473.55,1756341899999,73517.820204,1117,48420.94,29541.739624,0
1756341900000,2025-08-28 00:45:00,0.6132,0.6161,0.6106,0.6133,34039.69,1756342799999,20893.380593,675,12934.82,7931.935225,0
1756342800000,2025-08-28 01:00:00,0.6134,0.6182,0.6131,0.6179,92040.2,1756343699999,56614.627208,929,58795.88,36175.565599,0
1756343700000,2025-08-28 01:15:00,0.6179,0.6201,0.6167,0.6171,42671.49,1756344599999,26404.01527,627,29143.31,18036.711645,0
1756344600000,2025-08-28 01:30:00,0.617,0.6211,0.617,0.6193,53961.43,1756345499999,33401.394937,736,41024.97,25388.294115,0
1756345500000,2025-08-28 01:45:00,0.6193,0.6213,0.6183,0.6196,24075.56,1756346399999,14921.564057,399,6432.74,3988.054082,0
1756346400000,2025-08-28 02:00:00,0.6195,0.6199,0.6174,0.618,18916.81,1756347299999,11712.176858,423,13549.55,8390.142723,0
1756347300000,2025-08-28 02:15:00,0.6179,0.6225,0.6173,0.6219,10805.15,1756348199999,6697.471411,390,4372.52,2710.807318,0
1756348200000,2025-08-28 02:30:00,0.6219,0.623,0.6183,0.6183,17226.32,1756349099999,10688.550678,414,5517.14,3420.051131,0
1756349100000,2025-08-28 02:45:00,0.6182,0.6187,0.6162,0.6172,17366.44,1756349999999,10723.364939,384,6902.33,4262.212964,0
1756350000000,2025-08-28 03:00:00,0.6173,0.6223,0.6166,0.6211,96945.3,1756350899999,59996.611359,671,65045.89,40253.101992,0
1756350900000,2025-08-28 03:15:00,0.621,0.6241,0.6201,0.624,750285.11,1756351799999,467256.600819,2642,428677.07,266927.824719,0
1756351800000,2025-08-28 03:30:00,0.6239,0.6263,0.6176,0.6181,1363946.6,1756352699999,846429.249362,2832,580246.12,359877.034593,0
1756352700000,2025-08-28 03:45:00,0.6181,0.6223,0.6167,0.6207,143159.19,1756353599999,88735.32895,772,97518.95,60491.740638,0
1756353600000,2025-08-28 04:00:00,0.6208,0.6218,0.6194,0.6207,39505.44,1756354499999,24509.337322,481,16124.87,10005.182878,0
1756354500000,2025-08-28 04:15:00,0.6206,0.6214,0.6195,0.6203,26488.43,1756355399999,16438.817825,386,15289.05,9491.840774,0
1756355400000,2025-08-28 04:30:00,0.6202,0.6214,0.6187,0.6206,42683.48,1756356299999,26461.689693,576,18994.23,11778.864267,0
1756356300000,2025-08-28 04:45:00,0.6207,0.6238,0.6198,0.6231,59893.92,1756357199999,37276.129612,741,26399.83,16435.873558,0
1756357200000,2025-08-28 05:00:00,0.6232,0.6257,0.6228,0.6249,267953.06,1756358099999,167437.783014,949,99710.07,62307.697836,0
1756358100000,2025-08-28 05:15:00,0.625,0.6299,0.6246,0.6264,558930.24,1756358999999,351040.865474,1281,413314.17,259739.17306,0
1756359000000,2025-08-28 05:30:00,0.6263,0.627,0.6242,0.6242,53987.33,1756359899999,33788.140687,508,19829.41,12411.222975,0
1756359900000,2025-08-28 05:45:00,0.6243,0.6264,0.6233,0.6258,25757.31,1756360799999,16097.875888,407,14946.94,9341.54894,0
1756360800000,2025-08-28 06:00:00,0.6257,0.6269,0.6242,0.6248,45868.57,1756361699999,28707.081114,426,13605.63,8513.52212,0
1756361700000,2025-08-28 06:15:00,0.6247,0.6274,0.6247,0.6265,56500.68,1756362599999,35362.287161,631,30934.46,19356.927873,0
1756362600000,2025-08-28 06:30:00,0.6266,0.6288,0.6256,0.6283,39827.84,1756363499999,24995.086169,512,20318.91,12756.178726,0
1756363500000,2025-08-28 06:45:00,0.6282,0.6291,0.6274,0.6285,34145.74,1756364399999,21452.489328,466,9931.4,6239.810254,0
1756364400000,2025-08-28 07:00:00,0.6286,0.6289,0.6264,0.6272,65920.93,1756365299999,41377.656641,535,24779.47,15554.206225,0
1756365300000,2025-08-28 07:15:00,0.6271,0.6277,0.6249,0.6262,85609.14,1756366199999,53599.024346,715,42340.42,26504.798768,0
1756366200000,2025-08-28 07:30:00,0.6262,0.6267,0.6243,0.6259,54820.73,1756367099999,34281.656998,435,43632.05,27286.606296,0
1756367100000,2025-08-28 07:45:00,0.6262,0.629,0.6262,0.6282,20359.68,1756367999999,12782.888478,334,11823.38,7422.564067,0
1756368000000,2025-08-28 08:00:00,0.6282,0.6326,0.6282,0.6305,77724.12,1756368899999,49031.405529,1040,45441.48,28663.31346,0
1756368900000,2025-08-28 08:15:00,0.6304,0.6316,0.6276,0.628,65517.7,1756369799999,41248.217991,601,23957.03,15077.033733,0
1756369800000,2025-08-28 08:30:00,0.6281,0.6303,0.6278,0.6286,18930.71,1756370699999,11912.888918,284,13778.44,8670.678527,0
1756370700000,2025-08-28 08:45:00,0.6287,0.629,0.6275,0.6288,14741.74,1756371599999,9261.2421,239,8549.64,5372.751606,0
1756371600000,2025-08-28 09:00:00,0.6288,0.6288,0.6256,0.6259,27335.7,1756372499999,17134.04009,349,12820.07,8037.26479,0
1756372500000,2025-08-28 09:15:00,0.626,0.6265,0.6251,0.6265,34070.48,1756373399999,21315.979065,225,7963.06,4983.00053,0
1756373400000,2025-08-28 09:30:00,0.6264,0.6264,0.6241,0.6246,27762.4,1756374299999,17360.052652,273,7991.02,5000.070521,0
1756374300000,2025-08-28 09:45:00,0.6246,0.6254,0.6234,0.6253,66187.79,1756375199999,41368.144804,318,24866.48,15536.081261,0
1756375200000,2025-08-28 10:00:00,0.6254,0.6268,0.6244,0.6268,22750.63,1756376099999,14238.203485,276,13489.99,8444.41101,0
1756376100000,2025-08-28 10:15:00,0.6267,0.627,0.6242,0.6268,21268.96,1756376999999,13309.078206,284,7757.25,4857.853183,0
1756377000000,2025-08-28 10:30:00,0.6269,0.6283,0.6262,0.6275,15736.32,1756377899999,9875.358109,241,8139.99,5107.544746,0
1756377900000,2025-08-28 10:45:00,0.6274,0.6288,0.6267,0.6288,5125.98,1756378799999,3217.823515,113,2417.79,1517.650011,0
1756378800000,2025-08-28 11:00:00,0.6288,0.6288,0.6269,0.6284,27512.67,1756379699999,17281.4259,265,13479.3,8465.768411,0
1756379700000,2025-08-28 11:15:00,0.6284,0.6297,0.6282,0.6295,20284.17,1756380599999,12752.740185,265,5966.21,3751.906691,0
1756380600000,2025-08-28 11:30:00,0.6293,0.6304,0.6279,0.6279,24154.31,1756381499999,15208.756791,272,12305.99,7748.506179,0
1756381500000,2025-08-28 11:45:00,0.6278,0.6302,0.6274,0.63,18794.66,1756382399999,11810.553463,247,9719.57,6110.379545,0
1756382400000,2025-08-28 12:00:00,0.6301,0.6326,0.6291,0.6319,65755.05,1756383299999,41565.814941,348,14766.77,9329.243761,0
1756383300000,2025-08-28 12:15:00,0.6319,0.6319,0.6293,0.6306,25738.71,1756384199999,16238.562781,277,11861.35,7480.63014,0
1756384200000,2025-08-28 12:30:00,0.6306,0.634,0.6291,0.6339,91230.55,1756385099999,57626.192497,1090,60243.25,38058.878112,0
1756385100000,2025-08-28 12:45:00,0.6338,0.6338,0.6309,0.6324,32524.2,1756385999999,20560.762397,567,21949.83,13875.187226,0
1756386000000,2025-08-28 13:00:00,0.6324,0.6359,0.6309,0.6359,71226.14,1756386899999,45145.141767,746,40906.48,25931.179124,0
1756386900000,2025-08-28 13:15:00,0.6357,0.6373,0.6348,0.6366,42502.55,1756387799999,27050.278173,503,17457.64,11103.748604,0
1756387800000,2025-08-28 13:30:00,0.6365,0.6387,0.6349,0.6374,157084.11,1756388699999,100033.763734,1531,82119.7,52315.912256,0
1756388700000,2025-08-28 13:45:00,0.6375,0.6385,0.6342,0.6385,154809.82,1756389599999,98396.554734,1659,65271.71,41497.771388,0
1756389600000,2025-08-28 14:00:00,0.6386,0.6428,0.6366,0.6394,188715.42,1756390499999,120632.513705,1689,124668.7,79700.687768,0
1756390500000,2025-08-28 14:15:00,0.6394,0.6422,0.6353,0.6375,100629.25,1756391399999,64324.302109,1220,50762.33,32471.155896,0
1756391400000,2025-08-28 14:30:00,0.6376,0.6417,0.6356,0.6402,72436.42,1756392299999,46240.684614,956,31967.67,20409.62897,0
1756392300000,2025-08-28 14:45:00,0.6401,0.6445,0.6397,0.6421,114954.68,1756393199999,73812.835859,792,50376.74,32343.434552,0
1756393200000,2025-08-28 15:00:00,0.6422,0.6449,0.6395,0.6397,131444.28,1756394099999,84319.41061,709,51563.2,33066.603433,0
1756394100000,2025-08-28 15:15:00,0.6397,0.6418,0.6368,0.6371,79189.83,1756394999999,50556.247592,937,30295.68,19342.983717,0
1756395000000,2025-08-28 15:30:00,0.6372,0.6393,0.6338,0.6355,168730.2,1756395899999,107301.159105,958,35458.79,22585.788507,0
1756395900000,2025-08-28 15:45:00,0.6354,0.6354,0.6303,0.6316,122824.75,1756396799999,77601.789662,1257,38201.74,24138.302817,0
1756396800000,2025-08-28 16:00:00,0.6317,0.6351,0.6309,0.6351,49423.67,1756397699999,31314.088634,722,28787.6,18241.478669,0
1756397700000,2025-08-28 16:15:00,0.6352,0.6375,0.6345,0.6355,57576.11,1756398599999,36605.647371,574,26025.9,16543.380336,0
1756398600000,2025-08-28 16:30:00,0.6354,0.6354,0.6325,0.6329,20408.17,1756399499999,12928.3722,398,10760.26,6813.922004,0
1756399500000,2025-08-28 16:45:00,0.6328,0.6328,0.6215,0.6216,89940.25,1756400399999,56267.587649,862,34009.39,21277.680309,0
1756400400000,2025-08-28 17:00:00,0.6215,0.6257,0.6201,0.625,93067.33,1756401299999,57965.083322,1063,42869.05,26696.240524,0
1756401300000,2025-08-28 17:15:00,0.6251,0.6289,0.624,0.6282,51339.25,1756402199999,32144.579468,683,25524.81,15984.202526,0
1756402200000,2025-08-28 17:30:00,0.6281,0.6287,0.6258,0.6277,43184.25,1756403099999,27089.171487,584,18951.16,11886.096593,0
1756403100000,2025-08-28 17:45:00,0.6278,0.6284,0.6263,0.6274,24191.62,1756403999999,15179.367397,376,10870.71,6821.996783,0
1756404000000,2025-08-28 18:00:00,0.6273,0.6278,0.6254,0.6258,24516.53,1756404899999,15355.737497,355,7817.27,4894.551199,0
1756404900000,2025-08-28 18:15:00,0.6257,0.6287,0.6245,0.6283,24352.13,1756405799999,15271.912005,421,12346.78,7744.010541,0
1756405800000,2025-08-28 18:30:00,0.6282,0.631,0.6279,0.629,21095.48,1756406699999,13278.748244,406,10239.74,6445.826427,0
1756406700000,2025-08-28 18:45:00,0.6289,0.63,0.6274,0.6291,67557.58,1756407599999,42434.733104,510,12029.56,7562.34529,0
1756407600000,2025-08-28 19:00:00,0.6292,0.6315,0.6281,0.6292,17212.61,1756408499999,10830.327781,414,8247.56,5190.580087,0
1756408500000,2025-08-28 19:15:00,0.6292,0.6292,0.6271,0.6283,43280.2,1756409399999,27175.53227,533,15360.65,9645.893311,0
1756409400000,2025-08-28 19:30:00,0.6283,0.6288,0.6233,0.6239,57681.6,1756410299999,36041.775772,464,18218.08,11387.840021,0
1756410300000,2025-08-28 19:45:00,0.624,0.6257,0.6209,0.621,62935.7,1756411199999,39218.682612,644,27339.94,17042.622437,0
1756411200000,2025-08-28 20:00:00,0.6211,0.6231,0.6203,0.6225,25444.34,1756412099999,15818.332732,450,13247.44,8237.325866,0
1756412100000,2025-08-28 20:15:00,0.6226,0.6266,0.6224,0.6258,29315.87,1756412999999,18318.557226,357,12417.58,7760.022922,0
1756413000000,2025-08-28 20:30:00,0.6259,0.6275,0.6242,0.6274,28066.07,1756413899999,17559.465113,352,15452.0,9665.037863,0
1756413900000,2025-08-28 20:45:00,0.6275,0.6285,0.6258,0.6269,28514.71,1756414799999,17872.642364,397,15756.64,9874.788896,0
1756414800000,2025-08-28 21:00:00,0.627,0.6279,0.6264,0.6277,29041.79,1756415699999,18208.356117,372,17762.55,11137.467186,0
1756415700000,2025-08-28 21:15:00,0.6278,0.6322,0.6272,0.6303,51530.79,1756416599999,32464.664285,430,34246.94,21587.67071,0
1756416600000,2025-08-28 21:30:00,0.6301,0.6334,0.63,0.6332,18271.49,1756417499999,11546.414191,225,13146.79,8310.435561,0
1756417500000,2025-08-28 21:45:00,0.6332,0.6354,0.6332,0.6354,17599.64,1756418399999,11161.811631,195,13602.57,8627.221801,0
1756418400000,2025-08-28 22:00:00,0.6354,0.6384,0.6351,0.6383,13707.66,1756419299999,8735.589763,211,10018.33,6384.86416,0
1756419300000,2025-08-28 22:15:00,0.6385,0.6432,0.6384,0.6421,74949.93,1756420199999,48107.106508,627,54543.46,35025.248557,0
1756420200000,2025-08-28 22:30:00,0.6422,0.6435,0.6417,0.6425,35314.97,1756421099999,22698.536062,405,11816.82,7595.481365,0
1756421100000,2025-08-28 22:45:00,0.6426,0.6457,0.6422,0.6452,36160.48,1756421999999,23293.404126,394,23620.18,15220.292897,0
1756422000000,2025-08-28 23:00:00,0.6452,0.6454,0.6427,0.6438,27500.95,1756422899999,17715.36979,473,13653.26,8795.0916,0
1756422900000,2025-08-28 23:15:00,0.6438,0.6452,0.6429,0.645,45420.15,1756423799999,29257.495296,538,27047.3,17427.963487,0
1756423800000,2025-08-28 23:30:00,0.6449,0.6468,0.6432,0.645,221339.49,1756424699999,142879.653299,944,167980.47,108450.690569,0
1756424700000,2025-08-28 23:45:00,0.6448,0.6473,0.6447,0.6469,27005.9,1756425599999,17456.044771,401,10921.96,7060.184834,0
1756425600000,2025-08-29 00:00:00,0.6469,0.6479,0.643,0.6459,75415.43,1756426499999,48633.411193,801,33407.47,21555.759481,0
1756426500000,2025-08-29 00:15:00,0.6459,0.6491,0.6451,0.6483,62516.26,1756427399999,40395.722901,761,33244.92,21488.581429,0
1756427400000,2025-08-29 00:30:00,0.6482,0.6482,0.6434,0.6436,54136.92,1756428299999,34924.326229,771,26376.15,17024.896612,0
1756428300000,2025-08-29 00:45:00,0.6435,0.6436,0.6409,0.6423,48025.16,1756429199999,30844.82499,552,22824.57,14659.769417,0
1756429200000,2025-08-29 01:00:00,0.6424,0.6429,0.6368,0.6375,62456.22,1756430099999,39923.334502,692,18515.55,11845.12728,0
1756430100000,2025-08-29 01:15:00,0.6374,0.6376,0.6333,0.6338,74710.35,1756430999999,47424.94952,771,29594.13,18780.797735,0
1756431000000,2025-08-29 01:30:00,0.6339,0.6367,0.6337,0.6351,72781.18,1756431899999,46195.169771,551,23083.33,14655.586549,0
1756431900000,2025-08-29 01:45:00,0.6351,0.6352,0.6327,0.6343,32119.56,1756432799999,20350.953475,442,11362.89,7201.621783,0
1756432800000,2025-08-29 02:00:00,0.6342,0.639,0.6329,0.6377,57927.78,1756433699999,36822.406478,657,36071.08,22958.0096,0
1756433700000,2025-08-29 02:15:00,0.6376,0.6408,0.6361,0.6379,39488.64,1756434599999,25219.439319,561,18255.71,11666.562056,0
1756434600000,2025-08-29 02:30:00,0.6379,0.6379,0.6347,0.6354,25694.42,1756435499999,16339.486515,432,17467.48,11105.149568,0
1756435500000,2025-08-29 02:45:00,0.6355,0.6366,0.635,0.6361,11160.98,1756436399999,7096.528313,290,4895.49,3113.246783,0
1756436400000,2025-08-29 03:00:00,0.636,0.6374,0.6334,0.6347,33582.15,1756437299999,21345.40064,524,11176.33,7102.996974,0
1756437300000,2025-08-29 03:15:00,0.6348,0.6366,0.6338,0.6356,30586.36,1756438199999,19445.406066,414,20348.11,12939.966349,0
1756438200000,2025-08-29 03:30:00,0.6356,0.6383,0.6345,0.6372,26884.4,1756439099999,17119.752151,457,16294.41,10373.613132,0
1756439100000,2025-08-29 03:45:00,0.6371,0.641,0.6364,0.6391,47444.82,1756439999999,30317.005526,461,14072.32,8981.914502,0
1756440000000,2025-08-29 04:00:00,0.6392,0.6403,0.6369,0.6379,26743.72,1756440899999,17067.225085,419,8045.52,5138.35942,0
1756440900000,2025-08-29 04:15:00,0.638,0.6423,0.6372,0.6415,23741.13,1756441799999,15198.644285,447,13436.22,8596.841653,0
1756441800000,2025-08-29 04:30:00,0.6414,0.6414,0.6381,0.6383,51921.22,1756442699999,33182.647011,546,18495.43,11819.818661,0
1756442700000,2025-08-29 04:45:00,0.6382,0.6382,0.6336,0.6343,27282.96,1756443599999,17332.786444,370,12554.25,7976.777755,0
1756443600000,2025-08-29 05:00:00,0.6344,0.6353,0.6329,0.6345,24535.87,1756444499999,15563.842418,440,15291.69,9702.562369,0
1756444500000,2025-08-29 05:15:00,0.6344,0.6344,0.6324,0.6334,44116.97,1756445399999,27944.807789,400,18630.13,11804.123075,0
1756445400000,2025-08-29 05:30:00,0.6334,0.635,0.6329,0.6346,35180.93,1756446299999,22303.966453,347,15360.17,9740.719707,0
1756446300000,2025-08-29 05:45:00,0.6345,0.6373,0.633,0.6341,20635.29,1756447199999,13108.400264,382,13492.66,8574.346243,0
1756447200000,2025-08-29 06:00:00,0.6342,0.6354,0.6307,0.6307,40698.45,1756448099999,25762.209031,499,14250.61,9022.097487,0
1756448100000,2025-08-29 06:15:00,0.6306,0.6306,0.6282,0.6282,29676.01,1756448999999,18671.642874,303,13012.67,8184.360852,0
1756449000000,2025-08-29 06:30:00,0.6282,0.629,0.6252,0.6285,108312.97,1756449899999,67935.136121,723,29015.61,18205.542382,0
1756449900000,2025-08-29 06:45:00,0.6286,0.6292,0.6276,0.628,42613.33,1756450799999,26778.46546,331,21800.63,13701.472075,0
1756450800000,2025-08-29 07:00:00,0.628,0.628,0.6153,0.6159,150260.91,1756451699999,93415.855736,1586,54616.57,33943.344173,0
1756451700000,2025-08-29 07:15:00,0.6158,0.6179,0.6129,0.6142,170232.61,1756452599999,104769.906511,1208,72953.91,44901.019091,0
1756452600000,2025-08-29 07:30:00,0.6143,0.6177,0.6136,0.6138,100301.84,1756453499999,61732.378321,1052,48911.6,30109.330994,0
1756453500000,2025-08-29 07:45:00,0.6137,0.6167,0.6134,0.6146,87553.67,1756454399999,53874.661547,692,50387.99,31004.031362,0
1756454400000,2025-08-29 08:00:00,0.6145,0.6172,0.6098,0.611,138156.36,1756455299999,84684.390448,1170,57561.28,35289.292147,0
1756455300000,2025-08-29 08:15:00,0.6111,0.6113,0.608,0.6092,184658.92,1756456199999,112551.088872,1495,103872.61,63321.27803,0
1756456200000,2025-08-29 08:30:00,0.6091,0.6113,0.6084,0.6086,71553.45,1756457099999,43606.482335,815,37364.24,22772.150683,0
1756457100000,2025-08-29 08:45:00,0.6086,0.6092,0.6036,0.6046,149049.6,1756457999999,90378.088985,1261,62441.72,37894.02802,0
1756458000000,2025-08-29 09:00:00,0.6045,0.6054,0.6002,0.604,154644.3,1756458899999,93187.550992,1538,72688.75,43803.260593,0
1756458900000,2025-08-29 09:15:00,0.604,0.6086,0.6036,0.6086,48901.93,1756459799999,29673.164312,721,29298.12,17776.318592,0
1756459800000,2025-08-29 09:30:00,0.6087,0.6091,0.6014,0.6057,942028.37,1756460699999,570218.968197,1620,197721.43,119844.703577,0
1756460700000,2025-08-29 09:45:00,0.6057,0.609,0.6057,0.6072,348974.67,1756461599999,211936.214244,1203,260367.19,158114.558156,0
1756461600000,2025-08-29 10:00:00,0.6071,0.6113,0.6065,0.6099,164529.78,1756462499999,100253.89785,730,104962.13,63945.910508,0
1756462500000,2025-08-29 10:15:00,0.61,0.612,0.609,0.6116,102903.73,1756463399999,62798.441051,636,60735.35,37084.248219,0
1756463400000,2025-08-29 10:30:00,0.6116,0.6116,0.6103,0.6104,65761.34,1756464299999,40153.90558,472,36057.97,22018.567897,0
1756464300000,2025-08-29 10:45:00,0.6105,0.6122,0.6094,0.6114,61675.07,1756465199999,37681.77969,507,36574.09,22350.417318,0
1756465200000,2025-08-29 11:00:00,0.6113,0.6134,0.6088,0.6131,48872.45,1756466099999,29856.573322,549,20386.31,12468.598598,0
1756466100000,2025-08-29 11:15:00,0.613,0.6132,0.6092,0.6097,69048.41,1756466999999,42194.544442,599,34131.27,20859.682083,0
1756467000000,2025-08-29 11:30:00,0.6096,0.6102,0.6077,0.6077,52385.73,1756467899999,31895.771761,405,12293.41,7487.272502,0
1756467900000,2025-08-29 11:45:00,0.6077,0.6089,0.6069,0.6074,18154.97,1756468799999,11032.557028,224,6767.01,4110.594032,0
1756468800000,2025-08-29 12:00:00,0.6073,0.6102,0.6068,0.6102,34704.98,1756469699999,21118.172802,372,26864.09,16351.401222,0
1756469700000,2025-08-29 12:15:00,0.61,0.61,0.6073,0.6097,41370.94,1756470599999,25182.937284,492,24026.35,14627.685888,0
1756470600000,2025-08-29 12:30:00,0.6097,0.627,0.6097,0.6141,726878.1,1756471499999,449287.429026,6158,339781.32,209938.404103,0
1756471500000,2025-08-29 12:45:00,0.614,0.6175,0.6128,0.6144,80306.21,1756472399999,49435.601499,968,36588.53,22526.205571,0
1756472400000,2025-08-29 13:00:00,0.6143,0.6151,0.6112,0.6128,119967.25,1756473299999,73512.165551,716,58593.49,35920.800121,0
1756473300000,2025-08-29 13:15:00,0.6127,0.6134,0.6094,0.6121,76650.16,1756474199999,46856.367624,588,17716.41,10831.134367,0
1756474200000,2025-08-29 13:30:00,0.6121,0.6127,0.6039,0.6082,283452.33,1756475099999,172579.914543,2468,140800.66,85762.433498,0
1756475100000,2025-08-29 13:45:00,0.6083,0.61,0.6016,0.6066,311297.9,1756475999999,188507.398125,2838,159245.65,96394.533881,0
1756476000000,2025-08-29 14:00:00,0.6067,0.6116,0.5984,0.606,597902.98,1756476899999,360444.491184,4323,259808.65,156808.062835,0
1756476900000,2025-08-29 14:15:00,0.6058,0.6107,0.6032,0.6084,143594.39,1756477799999,87175.784892,1325,68226.31,41435.01562,0
1756477800000,2025-08-29 14:30:00,0.6083,0.6112,0.6065,0.6087,87443.22,1756478699999,53279.616457,851,54629.29,33301.871342,0
1756478700000,2025-08-29 14:45:00,0.6086,0.6124,0.6067,0.6077,93625.68,1756479599999,57108.09052,840,51531.74,31426.918727,0
1756479600000,2025-08-29 15:00:00,0.6077,0.6115,0.6066,0.6105,29630.87,1756480499999,18050.050119,614,16903.46,10294.848344,0
1756480500000,2025-08-29 15:15:00,0.6106,0.6134,0.6106,0.611,113364.17,1756481399999,69377.788156,872,49094.48,30044.697643,0
1756481400000,2025-08-29 15:30:00,0.6112,0.6117,0.6083,0.6115,60907.15,1756482299999,37128.478925,693,34079.56,20787.04464,0
1756482300000,2025-08-29 15:45:00,0.6115,0.6126,0.6063,0.6081,73874.03,1756483199999,45051.453278,936,35471.26,21617.526158,0
1756483200000,2025-08-29 16:00:00,0.6083,0.6102,0.6032,0.61,143093.63,1756484099999,86722.598807,1375,68171.11,41306.67569,0
1756484100000,2025-08-29 16:15:00,0.6101,0.6113,0.6076,0.6095,262635.29,1756484999999,159961.308021,969,62405.86,38028.620805,0
1756485000000,2025-08-29 16:30:00,0.6094,0.6103,0.6073,0.6074,34808.7,1756485899999,21186.78215,543,17187.42,10461.500515,0
1756485900000,2025-08-29 16:45:00,0.6073,0.6076,0.6046,0.6062,20117.28,1756486799999,12193.480547,405,7184.9,4354.410461,0
1756486800000,2025-08-29 17:00:00,0.6062,0.6064,0.6015,0.6015,77461.89,1756487699999,46756.381521,733,45070.4,27211.888808,0
1756487700000,2025-08-29 17:15:00,0.6016,0.6042,0.6001,0.6022,80640.3,1756488599999,48551.781619,743,49543.68,29850.325159,0
1756488600000,2025-08-29 17:30:00,0.6023,0.6052,0.5998,0.6026,334328.36,1756489499999,201055.322677,964,136636.41,82271.145071,0
1756489500000,2025-08-29 17:45:00,0.6026,0.6057,0.6025,0.604,732539.41,1756490399999,442570.80802,2419,424593.16,256556.576953,0
1756490400000,2025-08-29 18:00:00,0.6043,0.6051,0.602,0.6025,292697.8,1756491299999,176663.304982,1409,165263.08,99769.359609,0
1756491300000,2025-08-29 18:15:00,0.6026,0.6032,0.5992,0.5999,54595.5,1756492199999,32811.82223,790,25123.92,15103.529104,0
1756492200000,2025-08-29 18:30:00,0.5997,0.6006,0.5991,0.5997,23077.47,1756493099999,13839.432359,404,10055.33,6030.515823,0
1756493100000,2025-08-29 18:45:00,0.5996,0.601,0.5981,0.5994,41969.26,1756493999999,25137.89955,508,19609.43,11742.607043,0
1756494000000,2025-08-29 19:00:00,0.5995,0.6038,0.598,0.602,73509.51,1756494899999,44170.577201,915,43788.09,26304.236485,0
1756494900000,2025-08-29 19:15:00,0.6019,0.6068,0.6018,0.6057,59755.27,1756495799999,36130.52537,691,19619.88,11866.777644,0
1756495800000,2025-08-29 19:30:00,0.6058,0.6073,0.6036,0.6071,57625.96,1756496699999,34889.476102,643,24318.38,14728.66863,0
1756496700000,2025-08-29 19:45:00,0.6072,0.6091,0.6048,0.6056,49137.7,1756497599999,29809.420479,672,19384.23,11768.128458,0
1756497600000,2025-08-29 20:00:00,0.6055,0.6063,0.5998,0.6028,104029.21,1756498499999,62634.472855,931,32174.35,19403.178907,0
1756498500000,2025-08-29 20:15:00,0.6029,0.6049,0.6024,0.6033,42373.26,1756499399999,25584.879004,669,17310.44,10453.289655,0
1756499400000,2025-08-29 20:30:00,0.6032,0.6039,0.6011,0.6021,34664.77,1756500299999,20893.25442,603,15161.25,9138.428395,0
1756500300000,2025-08-29 20:45:00,0.6019,0.6033,0.6002,0.6009,48106.96,1756501199999,28950.639494,711,28926.46,17409.535448,0
1756501200000,2025-08-29 21:00:00,0.6012,0.6044,0.5986,0.6037,73394.18,1756502099999,44110.585564,871,45941.18,27608.574246,0
1756502100000,2025-08-29 21:15:00,0.604,0.6056,0.6028,0.6054,16109.97,1756502999999,9730.484287,288,8553.17,5168.781189,0
1756503000000,2025-08-29 21:30:00,0.6055,0.6108,0.6055,0.6105,56325.34,1756503899999,34301.818206,450,45143.57,27501.911911,0
1756503900000,2025-08-29 21:45:00,0.6107,0.6113,0.61,0.6107,11221.25,1756504799999,6852.183803,208,3512.0,2145.275109,0
1756504800000,2025-08-29 22:00:00,0.6109,0.6117,0.6081,0.6082,17527.44,1756505699999,10685.529119,329,5360.14,3266.707186,0
1756505700000,2025-08-29 22:15:00,0.6081,0.611,0.608,0.6109,17786.54,1756506599999,10846.117892,238,8952.36,5458.942205,0
1756506600000,2025-08-29 22:30:00,0.611,0.6122,0.6101,0.6107,18317.41,1756507499999,11198.637084,269,9598.07,5870.685976,0
1756507500000,2025-08-29 22:45:00,0.6108,0.6115,0.6104,0.6115,4199.02,1756508399999,2565.354485,157,1547.01,945.361113,0
1756508400000,2025-08-29 23:00:00,0.6116,0.6119,0.6101,0.611,19106.68,1756509299999,11679.257101,270,8655.86,5290.43736,0
1756509300000,2025-08-29 23:15:00,0.611,0.6118,0.6096,0.61,27342.92,1756510199999,16700.327696,227,16905.58,10324.819391,0
1756510200000,2025-08-29 23:30:00,0.6101,0.6117,0.61,0.6112,52691.9,1756511099999,32172.369265,295,34314.22,20954.762577,0
1756511100000,2025-08-29 23:45:00,0.6111,0.6111,0.6093,0.6094,29681.96,1756511999999,18107.753596,244,8866.21,5409.383498,0
1756512000000,2025-08-30 00:00:00,0.6093,0.6094,0.6078,0.6083,10831.07,1756512899999,6588.622463,239,4580.44,2785.54744,0
1756512900000,2025-08-30 00:15:00,0.6084,0.6096,0.6072,0.6072,13250.99,1756513799999,8064.893291,255,7427.58,4520.528313,0
1756513800000,2025-08-30 00:30:00,0.6072,0.6072,0.605,0.6054,38307.02,1756514699999,23212.944191,366,22480.91,13622.783736,0
1756514700000,2025-08-30 00:45:00,0.6055,0.6075,0.6055,0.607,12875.55,1756515599999,7813.363628,269,6837.85,4149.39049,0
1756515600000,2025-08-30 01:00:00,0.607,0.6082,0.6066,0.6072,8897.28,1756516499999,5404.849349,201,4928.38,2994.155679,0
1756516500000,2025-08-30 01:15:00,0.6071,0.6071,0.6047,0.6048,7342.59,1756517399999,4451.498914,216,3662.7,2221.252196,0
1756517400000,2025-08-30 01:30:00,0.6047,0.6058,0.6038,0.6038,5938.05,1756518299999,3589.991934,202,2639.01,1595.530733,0
1756518300000,2025-08-30 01:45:00,0.6037,0.6037,0.596,0.5969,229127.13,1756519199999,137325.74214,1392,135585.86,81303.051726,0
1756519200000,2025-08-30 02:00:00,0.5971,0.6036,0.5963,0.6036,49236.9,1756520099999,29516.012233,625,27872.19,16710.210106,0
1756520100000,2025-08-30 02:15:00,0.6037,0.6061,0.6033,0.6061,23926.97,1756520999999,14461.822139,348,11273.75,6814.646426,0
1756521000000,2025-08-30 02:30:00,0.606,0.6081,0.606,0.608,28459.92,1756521899999,17282.338965,288,15686.88,9529.381048,0
1756521900000,2025-08-30 02:45:00,0.6078,0.6085,0.6072,0.608,33090.18,1756522799999,20106.817666,199,28367.66,17236.795415,0
1756522800000,2025-08-30 03:00:00,0.608,0.6121,0.6079,0.6118,31329.75,1756523699999,19128.019899,260,26811.67,16367.44728,0
1756523700000,2025-08-30 03:15:00,0.6119,0.6175,0.6119,0.6159,74299.61,1756524599999,45708.400948,612,44020.41,27071.911072,0
1756524600000,2025-08-30 03:30:00,0.6158,0.6159,0.6137,0.6138,65322.58,1756525499999,40155.38477,363,48629.26,29895.54156,0
1756525500000,2025-08-30 03:45:00,0.6139,0.6163,0.6131,0.6151,34439.95,1756526399999,21143.987274,377,21392.56,13130.298741,0
1756526400000,2025-08-30 04:00:00,0.6151,0.6154,0.6144,0.6144,16286.62,1756527299999,10013.464045,254,4835.38,2973.050666,0
1756527300000,2025-08-30 04:15:00,0.6143,0.615,0.6134,0.615,13323.28,1756528199999,8182.045074,243,11214.1,6887.150319,0
1756528200000,2025-08-30 04:30:00,0.615,0.6152,0.6128,0.6138,12417.71,1756529099999,7622.126246,251,4227.16,2593.802689,0
1756529100000,2025-08-30 04:45:00,0.6137,0.615,0.6131,0.6137,11577.62,1756529999999,7105.368656,202,6987.25,4288.785167,0
1756530000000,2025-08-30 05:00:00,0.6138,0.6157,0.6133,0.6147,5904.94,1756530899999,3628.215563,220,2640.86,1623.176354,0
1756530900000,2025-08-30 05:15:00,0.6147,0.6151,0.6143,0.6148,16434.39,1756531799999,10101.006541,163,1360.13,836.042648,0
1756531800000,2025-08-30 05:30:00,0.6148,0.6175,0.6145,0.6173,34199.5,1756532699999,21063.274253,395,23469.91,14456.180578,0
1756532700000,2025-08-30 05:45:00,0.6174,0.6185,0.6151,0.6153,53990.76,1756533599999,33282.193795,415,17527.61,10808.986658,0
1756533600000,2025-08-30 06:00:00,0.6155,0.6168,0.615,0.615,19806.4,1756534499999,12200.336065,307,9761.42,6014.209911,0
1756534500000,2025-08-30 06:15:00,0.6153,0.6163,0.6149,0.6159,6406.51,1756535399999,3943.934904,198,3426.09,2109.620094,0
1756535400000,2025-08-30 06:30:00,0.6159,0.6188,0.6153,0.6184,44210.24,1756536299999,27265.526935,420,20866.25,12881.356626,0
1756536300000,2025-08-30 06:45:00,0.6184,0.6184,0.6163,0.6168,13200.59,1756537199999,8151.687621,280,4214.2,2602.56493,0
1756537200000,2025-08-30 07:00:00,0.6168,0.6193,0.6164,0.6191,13344.29,1756538099999,8243.209077,210,7173.68,4431.93123,0
1756538100000,2025-08-30 07:15:00,0.6193,0.621,0.6192,0.6203,31275.82,1756538999999,19398.19121,262,20014.21,12415.814888,0
1756539000000,2025-08-30 07:30:00,0.6204,0.6218,0.6192,0.6215,53480.13,1756539899999,33209.59127,340,37758.62,23456.107476,0
1756539900000,2025-08-30 07:45:00,0.6215,0.6221,0.6208,0.6212,34534.69,1756540799999,21466.243132,232,23817.35,14804.631728,0
1756540800000,2025-08-30 08:00:00,0.6212,0.6216,0.6187,0.6193,74722.55,1756541699999,46386.082197,429,45871.69,28489.804693,0
1756541700000,2025-08-30 08:15:00,0.6192,0.6198,0.6183,0.6188,12056.93,1756542599999,7464.778969,178,8191.73,5072.948491,0
1756542600000,2025-08-30 08:30:00,0.6186,0.6187,0.6166,0.6177,24575.72,1756543499999,15173.726938,340,11553.61,7134.131642,0
1756543500000,2025-08-30 08:45:00,0.6176,0.6176,0.6156,0.6158,24844.23,1756544399999,15318.103096,309,10415.46,6422.313111,0
1756544400000,2025-08-30 09:00:00,0.6159,0.616,0.6141,0.6142,41723.73,1756545299999,25658.408949,307,29660.02,18238.983477,0
1756545300000,2025-08-30 09:15:00,0.6143,0.6154,0.6137,0.6139,27306.58,1756546199999,16780.803425,309,11936.63,7338.414141,0
1756546200000,2025-08-30 09:30:00,0.6139,0.6141,0.6123,0.6127,27768.77,1756547099999,17027.990355,302,9924.7,6084.471707,0
1756547100000,2025-08-30 09:45:00,0.6126,0.6145,0.6124,0.6127,16034.76,1756547999999,9838.229364,283,7423.03,4554.798793,0
1756548000000,2025-08-30 10:00:00,0.6128,0.6145,0.6124,0.614,18748.15,1756548899999,11506.746249,287,14568.21,8942.186287,0
1756548900000,2025-08-30 10:15:00,0.6141,0.6162,0.6136,0.6139,25893.45,1756549799999,15924.156165,337,8336.54,5125.650056,0
1756549800000,2025-08-30 10:30:00,0.6138,0.615,0.6133,0.615,140035.62,1756550699999,85984.578279,417,119705.04,73504.044132,0
1756550700000,2025-08-30 10:45:00,0.6151,0.6182,0.6151,0.6182,22109.11,1756551599999,13628.161663,273,15183.02,9357.909137,0
1756551600000,2025-08-30 11:00:00,0.6183,0.621,0.6181,0.6204,139305.44,1756552499999,86347.959315,502,117165.05,72625.723389,0
1756552500000,2025-08-30 11:15:00,0.6204,0.6215,0.6186,0.6213,129341.76,1756553399999,80296.943028,494,66727.94,41426.2059,0
1756553400000,2025-08-30 11:30:00,0.6212,0.6224,0.618,0.6186,435459.58,1756554299999,270117.284349,1409,190636.23,118333.544279,0
1756554300000,2025-08-30 11:45:00,0.6187,0.6221,0.6187,0.6216,21119.51,1756555199999,13112.924087,282,12634.93,7843.672996,0
1756555200000,2025-08-30 12:00:00,0.6217,0.6223,0.6205,0.6206,36806.65,1756556099999,22870.643054,362,6746.72,4192.300748,0
1756556100000,2025-08-30 12:15:00,0.6206,0.6208,0.6178,0.6195,48785.33,1756556999999,30222.795641,395,14547.34,9015.900943,0
1756557000000,2025-08-30 12:30:00,0.6196,0.6196,0.617,0.6175,203762.89,1756557899999,125934.489706,790,94011.21,58105.607482,0
1756557900000,2025-08-30 12:45:00,0.6174,0.6208,0.617,0.6197,99251.21,1756558799999,61422.854456,616,37588.98,23272.101761,0
1756558800000,2025-08-30 13:00:00,0.6198,0.6198,0.6135,0.6165,290613.28,1756559699999,179172.582571,1249,129754.71,79960.320858,0
1756559700000,2025-08-30 13:15:00,0.6165,0.621,0.614,0.6189,299412.97,1756560599999,184887.308053,1257,122295.71,75570.101228,0
1756560600000,2025-08-30 13:30:00,0.619,0.6204,0.6181,0.6185,69977.63,1756561499999,43326.795334,569,19142.73,11860.95665,0
1756561500000,2025-08-30 13:45:00,0.6184,0.6212,0.6174,0.6211,41054.32,1756562399999,25426.311149,387,26925.91,16681.619711,0
1756562400000,2025-08-30 14:00:00,0.621,0.6216,0.6175,0.6189,67482.08,1756563299999,41797.27068,508,28276.13,17520.745968,0
1756563300000,2025-08-30 14:15:00,0.6188,0.6201,0.6182,0.6182,54528.1,1756564199999,33753.812249,342,36937.09,22866.337733,0
1756564200000,2025-08-30 14:30:00,0.6181,0.6195,0.6172,0.618,63719.66,1756565099999,39386.498794,368,41814.35,25849.251943,0
1756565100000,2025-08-30 14:45:00,0.618,0.6202,0.618,0.6192,42718.33,1756565999999,26452.318625,450,23886.45,14793.12858,0
1756566000000,2025-08-30 15:00:00,0.6191,0.6209,0.6175,0.6194,377169.31,1756566899999,233730.335673,905,133495.76,82682.628901,0
1756566900000,2025-08-30 15:15:00,0.6186,0.6202,0.6176,0.619,200507.99,1756567799999,124040.322394,742,123295.12,76285.549262,0
1756567800000,2025-08-30 15:30:00,0.6189,0.619,0.6155,0.6179,633493.34,1756568699999,390646.438102,1304,183769.06,113383.87535,0
1756568700000,2025-08-30 15:45:00,0.6178,0.618,0.6119,0.6132,1256753.28,1756569599999,772602.532488,2725,765544.8,470638.362757,0
1756569600000,2025-08-30 16:00:00,0.6132,0.6153,0.6116,0.6118,123823.8,1756570499999,75942.898719,760,52102.05,31962.753438,0
1756570500000,2025-08-30 16:15:00,0.6119,0.6119,0.6086,0.6087,134861.11,1756571399999,82337.17034,575,69640.01,42532.195739,0
1756571400000,2025-08-30 16:30:00,0.6086,0.6097,0.6078,0.609,40918.13,1756572299999,24908.597774,396,19378.27,11794.554294,0
1756572300000,2025-08-30 16:45:00,0.6089,0.6102,0.6077,0.6079,31687.94,1756573199999,19299.626841,302,12240.6,7454.599866,0
1756573200000,2025-08-30 17:00:00,0.6079,0.6094,0.6072,0.6092,35371.28,1756574099999,21521.433571,425,19966.14,12147.345208,0
1756574100000,2025-08-30 17:15:00,0.6092,0.6098,0.6081,0.6081,80392.78,1756574999999,48948.976864,369,21817.35,13287.969119,0
1756575000000,2025-08-30 17:30:00,0.6082,0.6088,0.606,0.6062,47930.02,1756575899999,29091.353008,390,25296.7,15358.048062,0
1756575900000,2025-08-30 17:45:00,0.6062,0.6074,0.6055,0.607,33034.15,1756576799999,20030.301185,323,19142.6,11608.843376,0
1756576800000,2025-08-30 18:00:00,0.607,0.6087,0.6063,0.6066,34192.58,1756577699999,20777.68315,312,13523.51,8216.495064,0
1756577700000,2025-08-30 18:15:00,0.6065,0.6066,0.6049,0.6062,23266.72,1756578599999,14090.437855,258,11321.46,6857.636207,0
1756578600000,2025-08-30 18:30:00,0.6062,0.6075,0.6059,0.6064,48223.86,1756579499999,29247.005011,378,22112.57,13411.089046,0
1756579500000,2025-08-30 18:45:00,0.6064,0.6084,0.6064,0.6065,47801.06,1756580399999,29060.668954,301,39289.2,23889.756057,0
1756580400000,2025-08-30 19:00:00,0.6064,0.6067,0.6041,0.6056,59513.76,1756581299999,36052.237612,394,30819.52,18666.388179,0
1756581300000,2025-08-30 19:15:00,0.6055,0.6071,0.6049,0.6069,71296.95,1756582199999,43226.874983,580,39620.78,24023.716996,0
1756582200000,2025-08-30 19:30:00,0.607,0.6089,0.6061,0.6085,71478.01,1756583099999,43421.837474,531,47348.24,28771.40032,0
1756583100000,2025-08-30 19:45:00,0.6086,0.6088,0.6075,0.6088,60937.66,1756583999999,37070.036805,466,24268.72,14765.584773,0
1756584000000,2025-08-30 20:00:00,0.6087,0.609,0.6073,0.6079,46054.97,1756584899999,28007.87819,305,28612.79,17401.081117,0
1756584900000,2025-08-30 20:15:00,0.6078,0.6083,0.6067,0.608,51371.07,1756585799999,31213.568748,286,33883.54,20588.190745,0
1756585800000,2025-08-30 20:30:00,0.6079,0.6079,0.6057,0.6068,58411.66,1756586699999,35427.662841,518,17588.86,10667.989957,0
1756586700000,2025-08-30 20:45:00,0.6067,0.6076,0.6066,0.6076,6413.48,1756587599999,3894.208407,135,5325.26,3233.732204,0
1756587600000,2025-08-30 21:00:00,0.6075,0.6087,0.607,0.6086,73001.29,1756588499999,44395.056473,253,63043.22,38344.186937,0
1756588500000,2025-08-30 21:15:00,0.6085,0.6085,0.606,0.6064,10748.47,1756589399999,6524.996257,191,3736.64,2266.913715,0
1756589400000,2025-08-30 21:30:00,0.6062,0.6081,0.6061,0.6077,10773.18,1756590299999,6543.078173,163,10002.47,6075.40784,0
1756590300000,2025-08-30 21:45:00,0.6075,0.6089,0.6073,0.6082,9399.97,1756591199999,5716.77123,165,6165.48,3749.014982,0
1756591200000,2025-08-30 22:00:00,0.6081,0.6083,0.6059,0.6059,28587.53,1756592099999,17342.747266,327,6966.8,4228.052733,0
1756592100000,2025-08-30 22:15:00,0.606,0.6087,0.606,0.6085,25349.78,1756592999999,15410.950509,241,14873.95,9041.022628,0
1756593000000,2025-08-30 22:30:00,0.6084,0.6103,0.608,0.6103,27532.49,1756593899999,16773.342995,264,15958.39,9726.940692,0
1756593900000,2025-08-30 22:45:00,0.6103,0.6105,0.6095,0.61,24361.48,1756594799999,14868.835374,172,9244.32,5642.108538,0
1756594800000,2025-08-30 23:00:00,0.6099,0.612,0.6099,0.6115,52661.95,1756595699999,32188.710436,313,40736.34,24897.440749,0
1756595700000,2025-08-30 23:15:00,0.6114,0.612,0.6106,0.6112,27620.46,1756596599999,16886.55687,325,12629.49,7723.398713,0
1756596600000,2025-08-30 23:30:00,0.611,0.6112,0.6096,0.61,15200.41,1756597499999,9274.467148,192,8258.99,5039.719596,0
1756597500000,2025-08-30 23:45:00,0.6099,0.6099,0.6089,0.6099,18630.11,1756598399999,11351.558832,210,7692.26,4687.034538,0
1756598400000,2025-08-31 00:00:00,0.61,0.6116,0.61,0.6114,77108.03,1756599299999,47133.139947,308,23073.82,14099.739081,0
1756599300000,2025-08-31 00:15:00,0.6114,0.6121,0.6105,0.6115,23908.05,1756600199999,14618.72209,282,11078.89,6775.404171,0
1756600200000,2025-08-31 00:30:00,0.6117,0.6149,0.6108,0.6149,71372.11,1756601099999,43715.935165,607,52250.88,32006.190419,0
1756601100000,2025-08-31 00:45:00,0.6149,0.6165,0.6143,0.6156,179854.17,1756601999999,110671.408916,883,118467.89,72882.472685,0
1756602000000,2025-08-31 01:00:00,0.6157,0.6166,0.6141,0.6151,97521.06,1756602899999,60056.354215,625,59016.06,36351.316866,0
1756602900000,2025-08-31 01:15:00,0.6152,0.6184,0.6149,0.6182,41705.78,1756603799999,25702.981401,469,24596.28,15157.96524,0
1756603800000,2025-08-31 01:30:00,0.6182,0.6198,0.6175,0.6183,34982.39,1756604699999,21642.495852,485,19478.8,12053.509103,0
1756604700000,2025-08-31 01:45:00,0.6182,0.6187,0.6172,0.6182,19609.53,1756605599999,12117.997169,243,11792.75,7289.359308,0
1756605600000,2025-08-31 02:00:00,0.6183,0.6188,0.6177,0.6182,39782.6,1756606499999,24597.131983,264,22520.64,13925.332059,0
1756606500000,2025-08-31 02:15:00,0.6183,0.6189,0.6175,0.6177,12907.03,1756607399999,7981.444608,158,10016.07,6195.147552,0
1756607400000,2025-08-31 02:30:00,0.6176,0.6178,0.6163,0.6176,7715.73,1756608299999,4760.910579,168,2918.32,1800.370181,0
1756608300000,2025-08-31 02:45:00,0.6177,0.6191,0.6177,0.6181,36375.37,1756609199999,22491.763867,273,11008.86,6806.82081,0
1756609200000,2025-08-31 03:00:00,0.6182,0.6186,0.6175,0.6183,51799.22,1756610099999,32021.107298,282,34828.56,21531.008641,0
1756610100000,2025-08-31 03:15:00,0.6183,0.6195,0.6182,0.6182,71200.12,1756610999999,44065.726008,577,38983.18,24127.998568,0
1756611000000,2025-08-31 03:30:00,0.6182,0.6183,0.6172,0.6178,61618.65,1756611899999,38064.650567,335,25064.04,15480.225138,0
1756611900000,2025-08-31 03:45:00,0.6178,0.619,0.6176,0.6189,22719.23,1756612799999,14050.879551,167,19403.36,12000.063416,0
1756612800000,2025-08-31 04:00:00,0.619,0.6194,0.6153,0.6153,40437.33,1756613699999,24980.416829,318,18992.91,11745.807233,0
1756613700000,2025-08-31 04:15:00,0.6154,0.6155,0.6145,0.6145,28499.02,1756614599999,17533.003978,189,11417.31,7024.062838,0
1756614600000,2025-08-31 04:30:00,0.6145,0.6155,0.6139,0.6139,14958.81,1756615499999,9196.181076,145,7077.02,4353.00096,0
1756615500000,2025-08-31 04:45:00,0.6138,0.6139,0.6117,0.6125,24650.69,1756616399999,15111.147252,200,1123.48,688.269451,0
1756616400000,2025-08-31 05:00:00,0.6126,0.6126,0.6109,0.6114,9947.79,1756617299999,6085.380977,203,2067.37,1264.790266,0
1756617300000,2025-08-31 05:15:00,0.6114,0.6114,0.6102,0.6102,22753.36,1756618199999,13900.989265,246,2783.5,1700.991447,0
1756618200000,2025-08-31 05:30:00,0.6102,0.6116,0.6098,0.6116,25581.3,1756619099999,15624.877458,237,12904.3,7885.380513,0
1756619100000,2025-08-31 05:45:00,0.6116,0.6123,0.6104,0.6106,21724.96,1756619999999,13282.321088,171,15331.52,9375.683249,0
1756620000000,2025-08-31 06:00:00,0.6107,0.6114,0.6099,0.6109,8062.11,1756620899999,4924.878932,160,4070.26,2486.643478,0
1756620900000,2025-08-31 06:15:00,0.6109,0.611,0.6088,0.6089,10016.77,1756621799999,6110.511088,160,2953.06,1802.512912,0
1756621800000,2025-08-31 06:30:00,0.6089,0.6103,0.6087,0.6094,13706.29,1756622699999,8353.65538,256,5979.21,3645.847801,0
1756622700000,2025-08-31 06:45:00,0.6095,0.6095,0.608,0.6086,25275.78,1756623599999,15384.450534,285,8997.42,5476.564207,0
1756623600000,2025-08-31 07:00:00,0.6086,0.6099,0.6083,0.6093,11404.13,1756624499999,6943.648904,175,4057.66,2471.527848,0
1756624500000,2025-08-31 07:15:00,0.6094,0.611,0.6093,0.611,93257.44,1756625399999,56940.801897,267,46758.79,28550.304145,0
1756625400000,2025-08-31 07:30:00,0.6111,0.6122,0.6106,0.6114,29326.56,1756626299999,17932.106461,244,20662.29,12635.389122,0
1756626300000,2025-08-31 07:45:00,0.6113,0.6122,0.6109,0.612,16411.97,1756627199999,10040.214691,118,6736.53,4120.305415,0
1756627200000,2025-08-31 08:00:00,0.612,0.6142,0.612,0.6138,19880.89,1756628099999,12196.927404,285,10352.42,6349.031879,0
1756628100000,2025-08-31 08:15:00,0.6139,0.6148,0.6135,0.6141,15501.89,1756628999999,9518.6812,195,4462.62,2740.489657,0
1756629000000,2025-08-31 08:30:00,0.614,0.6159,0.6133,0.6158,10055.48,1756629899999,6180.82265,180,6738.89,4142.230545,0
1756629900000,2025-08-31 08:45:00,0.6159,0.6169,0.6149,0.6169,8484.27,1756630799999,5223.868305,139,4048.15,2493.207897,0
1756630800000,2025-08-31 09:00:00,0.6168,0.6171,0.6161,0.6167,24338.83,1756631699999,15004.998722,269,18960.12,11689.460484,0
1756631700000,2025-08-31 09:15:00,0.6168,0.6179,0.6165,0.6168,17778.48,1756632599999,10975.37884,221,13489.43,8327.798998,0
1756632600000,2025-08-31 09:30:00,0.6168,0.6169,0.6152,0.6152,53469.83,1756633499999,32935.150763,238,13057.78,8044.656206,0
1756633500000,2025-08-31 09:45:00,0.6153,0.6153,0.6116,0.6116,21806.25,1756634399999,13380.309393,259,10187.42,6253.89162,0
1756634400000,2025-08-31 10:00:00,0.6117,0.6123,0.6086,0.6087,30799.72,1756635299999,18796.110999,335,10586.2,6463.323076,0
1756635300000,2025-08-31 10:15:00,0.6088,0.6093,0.6079,0.6084,17859.66,1756636199999,10864.666152,305,8476.27,5156.039118,0
1756636200000,2025-08-31 10:30:00,0.6083,0.6088,0.6073,0.6074,16410.84,1756637099999,9972.295303,147,2838.87,1726.195386,0
1756637100000,2025-08-31 10:45:00,0.6076,0.6099,0.6066,0.6087,20721.84,1756637999999,12589.725856,270,7929.35,4817.655415,0
1756638000000,2025-08-31 11:00:00,0.6086,0.6097,0.6065,0.6097,19012.36,1756638899999,11562.240648,281,9354.98,5689.067285,0
1756638900000,2025-08-31 11:15:00,0.6096,0.6104,0.6082,0.6103,21570.54,1756639799999,13138.178148,260,10412.91,6342.583704,0
1756639800000,2025-08-31 11:30:00,0.6103,0.6109,0.6088,0.6088,8746.93,1756640699999,5333.750443,156,3047.96,1859.033566,0
1756640700000,2025-08-31 11:45:00,0.609,0.611,0.6081,0.611,55019.43,1756641599999,33506.166237,262,23400.84,14249.669687,0
1756641600000,2025-08-31 12:00:00,0.6109,0.6114,0.6092,0.6095,21689.36,1756642499999,13237.237909,243,6601.93,4030.879511,0
1756642500000,2025-08-31 12:15:00,0.6096,0.6101,0.6073,0.6078,18839.31,1756643399999,11465.810335,276,7246.33,4408.099932,0
1756643400000,2025-08-31 12:30:00,0.6079,0.6088,0.6067,0.6069,22373.42,1756644299999,13597.0952,300,13055.62,7932.515184,0
1756644300000,2025-08-31 12:45:00,0.6068,0.6117,0.6062,0.611,51495.43,1756645199999,31370.837399,419,23859.68,14542.674813,0
1756645200000,2025-08-31 13:00:00,0.6109,0.6118,0.6079,0.608,22881.34,1756646099999,13946.561064,398,8459.23,5160.830999,0
1756646100000,2025-08-31 13:15:00,0.6082,0.6101,0.608,0.6084,41598.67,1756646999999,25347.476941,360,22946.17,13983.206655,0
1756647000000,2025-08-31 13:30:00,0.6085,0.6087,0.6061,0.6066,35095.26,1756647899999,21290.270855,277,16792.9,10184.712221,0
1756647900000,2025-08-31 13:45:00,0.6068,0.6075,0.6061,0.6068,19642.52,1756648799999,11921.313695,184,11572.73,7023.273927,0
1756648800000,2025-08-31 14:00:00,0.6068,0.607,0.603,0.6041,49266.36,1756649699999,29776.148374,373,13398.17,8089.599594,0
1756649700000,2025-08-31 14:15:00,0.6039,0.6049,0.6035,0.6045,21382.02,1756650599999,12923.551015,299,10132.37,6124.31269,0
1756650600000,2025-08-31 14:30:00,0.6045,0.6065,0.6045,0.6058,11185.25,1756651499999,6773.679539,243,5224.99,3164.363301,0
1756651500000,2025-08-31 14:45:00,0.606,0.6064,0.6035,0.6037,15605.0,1756652399999,9439.276354,203,3691.48,2230.638417,0
1756652400000,2025-08-31 15:00:00,0.6037,0.6083,0.6034,0.6057,28282.83,1756653299999,17151.597773,451,19751.45,11974.993184,0
1756653300000,2025-08-31 15:15:00,0.6058,0.6066,0.6045,0.605,17225.6,1756654199999,10425.628019,293,3939.69,2385.081727,0
1756654200000,2025-08-31 15:30:00,0.605,0.6076,0.6041,0.6076,21190.97,1756655099999,12828.316627,289,10829.94,6560.162148,0
1756655100000,2025-08-31 15:45:00,0.6076,0.6083,0.6073,0.608,21211.12,1756655999999,12891.320689,202,17056.7,10366.692665,0
1756656000000,2025-08-31 16:00:00,0.6078,0.6078,0.6063,0.6074,21224.72,1756656899999,12887.928353,274,7125.66,4326.846415,0
1756656900000,2025-08-31 16:15:00,0.6075,0.6078,0.606,0.6064,15711.43,1756657799999,9536.75937,239,10371.92,6296.762165,0
1756657800000,2025-08-31 16:30:00,0.6063,0.6079,0.6054,0.6077,19444.95,1756658699999,11797.774376,281,12872.58,7808.769353,0
1756658700000,2025-08-31 16:45:00,0.6078,0.6083,0.6068,0.6074,10918.89,1756659599999,6636.966805,205,5095.54,3097.369255,0
1756659600000,2025-08-31 17:00:00,0.6074,0.6083,0.6067,0.608,10268.13,1756660499999,6238.464737,170,5426.64,3298.361488,0
1756660500000,2025-08-31 17:15:00,0.6081,0.6083,0.6059,0.6068,28871.01,1756661399999,17524.228945,401,13730.98,8335.531241,0
1756661400000,2025-08-31 17:30:00,0.6067,0.6085,0.6064,0.6084,8795.56,1756662299999,5344.154937,215,6508.36,3954.987147,0
1756662300000,2025-08-31 17:45:00,0.6086,0.6087,0.6071,0.6075,8319.63,1756663199999,5058.209996,193,3922.48,2384.908871,0
1756663200000,2025-08-31 18:00:00,0.6075,0.6098,0.6074,0.6095,18822.41,1756664099999,11455.307808,240,12114.0,7374.329431,0
1756664100000,2025-08-31 18:15:00,0.6094,0.6113,0.6088,0.6107,10913.56,1756664999999,6656.471657,240,6275.8,3827.382232,0
1756665000000,2025-08-31 18:30:00,0.6108,0.6121,0.6108,0.6115,17398.53,1756665899999,10638.454292,279,7294.58,4462.03598,0
1756665900000,2025-08-31 18:45:00,0.6114,0.613,0.6113,0.6128,8309.43,1756666799999,5087.78224,157,5602.31,3430.260838,0
1756666800000,2025-08-31 19:00:00,0.6127,0.6134,0.6103,0.6105,36692.45,1756667699999,22450.039515,310,13876.36,8492.322781,0
1756667700000,2025-08-31 19:15:00,0.6105,0.6112,0.6098,0.6105,11358.96,1756668599999,6932.297886,179,8094.87,4939.832094,0
1756668600000,2025-08-31 19:30:00,0.6104,0.6105,0.6092,0.6103,98896.65,1756669499999,60327.32746,271,85869.66,52380.733029,0
1756669500000,2025-08-31 19:45:00,0.6102,0.6102,0.608,0.6082,21020.14,1756670399999,12800.33031,257,3318.89,2021.505579,0
1756670400000,2025-08-31 20:00:00,0.6083,0.6106,0.6068,0.6102,22977.78,1756671299999,13998.913066,324,18713.35,11402.512351,0
1756671300000,2025-08-31 20:15:00,0.6102,0.6103,0.6084,0.6089,8397.0,1756672199999,5115.664672,145,2044.24,1244.984506,0
1756672200000,2025-08-31 20:30:00,0.6088,0.6112,0.6086,0.6095,49153.05,1756673099999,30005.392995,301,42349.44,25856.540653,0
1756673100000,2025-08-31 20:45:00,0.6094,0.6102,0.6087,0.61,6929.79,1756673999999,4222.649355,131,2944.57,1794.05403,0
1756674000000,2025-08-31 21:00:00,0.6099,0.6114,0.6093,0.6114,18395.85,1756674899999,11221.514954,186,6907.45,4215.856607,0
1756674900000,2025-08-31 21:15:00,0.6115,0.6129,0.6107,0.6111,20868.53,1756675799999,12777.041482,161,18154.15,11116.226064,0
1756675800000,2025-08-31 21:30:00,0.6111,0.6123,0.6103,0.6123,9536.45,1756676699999,5828.150422,157,4065.48,2484.439854,0
1756676700000,2025-08-31 21:45:00,0.6119,0.6123,0.6102,0.6106,12015.56,1756677599999,7340.019336,148,1793.0,1096.287222,0
1756677600000,2025-08-31 22:00:00,0.6107,0.6112,0.609,0.6103,40307.83,1756678499999,24579.815141,401,13222.19,8066.046764,0
1756678500000,2025-08-31 22:15:00,0.6103,0.612,0.6103,0.6118,16249.58,1756679399999,9933.292889,156,9815.96,6002.24691,0
1756679400000,2025-08-31 22:30:00,0.6117,0.6117,0.6066,0.6066,30054.26,1756680299999,18309.969828,309,6945.77,4233.246564,0
1756680300000,2025-08-31 22:45:00,0.6065,0.6072,0.6054,0.6066,17489.85,1756681199999,10603.09736,278,6778.02,4109.981566,0
1756681200000,2025-08-31 23:00:00,0.6066,0.6066,0.6045,0.6058,22389.31,1756682099999,13554.004431,294,15437.92,9345.631524,0
1756682100000,2025-08-31 23:15:00,0.6057,0.6057,0.602,0.602,111761.33,1756682999999,67409.126213,628,28193.34,17003.852366,0
1756683000000,2025-08-31 23:30:00,0.6022,0.6023,0.5985,0.5994,279642.54,1756683899999,167763.380722,906,77602.33,46591.794877,0
1756683900000,2025-08-31 23:45:00,0.5994,0.6003,0.599,0.5996,104939.33,1756684799999,62898.624412,459,30256.75,18137.330002,0
1756684800000,2025-09-01 00:00:00,0.5996,0.6007,0.5951,0.5985,313603.59,1756685699999,187642.047211,1296,112625.77,67373.032783,0
1756685700000,2025-09-01 00:15:00,0.5985,0.6001,0.5961,0.5982,178891.82,1756686599999,106982.14227,1437,80988.02,48420.011158,0
1756686600000,2025-09-01 00:30:00,0.5981,0.6015,0.5954,0.6007,302063.6,1756687499999,180506.368242,1797,168380.42,100669.732218,0
1756687500000,2025-09-01 00:45:00,0.6007,0.6027,0.5991,0.5997,69708.51,1756688399999,41862.397148,789,17759.9,10666.954002,0
1756688400000,2025-09-01 01:00:00,0.5998,0.601,0.5964,0.599,114063.36,1756689299999,68153.535043,793,46080.71,27533.461112,0
1756689300000,2025-09-01 01:15:00,0.5991,0.6013,0.5982,0.601,46966.28,1756690199999,28184.922035,522,34742.58,20853.124645,0
1756690200000,2025-09-01 01:30:00,0.6009,0.6041,0.6005,0.6036,80408.05,1756691099999,48436.170869,776,33116.27,19949.523186,0
1756691100000,2025-09-01 01:45:00,0.6037,0.6044,0.5996,0.6004,40373.81,1756691999999,24287.539736,622,14235.31,8565.404865,0
1756692000000,2025-09-01 02:00:00,0.6003,0.6003,0.5963,0.5975,113929.46,1756692899999,68139.326348,778,31266.51,18711.208878,0
1756692900000,2025-09-01 02:15:00,0.5976,0.5987,0.5951,0.5978,304365.19,1756693799999,181560.104617,1524,154979.16,92436.325164,0
1756693800000,2025-09-01 02:30:00,0.5978,0.5978,0.5936,0.5943,171245.25,1756694699999,101970.536963,929,49371.63,29405.773804,0
1756694700000,2025-09-01 02:45:00,0.5942,0.5944,0.5892,0.5902,445993.8,1756695599999,263376.496238,1707,94701.78,55922.818055,0
1756695600000,2025-09-01 03:00:00,0.5903,0.5928,0.5882,0.5889,166503.17,1756696499999,98231.360473,1003,46509.66,27450.957105,0
1756696500000,2025-09-01 03:15:00,0.5888,0.5923,0.588,0.5922,66686.58,1756697399999,39410.301858,677,37382.85,22094.24812,0
1756697400000,2025-09-01 03:30:00,0.5923,0.5948,0.5921,0.5935,60622.2,1756698299999,35974.469686,440,29867.11,17724.166053,0
1756698300000,2025-09-01 03:45:00,0.5934,0.5954,0.5924,0.5939,16162.17,1756699199999,9600.360556,352,10180.9,6047.82298,0
1756699200000,2025-09-01 04:00:00,0.5938,0.594,0.5908,0.5926,31242.27,1756700099999,18524.265356,432,16997.48,10079.484617,0
1756700100000,2025-09-01 04:15:00,0.5928,0.5933,0.5894,0.5907,65911.95,1756700999999,38961.370699,678,31888.92,18850.43961,0
1756701000000,2025-09-01 04:30:00,0.5905,0.5905,0.5887,0.5894,70160.23,1756701899999,41340.792945,468,19806.91,11674.878293,0
1756701900000,2025-09-01 04:45:00,0.5895,0.591,0.5885,0.5905,103985.07,1756702799999,61273.586199,567,40799.31,24061.289956,0
1756702800000,2025-09-01 05:00:00,0.5906,0.5945,0.5895,0.5933,372135.08,1756703699999,220373.396355,1554,226144.19,133940.134544,0
1756703700000,2025-09-01 05:15:00,0.5933,0.5954,0.5915,0.5946,300620.14,1756704599999,178418.019428,1426,195268.75,115889.597805,0
1756704600000,2025-09-01 05:30:00,0.5947,0.5962,0.5932,0.5948,522710.86,1756705499999,310987.873195,1284,292264.05,173874.628905,0
1756705500000,2025-09-01 05:45:00,0.5948,0.5961,0.5932,0.5947,44823.92,1756706399999,26658.64465,345,17139.9,10198.329542,0
1756706400000,2025-09-01 06:00:00,0.5947,0.5951,0.5924,0.593,103289.49,1756707299999,61260.468652,298,6262.44,3716.896167,0
1756707300000,2025-09-01 06:15:00,0.5931,0.598,0.5915,0.5968,118667.38,1756708199999,70564.375612,649,76641.88,45541.901935,0
1756708200000,2025-09-01 06:30:00,0.597,0.5992,0.5966,0.599,46419.68,1756709099999,27750.268652,401,25785.32,15422.929499,0
1756709100000,2025-09-01 06:45:00,0.5991,0.5993,0.5969,0.5992,80288.99,1756709999999,48024.474003,523,57692.66,34508.455307,0
1756710000000,2025-09-01 07:00:00,0.5993,0.6002,0.5952,0.5965,270184.19,1756710899999,161320.117479,1091,136934.62,81756.587789,0
1756710900000,2025-09-01 07:15:00,0.5966,0.6025,0.5956,0.601,878191.78,1756711799999,526324.159749,3482,542768.75,325219.997603,0
1756711800000,2025-09-01 07:30:00,0.601,0.6031,0.5988,0.6022,370560.51,1756712699999,222703.827304,2097,171710.48,103188.287514,0
1756712700000,2025-09-01 07:45:00,0.6023,0.6058,0.6023,0.6049,823877.12,1756713599999,498089.902152,2244,555226.41,335730.522449,0
1756713600000,2025-09-01 08:00:00,0.605,0.6219,0.604,0.6147,1554063.66,1756714499999,948348.731295,6046,880239.38,537252.398498,0
1756714500000,2025-09-01 08:15:00,0.6146,0.6147,0.6106,0.6125,157019.87,1756715399999,96109.837102,1298,97560.0,59716.839486,0
1756715400000,2025-09-01 08:30:00,0.6127,0.6165,0.6127,0.6158,136856.47,1756716299999,84173.359082,943,100397.81,61762.807778,0
1756716300000,2025-09-01 08:45:00,0.6157,0.6211,0.6143,0.6211,78538.18,1756717199999,48486.444718,773,52179.97,32212.697535,0
1756717200000,2025-09-01 09:00:00,0.6211,0.622,0.6193,0.6201,133287.61,1756718099999,82768.619115,899,80306.1,49898.186214,0
1756718100000,2025-09-01 09:15:00,0.6201,0.6204,0.6178,0.6185,79289.09,1756718999999,49050.809628,554,17741.79,10981.486379,0
1756719000000,2025-09-01 09:30:00,0.6186,0.6196,0.615,0.6151,55291.58,1756719899999,34130.945772,490,15473.65,9542.516019,0
1756719900000,2025-09-01 09:45:00,0.6152,0.6157,0.6137,0.6138,66673.41,1756720799999,40985.174109,508,23219.22,14280.582465,0
1756720800000,2025-09-01 10:00:00,0.6138,0.6141,0.6113,0.6118,62716.2,1756721699999,38394.93944,500,25583.97,15660.046951,0
1756721700000,2025-09-01 10:15:00,0.6117,0.6121,0.6077,0.608,25697.8,1756722599999,15661.483008,371,9833.13,5998.404659,0
1756722600000,2025-09-01 10:30:00,0.6079,0.6079,0.6034,0.6045,95138.01,1756723499999,57605.645521,845,25321.74,15340.370426,0
1756723500000,2025-09-01 10:45:00,0.6045,0.6078,0.6025,0.6073,99042.52,1756724399999,60008.509307,852,59212.83,35883.536624,0
1756724400000,2025-09-01 11:00:00,0.6073,0.6084,0.6064,0.6071,47888.61,1756725299999,29099.867323,542,21816.22,13261.928738,0
1756725300000,2025-09-01 11:15:00,0.6071,0.6081,0.6045,0.6047,67885.56,1756726199999,41179.821674,520,18185.81,11028.212011,0
1756726200000,2025-09-01 11:30:00,0.6047,0.6056,0.6038,0.604,47648.34,1756727099999,28797.652748,485,14169.43,8565.731431,0
1756727100000,2025-09-01 11:45:00,0.6039,0.6067,0.6038,0.605,31675.73,1756727999999,19170.180055,372,19126.09,11579.015619,0
1756728000000,2025-09-01 12:00:00,0.6052,0.6092,0.6049,0.6088,165666.5,1756728899999,100551.575935,709,81998.39,49805.173861,0
1756728900000,2025-09-01 12:15:00,0.6088,0.611,0.6074,0.6107,160547.26,1756729799999,97895.131511,771,91105.54,55582.894413,0
1756729800000,2025-09-01 12:30:00,0.6106,0.6119,0.6085,0.6088,143141.54,1756730699999,87384.966394,868,61168.25,37349.145073,0
1756730700000,2025-09-01 12:45:00,0.6085,0.6115,0.6073,0.6093,148967.37,1756731599999,90725.856533,799,92278.01,56174.077467,0
1756731600000,2025-09-01 13:00:00,0.6094,0.6109,0.6077,0.6099,263369.5,1756732499999,160508.639522,1327,116797.05,71186.656413,0
1756732500000,2025-09-01 13:15:00,0.6099,0.6131,0.6085,0.6109,316021.07,1756733399999,192878.204791,1611,176572.74,107763.112274,0
1756733400000,2025-09-01 13:30:00,0.6109,0.6119,0.6088,0.6093,181132.0,1756734299999,110572.234581,1290,121343.38,74077.753944,0
1756734300000,2025-09-01 13:45:00,0.6092,0.612,0.6083,0.6102,260172.73,1756735199999,158720.457667,1311,146055.5,89085.092269,0
1756735200000,2025-09-01 14:00:00,0.61,0.6156,0.6097,0.6138,170955.08,1756736099999,104872.706829,915,106730.53,65414.273423,0
1756736100000,2025-09-01 14:15:00,0.6139,0.6153,0.6124,0.6145,125653.55,1756736999999,77139.894233,745,53520.57,32876.808115,0
1756737000000,2025-09-01 14:30:00,0.6146,0.615,0.6094,0.6099,191495.08,1756737899999,117022.852785,1216,97512.67,59560.13006,0
1756737900000,2025-09-01 14:45:00,0.6102,0.6124,0.6097,0.6113,162941.52,1756738799999,99529.097195,920,95256.34,58169.366786,0
1756738800000,2025-09-01 15:00:00,0.6112,0.6127,0.609,0.6117,189659.85,1756739699999,115841.357889,1110,123300.65,75316.724841,0
1756739700000,2025-09-01 15:15:00,0.6118,0.613,0.6095,0.6128,331648.38,1756740599999,202723.087262,1301,176536.3,107938.738682,0
1756740600000,2025-09-01 15:30:00,0.6128,0.6136,0.604,0.6054,706896.9,1756741499999,431427.568189,2126,239756.05,146441.904856,0
1756741500000,2025-09-01 15:45:00,0.6053,0.6063,0.6019,0.6026,66970.61,1756742399999,40475.007633,571,24218.48,14645.661629,0
1756742400000,2025-09-01 16:00:00,0.6025,0.604,0.593,0.5937,638689.74,1756743299999,381148.734608,2595,225489.28,134691.902439,0
1756743300000,2025-09-01 16:15:00,0.5935,0.5965,0.59,0.5948,1436180.23,1756744199999,849823.538066,3553,748603.7,442875.939469,0
1756744200000,2025-09-01 16:30:00,0.5949,0.5949,0.5923,0.5938,198110.98,1756745099999,117567.484188,1057,118167.56,70119.649299,0
1756745100000,2025-09-01 16:45:00,0.5937,0.5959,0.591,0.5928,155658.79,1756745999999,92412.422843,910,59499.42,35337.409486,0
1756746000000,2025-09-01 17:00:00,0.5926,0.5944,0.59,0.5923,159253.74,1756746899999,94328.793603,1211,77624.48,45995.438678,0
1756746900000,2025-09-01 17:15:00,0.5923,0.593,0.5902,0.5904,106506.46,1756747799999,63032.451977,718,39043.5,23103.875717,0
1756747800000,2025-09-01 17:30:00,0.5903,0.5915,0.5888,0.5901,131111.21,1756748699999,77335.906101,1029,68562.61,40442.695481,0
1756748700000,2025-09-01 17:45:00,0.5903,0.5927,0.5899,0.5908,55247.68,1756749599999,32648.874173,570,27025.76,15973.143626,0
1756749600000,2025-09-01 18:00:00,0.5907,0.5936,0.5905,0.5932,61013.32,1756750499999,36131.998299,712,20376.96,12068.192145,0
1756750500000,2025-09-01 18:15:00,0.5933,0.5945,0.5922,0.5939,40630.82,1756751399999,24114.827427,596,19098.11,11339.37686,0
1756751400000,2025-09-01 18:30:00,0.594,0.5953,0.592,0.5937,44195.44,1756752299999,26237.835953,525,17500.36,10389.249303,0
1756752300000,2025-09-01 18:45:00,0.5939,0.5943,0.5926,0.5928,23909.25,1756753199999,14187.164321,329,12264.25,7278.303556,0
1756753200000,2025-09-01 19:00:00,0.5931,0.5947,0.5922,0.5938,39938.42,1756754099999,23701.30955,406,15708.37,9320.133437,0
1756754100000,2025-09-01 19:15:00,0.5938,0.5945,0.5921,0.5921,55431.33,1756754999999,32885.941969,634,24700.63,14655.919323,0
1756755000000,2025-09-01 19:30:00,0.592,0.5929,0.5913,0.5929,38996.62,1756755899999,23088.074148,472,24519.52,14516.730817,0
1756755900000,2025-09-01 19:45:00,0.5929,0.5947,0.5921,0.5941,37882.98,1756756799999,22496.954992,368,13333.12,7915.754828,0
1756756800000,2025-09-01 20:00:00,0.594,0.5946,0.5929,0.5929,32808.19,1756757699999,19486.607736,369,17610.23,10461.852069,0
1756757700000,2025-09-01 20:15:00,0.5929,0.5929,0.5905,0.5907,47420.35,1756758599999,28063.032384,495,13106.03,7757.184343,0
1756758600000,2025-09-01 20:30:00,0.5906,0.5906,0.5711,0.5714,628446.26,1756759499999,365431.390558,3350,188433.56,109293.726624,0
1756759500000,2025-09-01 20:45:00,0.5713,0.5807,0.57,0.5793,595921.23,1756760399999,342491.266687,4571,295993.29,170215.843018,0
1756760400000,2025-09-01 21:00:00,0.5793,0.5797,0.5751,0.5755,337357.28,1756761299999,194489.125331,2172,134394.23,77524.282169,0
1756761300000,2025-09-01 21:15:00,0.5755,0.5772,0.5752,0.5762,293473.26,1756762199999,168970.068674,884,101480.47,58449.631327,0
1756762200000,2025-09-01 21:30:00,0.5763,0.5769,0.5711,0.5738,392590.76,1756763099999,225506.368026,1370,143545.91,82434.51874,0
1756763100000,2025-09-01 21:45:00,0.5738,0.5758,0.573,0.5753,104343.56,1756763999999,59962.143507,473,21732.07,12497.177715,0
1756764000000,2025-09-01 22:00:00,0.5752,0.5755,0.5711,0.5744,206168.66,1756764899999,118150.819118,805,78419.63,44951.725424,0
1756764900000,2025-09-01 22:15:00,0.5745,0.5766,0.5722,0.5723,242183.25,1756765799999,139367.03967,772,149414.86,86021.260367,0
1756765800000,2025-09-01 22:30:00,0.5723,0.5738,0.5703,0.5703,82847.26,1756766699999,47359.003791,346,34324.96,19623.082749,0
1756766700000,2025-09-01 22:45:00,0.5703,0.5749,0.5689,0.5731,59651.04,1756767599999,34065.537719,558,28981.55,16550.539243,0
1756767600000,2025-09-01 23:00:00,0.5731,0.5771,0.573,0.5764,85749.05,1756768499999,49377.354246,452,57870.94,33332.798601,0
1756768500000,2025-09-01 23:15:00,0.5764,0.5765,0.5752,0.5758,25149.67,1756769399999,14483.622331,201,12955.3,7462.835399,0
1756769400000,2025-09-01 23:30:00,0.5757,0.5766,0.5742,0.5761,164217.87,1756770299999,94599.839029,465,87955.68,50662.617074,0
1756770300000,2025-09-01 23:45:00,0.5762,0.5798,0.575,0.5773,441142.41,1756771199999,254514.468836,1281,255695.01,147505.727649,0
1756771200000,2025-09-02 00:00:00,0.5775,0.5795,0.5774,0.5786,72584.74,1756772099999,41987.045459,530,32067.72,18552.0946,0
1756772100000,2025-09-02 00:15:00,0.5785,0.5806,0.5785,0.5793,45287.76,1756772999999,26261.990094,502,22875.86,13266.158374,0
1756773000000,2025-09-02 00:30:00,0.5792,0.5805,0.5767,0.5767,49358.92,1756773899999,28560.518985,507,18903.24,10942.386379,0
1756773900000,2025-09-02 00:45:00,0.5766,0.5782,0.5755,0.5767,40265.89,1756774799999,23228.847631,415,13587.09,7836.808312,0
1756774800000,2025-09-02 01:00:00,0.5766,0.5782,0.5751,0.5751,74290.87,1756775699999,42846.753498,677,29943.42,17280.116404,0
1756775700000,2025-09-02 01:15:00,0.5751,0.5763,0.5732,0.5754,117668.84,1756776599999,67604.766591,886,56383.68,32386.446673,0
1756776600000,2025-09-02 01:30:00,0.5755,0.5807,0.5741,0.5806,123039.22,1756777499999,70943.964998,995,68130.22,39275.800959,0
1756777500000,2025-09-02 01:45:00,0.5807,0.5828,0.5786,0.5786,75807.7,1756778399999,44034.501069,909,27544.93,15996.308814,0
1756778400000,2025-09-02 02:00:00,0.5786,0.5802,0.5775,0.5787,65342.96,1756779299999,37802.634532,663,38620.59,22338.18215,0
1756779300000,2025-09-02 02:15:00,0.5786,0.5825,0.5774,0.5802,46044.29,1756780199999,26708.12554,569,16698.16,9675.387456,0
1756780200000,2025-09-02 02:30:00,0.5801,0.5822,0.5785,0.5799,64387.61,1756781099999,37354.827382,725,32354.0,18775.44936,0
1756781100000,2025-09-02 02:45:00,0.58,0.5849,0.5795,0.5845,63933.18,1756781999999,37245.094102,743,35185.38,20499.014913,0
1756782000000,2025-09-02 03:00:00,0.5845,0.588,0.5828,0.5878,97115.55,1756782899999,56878.096915,1117,37871.64,22184.92139,0
1756782900000,2025-09-02 03:15:00,0.5877,0.5899,0.586,0.5866,92170.96,1756783799999,54201.340905,871,49193.82,28924.600717,0
1756783800000,2025-09-02 03:30:00,0.5867,0.5872,0.5853,0.5866,83783.09,1756784699999,49106.764124,598,49124.18,28796.401578,0
1756784700000,2025-09-02 03:45:00,0.5866,0.5885,0.5859,0.5885,59855.09,1756785599999,35149.131196,559,26725.55,15698.085096,0
1756785600000,2025-09-02 04:00:00,0.5886,0.5889,0.5866,0.5883,60596.29,1756786499999,35627.127415,666,24806.64,14580.38459,0
1756786500000,2025-09-02 04:15:00,0.5882,0.59,0.5876,0.5889,50075.67,1756787399999,29491.758736,444,21779.9,12825.803443,0
1756787400000,2025-09-02 04:30:00,0.5888,0.5908,0.5887,0.5907,53784.43,1756788299999,31737.080493,620,23566.86,13906.094865,0
1756788300000,2025-09-02 04:45:00,0.5906,0.5909,0.5875,0.5887,48890.2,1756789199999,28822.421542,410,18153.29,10696.319334,0
1756789200000,2025-09-02 05:00:00,0.5889,0.5894,0.5858,0.5881,68326.34,1756790099999,40131.872442,756,26488.79,15561.936012,0
1756790100000,2025-09-02 05:15:00,0.5882,0.5883,0.5849,0.5852,42523.61,1756790999999,24929.495851,600,16868.9,9884.315907,0
1756791000000,2025-09-02 05:30:00,0.5852,0.5867,0.5838,0.584,31880.49,1756791899999,18666.019107,469,14781.8,8655.355148,0
1756791900000,2025-09-02 05:45:00,0.5839,0.5854,0.5838,0.5851,42520.02,1756792799999,24854.421461,457,20218.54,11818.212761,0
1756792800000,2025-09-02 06:00:00,0.585,0.587,0.5845,0.5859,93981.18,1756793699999,55029.196552,740,56035.54,32811.465096,0
1756793700000,2025-09-02 06:15:00,0.5858,0.5874,0.5853,0.5862,29386.99,1756794599999,17236.062485,389,18653.63,10942.703962,0
1756794600000,2025-09-02 06:30:00,0.5861,0.589,0.5855,0.588,43772.97,1756795499999,25724.074106,531,20839.97,12246.581675,0
1756795500000,2025-09-02 06:45:00,0.5878,0.5882,0.5865,0.5875,39920.67,1756796399999,23448.428315,333,20161.07,11841.096243,0
1756796400000,2025-09-02 07:00:00,0.5875,0.5877,0.5852,0.5854,73641.37,1756797299999,43196.401644,373,23400.83,13725.3352,0
1756797300000,2025-09-02 07:15:00,0.5854,0.5861,0.5832,0.5844,50099.37,1756798199999,29282.527475,446,19961.49,11673.366779,0
1756798200000,2025-09-02 07:30:00,0.5843,0.5853,0.5838,0.5841,53862.38,1756799099999,31478.197279,324,17466.21,10205.517221,0
1756799100000,2025-09-02 07:45:00,0.5842,0.5855,0.5815,0.5825,105317.86,1756799999999,61429.840531,726,65089.89,37979.269719,0
1756800000000,2025-09-02 08:00:00,0.5825,0.5849,0.5821,0.5821,26466.11,1756800899999,15436.013407,332,16048.59,9360.655748,0
1756800900000,2025-09-02 08:15:00,0.5821,0.5864,0.5821,0.5862,66833.48,1756801799999,39030.858071,449,45577.59,26611.137877,0
1756801800000,2025-09-02 08:30:00,0.5863,0.5886,0.585,0.5876,147334.01,1756802699999,86512.842268,646,43352.57,25454.415823,0
1756802700000,2025-09-02 08:45:00,0.5877,0.589,0.5867,0.5867,47998.15,1756803599999,28225.176168,434,12949.93,7617.55521,0
1756803600000,2025-09-02 09:00:00,0.5867,0.5893,0.5857,0.5885,54893.69,1756804499999,32231.574739,519,31434.5,18459.321218,0
1756804500000,2025-09-02 09:15:00,0.5884,0.5896,0.587,0.5879,44657.67,1756805399999,26254.291628,376,16849.56,9908.489168,0
1756805400000,2025-09-02 09:30:00,0.588,0.5895,0.5869,0.5892,20902.53,1756806299999,12304.543402,296,12612.09,7427.246559,0
1756806300000,2025-09-02 09:45:00,0.5891,0.5897,0.5878,0.5897,19171.16,1756807199999,11282.669847,213,13716.31,8070.699842,0
1756807200000,2025-09-02 10:00:00,0.5898,0.59,0.5871,0.588,152902.25,1756808099999,89973.363977,621,57578.35,33929.529373,0
1756808100000,2025-09-02 10:15:00,0.5881,0.5883,0.585,0.5861,36174.11,1756808999999,21215.491456,505,15900.31,9320.553147,0
1756809000000,2025-09-02 10:30:00,0.5862,0.5879,0.5857,0.5871,19607.69,1756809899999,11504.345697,340,8468.49,4970.158485,0
1756809900000,2025-09-02 10:45:00,0.5871,0.5882,0.5868,0.5881,10750.78,1756810799999,6315.412665,175,6497.32,3816.913015,0
1756810800000,2025-09-02 11:00:00,0.5882,0.5883,0.5853,0.5854,37349.98,1756811699999,21922.877798,277,15529.79,9110.978672,0
1756811700000,2025-09-02 11:15:00,0.5854,0.5864,0.5848,0.5848,81124.96,1756812599999,47489.557701,268,21419.88,12543.027415,0
1756812600000,2025-09-02 11:30:00,0.5847,0.5857,0.5837,0.5844,50151.02,1756813499999,29302.285912,406,13922.14,8143.214698,0
1756813500000,2025-09-02 11:45:00,0.5844,0.5847,0.582,0.5829,34045.11,1756814399999,19847.436328,304,12464.83,7262.358694,0
1756814400000,2025-09-02 12:00:00,0.5828,0.5837,0.578,0.5784,79017.95,1756815299999,45819.737393,831,41988.4,24337.655633,0
1756815300000,2025-09-02 12:15:00,0.5783,0.5811,0.5777,0.5809,36273.56,1756816199999,21016.445299,498,23713.12,13739.308273,0
1756816200000,2025-09-02 12:30:00,0.5809,0.5817,0.5752,0.5763,89608.65,1756817099999,51784.634081,876,37967.15,21951.886424,0
1756817100000,2025-09-02 12:45:00,0.5762,0.5762,0.5685,0.5692,306126.86,1756817999999,175011.22954,2080,116803.47,66786.640217,0
1756818000000,2025-09-02 13:00:00,0.5692,0.5738,0.5688,0.572,135739.06,1756818899999,77544.108945,1040,68896.11,39394.166421,0
1756818900000,2025-09-02 13:15:00,0.5721,0.5797,0.5721,0.5775,130726.42,1756819799999,75299.076925,999,86894.46,50048.514803,0
1756819800000,2025-09-02 13:30:00,0.5774,0.5864,0.5744,0.5844,431221.49,1756820699999,251032.915363,3360,237674.76,138302.552904,0
1756820700000,2025-09-02 13:45:00,0.5843,0.5905,0.5833,0.5893,223820.42,1756821599999,131605.66794,1951,129954.02,76424.825248,0
1756821600000,2025-09-02 14:00:00,0.5895,0.5926,0.5856,0.5885,131052.51,1756822499999,77232.159914,1633,70924.62,41806.385485,0
1756822500000,2025-09-02 14:15:00,0.5884,0.5927,0.5865,0.5919,89127.57,1756823399999,52594.241223,1213,50113.86,29565.152396,0
1756823400000,2025-09-02 14:30:00,0.592,0.5928,0.5899,0.591,81763.79,1756824299999,48340.650033,876,39115.4,23135.497082,0
1756824300000,2025-09-02 14:45:00,0.5911,0.592,0.5877,0.5893,64081.25,1756825199999,37816.092881,848,40835.75,24101.793665,0
1756825200000,2025-09-02 15:00:00,0.5894,0.59,0.5846,0.5859,37143.7,1756826099999,21788.092202,737,17013.51,9979.970817,0
1756826100000,2025-09-02 15:15:00,0.586,0.5871,0.5829,0.5841,42098.24,1756826999999,24603.993361,682,20277.71,11853.007175,0
1756827000000,2025-09-02 15:30:00,0.584,0.584,0.5777,0.5777,76117.69,1756827899999,44119.738738,713,42613.25,24679.872869,0
1756827900000,2025-09-02 15:45:00,0.5776,0.5794,0.5747,0.5755,110618.21,1756828799999,63755.281173,936,45704.96,26343.976209,0
1756828800000,2025-09-02 16:00:00,0.5756,0.5827,0.5756,0.581,160501.01,1756829699999,93059.131591,1230,91235.87,52893.8898,0
1756829700000,2025-09-02 16:15:00,0.5811,0.5829,0.5786,0.5793,55733.2,1756830599999,32375.50523,636,19364.73,11255.083949,0
1756830600000,2025-09-02 16:30:00,0.5795,0.5866,0.5791,0.5852,307009.34,1756831499999,179192.819129,1603,205365.64,119831.312152,0
1756831500000,2025-09-02 16:45:00,0.5853,0.5875,0.5845,0.5846,48598.14,1756832399999,28465.120835,593,16535.67,9684.079456,0
1756832400000,2025-09-02 17:00:00,0.5847,0.5876,0.5847,0.5856,41996.46,1756833299999,24619.909768,443,19261.43,11288.517905,0
1756833300000,2025-09-02 17:15:00,0.5856,0.5903,0.5856,0.5898,33167.23,1756834199999,19527.654083,528,19269.67,11348.788864,0
1756834200000,2025-09-02 17:30:00,0.5899,0.5916,0.589,0.5902,51577.21,1756835099999,30430.430938,596,33219.75,19597.746865,0
1756835100000,2025-09-02 17:45:00,0.5903,0.591,0.5893,0.5904,57206.7,1756835999999,33745.90709,469,39687.34,23412.175782,0
1756836000000,2025-09-02 18:00:00,0.5905,0.591,0.5886,0.5901,294460.37,1756836899999,173660.948264,1687,173476.03,102303.581063,0
1756836900000,2025-09-02 18:15:00,0.5902,0.5911,0.5893,0.5898,87860.2,1756837799999,51833.200496,794,69819.98,41189.581823,0
1756837800000,2025-09-02 18:30:00,0.59,0.5905,0.5883,0.5904,109833.96,1756838699999,64746.98198,856,84121.83,49590.946841,0
1756838700000,2025-09-02 18:45:00,0.5903,0.5974,0.589,0.5938,201825.16,1756839599999,119534.325164,1489,130786.4,77443.252076,0
1756839600000,2025-09-02 19:00:00,0.5937,0.598,0.5912,0.5912,240925.62,1756840499999,143334.232397,1497,94742.98,56257.927081,0
1756840500000,2025-09-02 19:15:00,0.5911,0.5951,0.5903,0.5943,215085.56,1756841399999,127661.133308,1423,135410.82,80354.587764,0
1756841400000,2025-09-02 19:30:00,0.5942,0.5949,0.5931,0.5945,61540.32,1756842299999,36547.445894,756,41696.44,24762.433868,0
1756842300000,2025-09-02 19:45:00,0.5945,0.5953,0.5932,0.5939,35798.9,1756843199999,21274.233526,554,17165.8,10201.18647,0
1756843200000,2025-09-02 20:00:00,0.5939,0.5974,0.5923,0.5974,66001.28,1756844099999,39271.382433,767,42210.73,25125.955029,0
1756844100000,2025-09-02 20:15:00,0.5975,0.5997,0.597,0.5972,417294.44,1756844999999,249777.632002,1269,217948.4,130487.041815,0
1756845000000,2025-09-02 20:30:00,0.5971,0.5998,0.5953,0.5994,103373.9,1756845899999,61794.221797,647,80406.56,48056.460752,0
1756845900000,2025-09-02 20:45:00,0.5994,0.5997,0.5978,0.599,61785.73,1756846799999,36990.567342,562,23463.44,14052.640522,0
1756846800000,2025-09-02 21:00:00,0.599,0.6009,0.599,0.6001,128979.93,1756847699999,77379.72991,423,89969.77,53984.322938,0
1756847700000,2025-09-02 21:15:00,0.6,0.6,0.5967,0.5979,20691.54,1756848599999,12369.977587,335,4560.19,2726.613277,0
1756848600000,2025-09-02 21:30:00,0.598,0.6009,0.598,0.5997,39385.55,1756849499999,23618.731728,322,22043.42,13214.598675,0
1756849500000,2025-09-02 21:45:00,0.5996,0.6004,0.5992,0.5996,18387.78,1756850399999,11034.099607,120,16493.25,9898.346584,0
1756850400000,2025-09-02 22:00:00,0.5996,0.5997,0.5972,0.5991,89248.56,1756851299999,53435.030588,642,33614.31,20113.225158,0
1756851300000,2025-09-02 22:15:00,0.5992,0.6002,0.5966,0.5986,81330.43,1756852199999,48662.802284,628,53546.89,32034.840311,0
1756852200000,2025-09-02 22:30:00,0.5987,0.6006,0.5984,0.6003,47726.3,1756853099999,28611.227859,482,28626.51,17160.935857,0
1756853100000,2025-09-02 22:45:00,0.6004,0.6008,0.599,0.6005,24271.4,1756853999999,14558.63971,270,12476.49,7482.740604,0
1756854000000,2025-09-02 23:00:00,0.6006,0.6009,0.5993,0.6007,45909.55,1756854899999,27552.006283,254,18637.61,11197.127433,0
1756854900000,2025-09-02 23:15:00,0.6006,0.6007,0.5992,0.6006,118305.81,1756855799999,70965.416782,625,78194.29,46908.062745,0
1756855800000,2025-09-02 23:30:00,0.6007,0.601,0.5996,0.6002,37009.65,1756856699999,22210.973965,299,7210.75,4330.149793,0
1756856700000,2025-09-02 23:45:00,0.6002,0.6012,0.5994,0.6,63253.51,1756857599999,37964.306359,342,41242.03,24751.31789,0
1756857600000,2025-09-03 00:00:00,0.6001,0.6035,0.6001,0.6033,321325.52,1756858499999,193408.319103,1288,178024.72,107153.97466,0
1756858500000,2025-09-03 00:15:00,0.6033,0.6044,0.6011,0.6014,394002.12,1756859399999,237362.238045,1366,104793.14,63088.061535,0
1756859400000,2025-09-03 00:30:00,0.6014,0.6031,0.6008,0.6008,110537.71,1756860299999,66540.478058,622,63429.39,38181.42454,0
1756860300000,2025-09-03 00:45:00,0.6007,0.6055,0.6006,0.6054,677064.4,1756861199999,408547.990886,1501,539193.47,325403.592518,0
1756861200000,2025-09-03 01:00:00,0.6054,0.6062,0.5952,0.5966,746249.08,1756862099999,448658.037303,3116,301177.19,181069.285062,0
1756862100000,2025-09-03 01:15:00,0.5967,0.5987,0.5966,0.598,61443.17,1756862999999,36707.610176,527,47100.0,28135.681583,0
1756863000000,2025-09-03 01:30:00,0.5979,0.5995,0.5925,0.5928,455864.7,1756863899999,271518.818341,2002,149876.15,89307.425761,0
1756863900000,2025-09-03 01:45:00,0.5928,0.5949,0.5918,0.5932,1147052.09,1756864799999,679751.388507,3721,649921.92,385073.378176,0
1756864800000,2025-09-03 02:00:00,0.5933,0.5982,0.5918,0.5952,978433.72,1756865699999,582546.758819,4590,353237.1,210220.807298,0
1756865700000,2025-09-03 02:15:00,0.5952,0.6007,0.5952,0.6003,109114.79,1756866599999,65317.180949,882,41641.11,24930.041959,0
1756866600000,2025-09-03 02:30:00,0.6004,0.6007,0.597,0.5975,31963.13,1756867499999,19134.560596,355,15645.73,9363.797169,0
1756867500000,2025-09-03 02:45:00,0.5975,0.5985,0.5965,0.5973,25974.9,1756868399999,15520.449478,379,11422.47,6826.916985,0
1756868400000,2025-09-03 03:00:00,0.5974,0.5982,0.5942,0.5946,101086.56,1756869299999,60296.4979,661,26182.66,15646.162271,0
1756869300000,2025-09-03 03:15:00,0.5947,0.5965,0.5942,0.5946,47735.17,1756870199999,28426.435973,561,13684.48,8146.727198,0
1756870200000,2025-09-03 03:30:00,0.5947,0.5947,0.5925,0.5933,93969.69,1756871099999,55760.647432,728,15867.86,9417.199818,0
1756871100000,2025-09-03 03:45:00,0.5932,0.5938,0.5926,0.5935,21495.33,1756871999999,12749.749913,304,7814.36,4635.729063,0
1756872000000,2025-09-03 04:00:00,0.5936,0.5944,0.5902,0.5902,73568.22,1756872899999,43627.968669,649,16401.36,9735.976013,0
1756872900000,2025-09-03 04:15:00,0.5901,0.5918,0.59,0.5912,32662.19,1756873799999,19304.07342,603,14843.99,8774.019757,0
1756873800000,2025-09-03 04:30:00,0.5913,0.5918,0.5903,0.5903,60971.58,1756874699999,36030.697248,737,13181.59,7792.461097,0
1756874700000,2025-09-03 04:45:00,0.5902,0.5906,0.589,0.5905,129738.58,1756875599999,76535.396621,2026,40341.49,23803.92823,0
1756875600000,2025-09-03 05:00:00,0.5906,0.5916,0.5885,0.589,97673.52,1756876499999,57664.130639,652,19829.6,11699.763098,0
1756876500000,2025-09-03 05:15:00,0.5891,0.5892,0.588,0.5891,58552.31,1756877399999,34473.547252,1395,23857.18,14046.415384,0
1756877400000,2025-09-03 05:30:00,0.5891,0.5891,0.5871,0.5875,59610.8,1756878299999,35043.143106,444,14224.43,8362.811282,0
1756878300000,2025-09-03 05:45:00,0.5874,0.5885,0.5869,0.5882,109898.6,1756879199999,64589.335762,1533,54281.73,31895.246089,0
1756879200000,2025-09-03 06:00:00,0.5883,0.5891,0.5856,0.5881,135187.47,1756880099999,79468.984258,1049,45705.87,26866.690519,0
1756880100000,2025-09-03 06:15:00,0.5881,0.5895,0.5874,0.5895,98700.06,1756880999999,58082.616321,809,49546.66,29177.49514,0
1756881000000,2025-09-03 06:30:00,0.5894,0.5905,0.5876,0.5882,106560.22,1756881899999,62850.447478,540,60896.27,35932.340953,0
1756881900000,2025-09-03 06:45:00,0.5881,0.5893,0.5866,0.5872,34337.51,1756882799999,20182.484679,276,7814.56,4598.635562,0
1756882800000,2025-09-03 07:00:00,0.5872,0.5882,0.5851,0.5855,32874.95,1756883699999,19287.309895,470,8357.64,4903.955745,0
1756883700000,2025-09-03 07:15:00,0.5854,0.5854,0.5831,0.5837,82232.37,1756884599999,48027.858903,843,13907.64,8122.458495,0
1756884600000,2025-09-03 07:30:00,0.5838,0.5853,0.5832,0.5843,37219.52,1756885499999,21731.414165,458,20307.44,11854.17092,0
1756885500000,2025-09-03 07:45:00,0.5844,0.5853,0.5835,0.5852,36169.67,1756886399999,21137.488627,375,21868.71,12775.100141,0
1756886400000,2025-09-03 08:00:00,0.5851,0.5886,0.5846,0.5884,71732.69,1756887299999,42101.081638,644,38663.67,22683.909592,0
1756887300000,2025-09-03 08:15:00,0.5883,0.5913,0.5881,0.5894,90361.93,1756888199999,53329.185776,655,62067.24,36636.027421,0
1756888200000,2025-09-03 08:30:00,0.5895,0.5901,0.5885,0.5894,49366.37,1756889099999,29092.722803,443,38192.75,22510.868179,0
1756889100000,2025-09-03 08:45:00,0.5893,0.59,0.5878,0.5881,35230.74,1756889999999,20745.819766,313,12485.61,7356.77584,0
1756890000000,2025-09-03 09:00:00,0.5882,0.5887,0.584,0.584,25401.84,1756890899999,14903.339004,432,9288.96,5455.641239,0
1756890900000,2025-09-03 09:15:00,0.584,0.5872,0.584,0.5869,36637.92,1756891799999,21470.072648,480,18260.33,10699.825848,0
1756891800000,2025-09-03 09:30:00,0.5869,0.5895,0.5867,0.5892,35287.72,1756892699999,20759.921282,436,17788.83,10464.501152,0
1756892700000,2025-09-03 09:45:00,0.5892,0.5942,0.5889,0.5942,70847.76,1756893599999,41924.137513,788,37715.42,22318.309673,0
1756893600000,2025-09-03 10:00:00,0.5941,0.5944,0.591,0.5921,63821.84,1756894499999,37824.165176,660,20912.27,12399.446229,0
1756894500000,2025-09-03 10:15:00,0.5922,0.5944,0.5922,0.5942,186623.95,1756895399999,110715.747748,918,117770.25,69849.128839,0
1756895400000,2025-09-03 10:30:00,0.5943,0.5957,0.5923,0.5926,38293.65,1756896299999,22758.076039,451,21489.18,12777.088159,0
1756896300000,2025-09-03 10:45:00,0.5925,0.5925,0.5908,0.5918,36091.93,1756897199999,21352.027285,408,18373.11,10869.396519,0
1756897200000,2025-09-03 11:00:00,0.5918,0.5938,0.5913,0.5938,28461.2,1756898099999,16867.519709,263,21064.46,12483.714924,0
1756898100000,2025-09-03 11:15:00,0.5939,0.5943,0.5923,0.5937,28741.33,1756898999999,17058.061786,403,12840.97,7622.474834,0
1756899000000,2025-09-03 11:30:00,0.5937,0.5944,0.5926,0.5937,21704.1,1756899899999,12881.049961,305,8687.5,5156.168703,0
1756899900000,2025-09-03 11:45:00,0.5936,0.5936,0.5909,0.5909,35362.93,1756900799999,20934.351147,353,11848.71,7016.255353,0
1756900800000,2025-09-03 12:00:00,0.5909,0.5926,0.5909,0.5919,22275.29,1756901699999,13181.920023,219,13216.17,7820.522745,0
1756901700000,2025-09-03 12:15:00,0.592,0.5944,0.592,0.5929,31998.14,1756902599999,18984.284418,321,9327.17,5532.397566,0
1756902600000,2025-09-03 12:30:00,0.5929,0.5943,0.5896,0.5896,75909.46,1756903499999,44939.302803,612,28687.37,17007.25216,0
1756903500000,2025-09-03 12:45:00,0.5895,0.5902,0.5879,0.5895,60087.64,1756904399999,35385.656157,511,20727.22,12219.551631,0
1756904400000,2025-09-03 13:00:00,0.5897,0.5925,0.5893,0.5925,48019.57,1756905299999,28403.604803,533,35393.14,20939.211593,0
1756905300000,2025-09-03 13:15:00,0.5925,0.5947,0.592,0.593,30598.74,1756906199999,18149.723548,455,15104.33,8957.660662,0
1756906200000,2025-09-03 13:30:00,0.593,0.5977,0.5919,0.597,125559.2,1756907099999,74638.942673,1062,73874.02,43911.77176,0
1756907100000,2025-09-03 13:45:00,0.5969,0.5999,0.5953,0.5954,106746.82,1756907999999,63825.228746,1158,59422.79,35524.374275,0
1756908000000,2025-09-03 14:00:00,0.5955,0.5985,0.5933,0.5935,114968.33,1756908899999,68564.553809,1278,69546.19,41487.550114,0
1756908900000,2025-09-03 14:15:00,0.5935,0.5966,0.5932,0.5962,62399.07,1756909799999,37141.65266,776,39722.41,23652.561729,0
1756909800000,2025-09-03 14:30:00,0.5963,0.6017,0.5963,0.6011,68912.7,1756910699999,41302.197537,904,47790.1,28643.352311,0
1756910700000,2025-09-03 14:45:00,0.6012,0.6019,0.6001,0.6013,56723.88,1756911599999,34090.657364,605,23731.43,14267.387394,0
1756911600000,2025-09-03 15:00:00,0.6014,0.6021,0.5998,0.6002,55412.53,1756912499999,33300.422302,734,29187.98,17543.842378,0
1756912500000,2025-09-03 15:15:00,0.6002,0.6017,0.5981,0.5985,89180.15,1756913399999,53568.593993,457,55197.23,33169.796807,0
1756913400000,2025-09-03 15:30:00,0.5986,0.6011,0.5984,0.6008,33446.89,1756914299999,20075.36151,443,24201.48,14524.761776,0
1756914300000,2025-09-03 15:45:00,0.6008,0.6021,0.5993,0.6012,18208.4,1756915199999,10938.202338,303,8135.01,4887.364072,0
1756915200000,2025-09-03 16:00:00,0.6013,0.6026,0.6001,0.6022,66416.05,1756916099999,39973.568954,519,39636.52,23863.373302,0
1756916100000,2025-09-03 16:15:00,0.6021,0.6025,0.6003,0.6009,42861.56,1756916999999,25763.980415,288,5482.57,3297.368138,0
1756917000000,2025-09-03 16:30:00,0.601,0.601,0.5976,0.5979,24613.34,1756917899999,14749.883342,287,9930.59,5946.921401,0
1756917900000,2025-09-03 16:45:00,0.5979,0.5989,0.5976,0.5981,16034.96,1756918799999,9591.868234,201,3984.67,2383.170134,0
1756918800000,2025-09-03 17:00:00,0.5981,0.6019,0.598,0.6013,40416.32,1756919699999,24268.724525,404,32704.15,19638.515003,0
1756919700000,2025-09-03 17:15:00,0.6012,0.6021,0.5999,0.6004,69985.91,1756920599999,42024.133827,392,55225.59,33157.326005,0
1756920600000,2025-09-03 17:30:00,0.6004,0.6015,0.5987,0.5987,42701.14,1756921499999,25635.167001,440,18076.27,10855.652615,0
1756921500000,2025-09-03 17:45:00,0.5988,0.5999,0.598,0.5988,99851.33,1756922399999,59772.114979,543,75427.48,45149.843264,0
1756922400000,2025-09-03 18:00:00,0.5989,0.5996,0.5984,0.5988,28506.93,1756923299999,17075.848425,281,16511.98,9891.909969,0
1756923300000,2025-09-03 18:15:00,0.5987,0.5991,0.5976,0.5991,15892.59,1756924199999,9507.249156,232,7337.87,4390.287637,0
1756924200000,2025-09-03 18:30:00,0.599,0.5996,0.5971,0.5985,27208.01,1756925099999,16275.089374,363,15926.15,9528.184308,0
1756925100000,2025-09-03 18:45:00,0.5985,0.5996,0.5981,0.5994,23482.67,1756925999999,14064.145925,332,14699.94,8805.495645,0
1756926000000,2025-09-03 19:00:00,0.5993,0.6,0.598,0.5982,11951.33,1756926899999,7158.847445,211,6938.93,4157.493362,0
1756926900000,2025-09-03 19:15:00,0.5981,0.6001,0.5976,0.5996,11372.06,1756927799999,6811.786115,264,6509.06,3898.760888,0
1756927800000,2025-09-03 19:30:00,0.5995,0.6004,0.599,0.5997,8725.31,1756928699999,5233.728077,176,5378.02,3226.210452,0
1756928700000,2025-09-03 19:45:00,0.5996,0.6016,0.5993,0.6014,29348.59,1756929599999,17633.34199,365,15529.31,9331.77351,0
1756929600000,2025-09-03 20:00:00,0.6015,0.6028,0.6015,0.6025,34771.47,1756930499999,20941.442014,332,21875.42,13172.886339,0
1756930500000,2025-09-03 20:15:00,0.6025,0.6025,0.6002,0.6004,13992.0,1756931399999,8407.500864,188,6626.55,3982.127899,0
1756931400000,2025-09-03 20:30:00,0.6005,0.6027,0.6005,0.6021,20929.51,1756932299999,12604.762398,189,11109.61,6690.320923,0
1756932300000,2025-09-03 20:45:00,0.6022,0.6027,0.6012,0.6016,5972.54,1756933199999,3593.543742,149,1636.09,984.965288,0
1756933200000,2025-09-03 21:00:00,0.6017,0.6021,0.6004,0.6011,18336.68,1756934099999,11025.458306,185,14862.0,8936.869411,0
1756934100000,2025-09-03 21:15:00,0.6012,0.6025,0.6008,0.6013,21437.03,1756934999999,12898.408196,218,12933.88,7784.476491,0
1756935000000,2025-09-03 21:30:00,0.6013,0.6014,0.5989,0.6,19159.33,1756935899999,11497.743244,251,11938.38,7163.324821,0
1756935900000,2025-09-03 21:45:00,0.6,0.6012,0.5994,0.6012,7761.01,1756936799999,4657.909371,147,4423.05,2655.909735,0
1756936800000,2025-09-03 22:00:00,0.6013,0.6038,0.6013,0.6018,19110.53,1756937699999,11518.527303,394,12474.98,7521.223494,0
1756937700000,2025-09-03 22:15:00,0.6018,0.6021,0.6,0.6005,48692.06,1756938599999,29232.442852,255,24747.3,14853.143907,0
1756938600000,2025-09-03 22:30:00,0.6004,0.6005,0.5988,0.5995,53277.14,1756939499999,31933.184176,349,8318.54,4988.070019,0
1756939500000,2025-09-03 22:45:00,0.5995,0.5996,0.5988,0.5994,10079.17,1756940399999,6039.82797,142,2876.57,1723.949849,0
1756940400000,2025-09-03 23:00:00,0.5994,0.6,0.5984,0.5986,13496.59,1756941299999,8086.812942,178,3762.49,2255.708276,0
1756941300000,2025-09-03 23:15:00,0.5984,0.5987,0.5978,0.5983,11497.16,1756942199999,6878.635567,206,7248.83,4337.364781,0
1756942200000,2025-09-03 23:30:00,0.5982,0.5982,0.5972,0.5972,7860.88,1756943099999,4698.444551,125,1601.66,956.596706,0
1756943100000,2025-09-03 23:45:00,0.5973,0.5985,0.5973,0.5981,30956.18,1756943999999,18512.767739,238,26112.78,15617.795637,0
1756944000000,2025-09-04 00:00:00,0.5982,0.5996,0.598,0.599,27152.8,1756944899999,16258.08966,311,17473.26,10463.19849,0
1756944900000,2025-09-04 00:15:00,0.5989,0.601,0.5982,0.6006,17209.33,1756945799999,10324.230026,320,10946.96,6567.678923,0
1756945800000,2025-09-04 00:30:00,0.6006,0.6017,0.5994,0.5994,15836.61,1756946699999,9517.506129,268,11501.77,6913.66727,0
1756946700000,2025-09-04 00:45:00,0.5995,0.6016,0.5994,0.6012,6726.73,1756947599999,4041.126422,159,2368.66,1423.093444,0
1756947600000,2025-09-04 01:00:00,0.6013,0.6014,0.5982,0.599,21580.85,1756948499999,12939.049537,270,7627.68,4573.880773,0
1756948500000,2025-09-04 01:15:00,0.5989,0.5991,0.5975,0.5984,14259.78,1756949399999,8531.61031,236,6343.53,3795.520439,0
1756949400000,2025-09-04 01:30:00,0.5983,0.5996,0.5975,0.5985,51715.11,1756950299999,30961.496947,431,29842.78,17878.384597,0
1756950300000,2025-09-04 01:45:00,0.5985,0.5995,0.5982,0.5995,11497.01,1756951199999,6878.958334,124,975.13,583.795348,0
1756951200000,2025-09-04 02:00:00,0.5995,0.5995,0.5979,0.5979,26627.29,1756952099999,15948.228731,237,14207.01,8508.220855,0
1756952100000,2025-09-04 02:15:00,0.5978,0.5982,0.596,0.596,45946.98,1756952999999,27413.863272,264,23239.27,13862.173157,0
1756953000000,2025-09-04 02:30:00,0.5959,0.5966,0.5946,0.5951,73313.37,1756953899999,43681.025043,473,45155.52,26907.019749,0
1756953900000,2025-09-04 02:45:00,0.5952,0.5954,0.5936,0.5936,12440.17,1756954799999,7395.044597,169,2556.01,1519.609867,0
1756954800000,2025-09-04 03:00:00,0.5935,0.5937,0.5917,0.5923,56645.87,1756955699999,33561.178295,435,34420.99,20392.065321,0
1756955700000,2025-09-04 03:15:00,0.5923,0.5945,0.5917,0.5923,26925.44,1756956599999,15989.588801,320,9316.54,5530.550033,0
1756956600000,2025-09-04 03:30:00,0.5923,0.5928,0.5904,0.591,24885.55,1756957499999,14723.854407,315,10622.34,6286.922085,0
1756957500000,2025-09-04 03:45:00,0.591,0.591,0.5891,0.5893,17755.37,1756958399999,10484.334199,156,3333.63,1966.320853,0
1756958400000,2025-09-04 04:00:00,0.5893,0.5909,0.5882,0.5895,32088.86,1756959299999,18924.548078,356,22081.25,13024.154507,0
1756959300000,2025-09-04 04:15:00,0.5894,0.591,0.5892,0.5902,28124.91,1756960199999,16601.661764,372,18160.48,10720.398547,0
1756960200000,2025-09-04 04:30:00,0.5902,0.5928,0.5899,0.5915,28835.85,1756961099999,17063.431512,288,19938.43,11801.038441,0
1756961100000,2025-09-04 04:45:00,0.5915,0.5932,0.591,0.591,37853.75,1756961999999,22405.410862,367,10816.84,6404.68684,0
1756962000000,2025-09-04 05:00:00,0.5909,0.5909,0.5842,0.5851,58067.75,1756962899999,34070.730574,688,18821.1,11047.930076,0
1756962900000,2025-09-04 05:15:00,0.585,0.5868,0.5825,0.5834,74636.13,1756963799999,43599.070941,716,42118.85,24606.505552,0
1756963800000,2025-09-04 05:30:00,0.5835,0.5845,0.5814,0.5815,54940.69,1756964699999,32035.754122,601,19294.98,11260.87608,0
1756964700000,2025-09-04 05:45:00,0.5815,0.5839,0.5815,0.5839,22761.83,1756965599999,13263.653465,374,15173.29,8841.832741,0
1756965600000,2025-09-04 06:00:00,0.5838,0.5841,0.5823,0.5834,42919.79,1756966499999,25041.285071,372,24133.59,14080.765446,0
1756966500000,2025-09-04 06:15:00,0.5833,0.5845,0.5825,0.5838,122369.79,1756967399999,71339.125422,689,76571.38,44646.0771,0
1756967400000,2025-09-04 06:30:00,0.5837,0.5918,0.5831,0.5861,1259726.97,1756968299999,741345.537088,3997,977436.86,575311.067671,0
1756968300000,2025-09-04 06:45:00,0.586,0.5881,0.5852,0.5874,64164.87,1756969199999,37628.243406,458,22932.16,13452.372931,0
1756969200000,2025-09-04 07:00:00,0.5873,0.5902,0.5873,0.5879,57541.07,1756970099999,33870.059225,545,36776.84,21643.218212,0
1756970100000,2025-09-04 07:15:00,0.5878,0.589,0.5864,0.5869,63830.5,1756970999999,37509.384955,431,24870.8,14621.616602,0
1756971000000,2025-09-04 07:30:00,0.5868,0.5886,0.5866,0.5879,24195.79,1756971899999,14220.020921,335,18937.33,11130.719176,0
1756971900000,2025-09-04 07:45:00,0.5878,0.5891,0.5875,0.5883,17720.74,1756972799999,10425.100064,284,13765.54,8098.1182,0
1756972800000,2025-09-04 08:00:00,0.5883,0.5918,0.5874,0.5903,30734.61,1756973699999,18135.341627,466,21364.02,12605.354328,0
1756973700000,2025-09-04 08:15:00,0.5904,0.5911,0.5875,0.5887,67179.09,1756974599999,39559.117384,647,43005.63,25327.815412,0
1756974600000,2025-09-04 08:30:00,0.5887,0.5896,0.5858,0.5858,162358.95,1756975499999,95304.50672,537,74230.93,43571.167843,0
1756975500000,2025-09-04 08:45:00,0.5857,0.5858,0.5837,0.5837,56240.9,1756976399999,32909.105856,292,21896.45,12812.131816,0
1756976400000,2025-09-04 09:00:00,0.5839,0.5866,0.5839,0.5856,29008.49,1756977299999,16976.985015,324,24462.49,14313.179569,0
1756977300000,2025-09-04 09:15:00,0.5857,0.586,0.584,0.584,24930.71,1756978199999,14581.333547,208,7853.63,4594.747159,0
1756978200000,2025-09-04 09:30:00,0.584,0.5851,0.5834,0.585,16258.71,1756979099999,9501.815291,180,8161.0,4770.912379,0
1756979100000,2025-09-04 09:45:00,0.585,0.5854,0.5838,0.5851,13168.96,1756979999999,7700.036595,211,4462.74,2609.155744,0
1756980000000,2025-09-04 10:00:00,0.5852,0.5877,0.5846,0.5872,30421.73,1756980899999,17830.489604,356,16683.34,9786.8514,0
1756980900000,2025-09-04 10:15:00,0.5872,0.5872,0.5856,0.5859,26354.77,1756981799999,15453.577081,270,9667.92,5668.651089,0
1756981800000,2025-09-04 10:30:00,0.5858,0.5877,0.5858,0.5866,25161.7,1756982699999,14776.430567,269,12947.3,7603.561867,0
1756982700000,2025-09-04 10:45:00,0.5865,0.5874,0.5851,0.5851,18238.78,1756983599999,10689.753231,222,4744.65,2783.840598,0
1756983600000,2025-09-04 11:00:00,0.585,0.5886,0.5841,0.5883,80185.46,1756984499999,47092.384009,510,65763.55,38627.123814,0
1756984500000,2025-09-04 11:15:00,0.5883,0.5889,0.5866,0.5866,14408.38,1756985399999,8468.768967,220,10148.47,5966.461581,0
1756985400000,2025-09-04 11:30:00,0.5866,0.5868,0.5851,0.5858,19185.68,1756986299999,11242.940858,263,9084.65,5323.410126,0
1756986300000,2025-09-04 11:45:00,0.5858,0.5858,0.5838,0.5838,26658.12,1756987199999,15595.207513,246,7732.91,4526.632569,0
1756987200000,2025-09-04 12:00:00,0.5837,0.5857,0.5829,0.5854,27179.95,1756988099999,15871.66677,310,12701.29,7425.782894,0
1756988100000,2025-09-04 12:15:00,0.5853,0.5866,0.5842,0.5854,33772.28,1756988999999,19766.045429,386,20572.69,12039.421009,0
1756989000000,2025-09-04 12:30:00,0.5856,0.5867,0.5814,0.5827,252884.08,1756989899999,147368.661663,631,43229.42,25218.196594,0
1756989900000,2025-09-04 12:45:00,0.5826,0.5874,0.5823,0.5865,29230.41,1756990799999,17100.131371,410,22803.15,13338.249876,0
1756990800000,2025-09-04 13:00:00,0.5865,0.5867,0.5845,0.5845,45813.51,1756991699999,26827.000005,452,26134.04,15303.87118,0
1756991700000,2025-09-04 13:15:00,0.5845,0.5852,0.5837,0.5838,34770.71,1756992599999,20320.248491,359,12255.72,7162.963144,0
1756992600000,2025-09-04 13:30:00,0.5838,0.5859,0.5816,0.5823,94345.66,1756993499999,55064.059525,875,49130.17,28680.554359,0
1756993500000,2025-09-04 13:45:00,0.5822,0.5822,0.5787,0.5809,103293.07,1756994399999,59951.534988,971,44473.78,25807.937424,0
1756994400000,2025-09-04 14:00:00,0.5808,0.5817,0.5743,0.5761,149060.05,1756995299999,86094.396912,1489,60241.84,34776.680163,0
1756995300000,2025-09-04 14:15:00,0.5761,0.5799,0.5743,0.5792,135521.78,1756996199999,78190.349112,1053,66801.82,38539.035992,0
1756996200000,2025-09-04 14:30:00,0.5792,0.5818,0.5781,0.5794,130458.08,1756997099999,75642.316664,1059,60759.34,35256.237487,0
1756997100000,2025-09-04 14:45:00,0.5793,0.58,0.5778,0.5782,36924.77,1756997999999,21378.635147,490,18244.81,10568.539942,0
1756998000000,2025-09-04 15:00:00,0.5782,0.5787,0.5739,0.574,87973.82,1756998899999,50710.727945,820,37370.35,21533.456206,0
1756998900000,2025-09-04 15:15:00,0.5739,0.5754,0.573,0.5741,112888.28,1756999799999,64842.099632,863,44091.59,25331.228036,0
1756999800000,2025-09-04 15:30:00,0.5743,0.5748,0.5725,0.5734,61659.18,1757000699999,35364.361519,641,26040.47,14934.724407,0
1757000700000,2025-09-04 15:45:00,0.5734,0.5751,0.573,0.5739,39938.25,1757001599999,22920.47122,387,15116.19,8681.721863,0
1757001600000,2025-09-04 16:00:00,0.5738,0.5755,0.5731,0.574,76014.67,1757002499999,43655.247432,555,31565.03,18115.596866,0
1757002500000,2025-09-04 16:15:00,0.574,0.5741,0.5719,0.5719,50980.93,1757003399999,29222.407482,560,18044.29,10344.58236,0
1757003400000,2025-09-04 16:30:00,0.572,0.574,0.5714,0.5737,61794.06,1757004299999,35361.77317,674,41224.27,23591.695725,0
1757004300000,2025-09-04 16:45:00,0.5738,0.5748,0.5731,0.5738,41749.83,1757005199999,23956.935059,374,15847.19,9097.938806,0
1757005200000,2025-09-04 17:00:00,0.5739,0.5756,0.5739,0.574,29062.49,1757006099999,16702.813898,331,16350.99,9395.697553,0
1757006100000,2025-09-04 17:15:00,0.5742,0.5769,0.5742,0.5759,58049.83,1757006999999,33443.30732,505,39814.42,22935.482946,0
1757007000000,2025-09-04 17:30:00,0.5759,0.5759,0.5724,0.5724,42249.76,1757007899999,24278.559862,493,17730.5,10191.546947,0
1757007900000,2025-09-04 17:45:00,0.5725,0.5739,0.5723,0.5727,32128.7,1757008799999,18408.79505,425,14790.26,8474.311139,0
1757008800000,2025-09-04 18:00:00,0.5728,0.574,0.5719,0.5721,38359.7,1757009699999,21970.24616,453,18814.27,10776.360215,0
1757009700000,2025-09-04 18:15:00,0.5722,0.5731,0.5684,0.5684,92291.78,1757010599999,52645.581509,753,20969.18,11971.63425,0
1757010600000,2025-09-04 18:30:00,0.5684,0.57,0.5661,0.569,138152.43,1757011499999,78392.514135,1093,59588.95,33817.135937,0
1757011500000,2025-09-04 18:45:00,0.5689,0.5699,0.5674,0.5675,29096.45,1757012399999,16542.972577,435,19827.0,11275.564764,0
1757012400000,2025-09-04 19:00:00,0.5675,0.5705,0.567,0.57,27053.96,1757013299999,15381.369622,342,14944.89,8502.330885,0
1757013300000,2025-09-04 19:15:00,0.57,0.5701,0.5689,0.569,22408.44,1757014199999,12758.885021,282,9054.51,5155.495496,0
1757014200000,2025-09-04 19:30:00,0.5691,0.5691,0.5654,0.5658,93773.75,1757015099999,53125.089868,497,32969.0,18685.086412,0
1757015100000,2025-09-04 19:45:00,0.5657,0.5673,0.5651,0.5658,41844.23,1757015999999,23707.72361,394,26013.73,14739.161508,0
1757016000000,2025-09-04 20:00:00,0.5658,0.5711,0.5654,0.5704,60101.28,1757016899999,34161.181005,722,38205.32,21705.30646,0
1757016900000,2025-09-04 20:15:00,0.5703,0.5714,0.5691,0.5713,52444.67,1757017799999,29883.625486,529,28789.87,16410.00466,0
1757017800000,2025-09-04 20:30:00,0.5712,0.5717,0.5693,0.5693,22796.88,1757018699999,13008.251367,336,6712.84,3833.39193,0
1757018700000,2025-09-04 20:45:00,0.5692,0.5695,0.5684,0.5685,19710.76,1757019599999,11212.669025,217,4412.28,2511.078038,0
1757019600000,2025-09-04 21:00:00,0.5684,0.5704,0.568,0.5703,15180.37,1757020499999,8647.433018,219,9203.57,5241.402613,0
1757020500000,2025-09-04 21:15:00,0.5703,0.571,0.5691,0.5697,37824.01,1757021399999,21570.846723,252,15549.78,8871.432619,0
1757021400000,2025-09-04 21:30:00,0.5695,0.5728,0.5695,0.5723,21688.86,1757022299999,12390.874133,206,20902.74,11941.810505,0
1757022300000,2025-09-04 21:45:00,0.5722,0.5733,0.5714,0.5732,14947.93,1757023199999,8557.546787,172,13435.63,7693.07557,0
1757023200000,2025-09-04 22:00:00,0.573,0.5734,0.5721,0.5732,10973.97,1757024099999,6284.495943,253,6836.16,3914.478262,0
1757024100000,2025-09-04 22:15:00,0.5733,0.574,0.5722,0.5739,28801.58,1757024999999,16499.448535,197,14101.16,8080.211004,0
1757025000000,2025-09-04 22:30:00,0.5737,0.5742,0.5721,0.5721,16816.73,1757025899999,9634.327086,201,4195.41,2404.554251,0
1757025900000,2025-09-04 22:45:00,0.5722,0.577,0.5715,0.5756,61204.43,1757026799999,35179.178606,475,42997.59,24693.259458,0
1757026800000,2025-09-04 23:00:00,0.5756,0.5772,0.5734,0.5742,41207.01,1757027699999,23707.420865,605,18772.81,10796.757468,0
1757027700000,2025-09-04 23:15:00,0.5742,0.5742,0.5729,0.573,20103.89,1757028599999,11528.937588,208,7235.97,4149.983837,0
1757028600000,2025-09-04 23:30:00,0.5729,0.5729,0.57,0.5704,66913.05,1757029499999,38211.986764,686,31375.81,17914.91418,0
1757029500000,2025-09-04 23:45:00,0.5704,0.5705,0.5671,0.5673,55756.57,1757030399999,31690.340052,641,22736.95,12922.511287,0
1757030400000,2025-09-05 00:00:00,0.5674,0.5718,0.5672,0.5714,110825.69,1757031299999,63159.121018,822,59825.92,34105.20294,0
1757031300000,2025-09-05 00:15:00,0.5714,0.573,0.5702,0.5704,55395.27,1757032199999,31662.762527,541,20614.53,11782.292794,0
1757032200000,2025-09-05 00:30:00,0.5705,0.5733,0.5702,0.5712,59622.69,1757033099999,34109.265407,551,37003.62,21172.983104,0
1757033100000,2025-09-05 00:45:00,0.5711,0.5719,0.5695,0.5698,14170.59,1757033999999,8085.060983,304,6827.96,3896.48039,0
1757034000000,2025-09-05 01:00:00,0.5697,0.5723,0.5694,0.5702,24612.75,1757034899999,14047.419545,362,10586.1,6042.464973,0
1757034900000,2025-09-05 01:15:00,0.5702,0.5719,0.5693,0.5719,30250.26,1757035799999,17260.349806,282,15498.0,8849.991527,0
1757035800000,2025-09-05 01:30:00,0.572,0.5749,0.5718,0.5748,61371.68,1757036699999,35192.130788,487,33301.51,19100.215541,0
1757036700000,2025-09-05 01:45:00,0.5749,0.5753,0.5728,0.5732,28882.92,1757037599999,16581.062749,319,9950.75,5712.130746,0
1757037600000,2025-09-05 02:00:00,0.5733,0.5757,0.573,0.5751,32122.96,1757038499999,18452.308554,384,21559.45,12385.829408,0
1757038500000,2025-09-05 02:15:00,0.575,0.5763,0.5724,0.5745,41803.78,1757039399999,23987.818816,475,22452.23,12880.378237,0
1757039400000,2025-09-05 02:30:00,0.5745,0.5762,0.5737,0.5741,34798.28,1757040299999,19998.924577,421,13418.09,7711.862941,0
1757040300000,2025-09-05 02:45:00,0.574,0.5764,0.5737,0.5763,27206.0,1757041199999,15636.206951,297,19652.06,11296.008752,0
1757041200000,2025-09-05 03:00:00,0.5762,0.5764,0.5744,0.5745,39353.46,1757042099999,22658.564169,373,19803.34,11405.779942,0
1757042100000,2025-09-05 03:15:00,0.5745,0.5749,0.5726,0.5733,21136.97,1757042999999,12126.812187,247,5143.16,2951.207338,0
1757043000000,2025-09-05 03:30:00,0.5732,0.5748,0.573,0.5748,10189.82,1757043899999,5845.893433,194,6918.69,3969.521338,0
1757043900000,2025-09-05 03:45:00,0.5748,0.5767,0.5743,0.5764,98828.74,1757044799999,56948.697527,324,78897.84,45473.125689,0
1757044800000,2025-09-05 04:00:00,0.5764,0.5767,0.5747,0.5747,77540.49,1757045699999,44663.324219,353,38594.15,22232.810371,0
1757045700000,2025-09-05 04:15:00,0.5748,0.5759,0.5745,0.5748,8385.98,1757046599999,4824.626241,130,4553.58,2620.927591,0
1757046600000,2025-09-05 04:30:00,0.5749,0.5759,0.5743,0.5747,16906.43,1757047499999,9723.908477,231,9452.06,5438.485974,0
1757047500000,2025-09-05 04:45:00,0.5746,0.5751,0.5735,0.5742,51910.7,1757048399999,29803.250725,372,14792.56,8498.323443,0
1757048400000,2025-09-05 05:00:00,0.5741,0.5766,0.5736,0.5763,40201.91,1757049299999,23118.999757,270,21814.41,12553.174919,0
1757049300000,2025-09-05 05:15:00,0.5763,0.5772,0.5757,0.5772,113737.64,1757050199999,65578.953336,393,83226.25,47994.339397,0
1757050200000,2025-09-05 05:30:00,0.5772,0.5873,0.5765,0.5806,1386261.19,1757051099999,805754.523329,5291,1044059.1,606970.334752,0
1757051100000,2025-09-05 05:45:00,0.5806,0.586,0.5806,0.5858,266890.4,1757051999999,155798.147792,948,221055.71,129003.591722,0
1757052000000,2025-09-05 06:00:00,0.5858,0.5859,0.5826,0.5832,64279.38,1757052899999,37547.102771,641,33365.1,19490.084658,0
1757052900000,2025-09-05 06:15:00,0.5833,0.5844,0.5828,0.5832,34767.7,1757053799999,20284.377912,523,18734.11,10930.449739,0
1757053800000,2025-09-05 06:30:00,0.5833,0.5862,0.5833,0.586,32173.05,1757054699999,18823.074009,251,23045.74,13484.047151,0
1757054700000,2025-09-05 06:45:00,0.586,0.5864,0.5842,0.5846,26755.53,1757055599999,15654.158621,316,12963.06,7584.482845,0
1757055600000,2025-09-05 07:00:00,0.5847,0.5891,0.5847,0.5882,81253.16,1757056499999,47720.885353,848,59433.87,34906.306253,0
1757056500000,2025-09-05 07:15:00,0.5883,0.591,0.5883,0.5906,106663.23,1757057399999,62891.199704,552,88752.6,52332.231465,0
1757057400000,2025-09-05 07:30:00,0.5905,0.5938,0.5901,0.5936,169774.69,1757058299999,100540.633578,735,42344.38,25073.742992,0
1757058300000,2025-09-05 07:45:00,0.5937,0.5955,0.5925,0.5951,237188.53,1757059199999,140863.6174,1887,158463.6,94126.158301,0
1757059200000,2025-09-05 08:00:00,0.5951,0.5953,0.5916,0.5919,87539.39,1757060099999,51941.314727,762,20883.38,12390.599497,0
1757060100000,2025-09-05 08:15:00,0.5919,0.5928,0.5901,0.5914,106656.73,1757060999999,63099.633153,583,30633.0,18129.691528,0
1757061000000,2025-09-05 08:30:00,0.5913,0.5919,0.59,0.5917,71925.26,1757061899999,42502.261505,338,10304.85,6093.061149,0
1757061900000,2025-09-05 08:45:00,0.5918,0.5933,0.5918,0.5933,46260.75,1757062799999,27420.683062,382,27127.81,16082.638762,0
1757062800000,2025-09-05 09:00:00,0.593,0.5938,0.5918,0.593,19478.64,1757063699999,11550.622888,303,8280.22,4910.317961,0
1757063700000,2025-09-05 09:15:00,0.593,0.593,0.5897,0.5897,53595.17,1757064599999,31662.86778,412,20316.47,12009.561712,0
1757064600000,2025-09-05 09:30:00,0.5897,0.5926,0.5891,0.5917,30651.83,1757065499999,18098.270314,308,14265.6,8434.278929,0
1757065500000,2025-09-05 09:45:00,0.5916,0.5933,0.5913,0.5932,25035.22,1757066399999,14826.75718,242,10204.95,6045.290446,0
1757066400000,2025-09-05 10:00:00,0.5933,0.5953,0.5933,0.5951,30577.99,1757067299999,18166.902335,298,15500.48,9207.2836,0
1757067300000,2025-09-05 10:15:00,0.595,0.5951,0.5938,0.5942,21116.22,1757068199999,12554.570323,202,6756.42,4017.195129,0
1757068200000,2025-09-05 10:30:00,0.5942,0.5962,0.5934,0.5936,37876.81,1757069099999,22531.480113,340,13546.48,8060.552457,0
1757069100000,2025-09-05 10:45:00,0.5937,0.594,0.5921,0.5922,33068.09,1757069999999,19611.082598,276,5576.39,3308.88335,0
1757070000000,2025-09-05 11:00:00,0.5923,0.5933,0.5906,0.5923,91257.94,1757070899999,54008.928348,669,50715.99,30027.271428,0
1757070900000,2025-09-05 11:15:00,0.5923,0.593,0.591,0.5925,70159.99,1757071799999,41528.486486,494,21757.93,12885.269885,0
1757071800000,2025-09-05 11:30:00,0.5926,0.5947,0.5921,0.5935,32036.13,1757072699999,19014.527644,350,19455.33,11547.309455,0
1757072700000,2025-09-05 11:45:00,0.5935,0.5938,0.5932,0.5933,10231.93,1757073599999,6072.499174,103,3931.29,2333.47241,0
1757073600000,2025-09-05 12:00:00,0.5934,0.5949,0.5932,0.5935,56772.15,1757074499999,33726.298267,350,15777.3,9372.992467,0
1757074500000,2025-09-05 12:15:00,0.5935,0.5987,0.5935,0.5987,67231.97,1757075399999,40065.982923,624,37766.86,22515.459777,0
1757075400000,2025-09-05 12:30:00,0.5987,0.6038,0.5935,0.6007,531381.65,1757076299999,318828.422427,5065,283546.9,170127.137385,0
1757076300000,2025-09-05 12:45:00,0.6006,0.6083,0.6002,0.608,135124.13,1757077199999,81703.480815,1449,66718.84,40368.110725,0
1757077200000,2025-09-05 13:00:00,0.6081,0.6108,0.6068,0.607,131271.29,1757078099999,79957.174347,1384,57219.44,34865.548793,0
1757078100000,2025-09-05 13:15:00,0.6069,0.6099,0.6065,0.6095,38833.05,1757078999999,23608.081748,517,20393.28,12400.890789,0
1757079000000,2025-09-05 13:30:00,0.6093,0.6105,0.6066,0.6081,100528.25,1757079899999,61168.080696,1117,53902.74,32792.164509,0
1757079900000,2025-09-05 13:45:00,0.608,0.6089,0.6053,0.607,103112.62,1757080799999,62629.488334,1064,48771.31,29625.621855,0
1757080800000,2025-09-05 14:00:00,0.607,0.608,0.6041,0.6043,97557.92,1757081699999,59114.200307,1033,42863.61,25983.285086,0
1757081700000,2025-09-05 14:15:00,0.6042,0.6044,0.5922,0.5936,361180.13,1757082599999,215816.512119,3540,171284.64,102388.637515,0
1757082600000,2025-09-05 14:30:00,0.5935,0.5952,0.5875,0.5896,432729.91,1757083499999,255163.070913,2801,242491.97,142926.710674,0
1757083500000,2025-09-05 14:45:00,0.5895,0.5897,0.5861,0.587,125438.37,1757084399999,73729.825319,1260,40749.85,23958.464965,0
1757084400000,2025-09-05 15:00:00,0.5871,0.5898,0.5857,0.5895,91539.91,1757085299999,53824.06331,1054,53973.43,31737.020662,0
1757085300000,2025-09-05 15:15:00,0.5896,0.5939,0.5896,0.5935,62385.23,1757086199999,36948.998543,752,34911.61,20674.138747,0
1757086200000,2025-09-05 15:30:00,0.5935,0.5946,0.5905,0.5943,45586.04,1757087099999,27006.522204,567,25006.22,14819.458902,0
1757087100000,2025-09-05 15:45:00,0.5943,0.5943,0.5909,0.591,63994.36,1757087999999,37916.583348,637,17678.82,10469.397982,0
1757088000000,2025-09-05 16:00:00,0.591,0.5926,0.5895,0.5925,37747.05,1757088899999,22305.791602,419,18984.14,11222.310116,0
1757088900000,2025-09-05 16:15:00,0.5926,0.5929,0.5905,0.5915,91682.63,1757089799999,54266.488573,536,68211.85,40375.231782,0
1757089800000,2025-09-05 16:30:00,0.5916,0.5942,0.5915,0.5938,27354.61,1757090699999,16218.612446,343,19453.96,11535.28461,0
1757090700000,2025-09-05 16:45:00,0.5936,0.5961,0.5927,0.5951,84077.5,1757091599999,50019.074458,454,58947.74,35097.408397,0
1757091600000,2025-09-05 17:00:00,0.595,0.595,0.5916,0.5927,22550.13,1757092499999,13367.18107,353,15170.34,8990.951788,0
1757092500000,2025-09-05 17:15:00,0.5926,0.5928,0.5911,0.5921,37407.25,1757093399999,22155.449693,378,17951.61,10634.751881,0
1757093400000,2025-09-05 17:30:00,0.592,0.5926,0.5898,0.5906,44067.2,1757094299999,26063.554373,486,15763.34,9318.508388,0
1757094300000,2025-09-05 17:45:00,0.5906,0.5921,0.5906,0.5918,23582.17,1757095199999,13947.326646,237,15559.88,9202.065499,0
1757095200000,2025-09-05 18:00:00,0.5919,0.5924,0.5894,0.5896,25699.17,1757096099999,15187.281305,313,7866.54,4647.810388,0
1757096100000,2025-09-05 18:15:00,0.5897,0.5936,0.5897,0.5936,15807.29,1757096999999,9359.240796,304,10028.52,5937.54894,0
1757097000000,2025-09-05 18:30:00,0.5937,0.5969,0.5937,0.5969,23574.96,1757097899999,14046.380504,302,14231.19,8480.21719,0
1757097900000,2025-09-05 18:45:00,0.597,0.5994,0.597,0.5981,32439.51,1757098799999,19397.079643,397,17500.47,10466.819567,0
1757098800000,2025-09-05 19:00:00,0.5982,0.6,0.5973,0.5996,34797.46,1757099699999,20839.11292,319,18036.61,10807.215798,0
1757099700000,2025-09-05 19:15:00,0.5996,0.601,0.5992,0.6,47271.16,1757100599999,28375.534954,468,19474.74,11690.917337,0
1757100600000,2025-09-05 19:30:00,0.6,0.6,0.5971,0.5977,27098.57,1757101499999,16215.309854,361,11054.84,6612.192194,0
1757101500000,2025-09-05 19:45:00,0.5978,0.6002,0.5978,0.6002,15500.73,1757102399999,9280.483383,285,13169.18,7884.453188,0
1757102400000,2025-09-05 20:00:00,0.6003,0.6023,0.5997,0.6012,48996.64,1757103299999,29459.299541,616,22379.27,13459.337735,0
1757103300000,2025-09-05 20:15:00,0.6013,0.6024,0.5994,0.6018,110329.97,1757104199999,66297.467221,727,55714.72,33501.7735,0
1757104200000,2025-09-05 20:30:00,0.6019,0.6064,0.6019,0.6046,73442.43,1757105099999,44390.865257,704,57648.09,34842.017457,0
1757105100000,2025-09-05 20:45:00,0.6046,0.6056,0.6033,0.6053,44313.35,1757105999999,26776.839112,419,17538.91,10604.001407,0
1757106000000,2025-09-05 21:00:00,0.6054,0.6062,0.6028,0.6046,106771.7,1757106899999,64517.987504,735,52964.19,32020.232463,0
1757106900000,2025-09-05 21:15:00,0.6047,0.6047,0.5983,0.6008,167602.17,1757107799999,100882.425854,1156,85338.89,51365.985691,0
1757107800000,2025-09-05 21:30:00,0.6007,0.6023,0.5982,0.6012,36130.05,1757108699999,21675.054154,443,17911.1,10752.803656,0
1757108700000,2025-09-05 21:45:00,0.6011,0.6011,0.5982,0.5992,21944.77,1757109599999,13136.188533,183,10623.23,6356.189477,0
1757109600000,2025-09-05 22:00:00,0.5993,0.6008,0.5987,0.5993,12570.25,1757110499999,7539.591394,281,2815.72,1688.684771,0
1757110500000,2025-09-05 22:15:00,0.5994,0.6005,0.5982,0.599,14735.99,1757111399999,8829.98221,290,3774.8,2263.130151,0
1757111400000,2025-09-05 22:30:00,0.5989,0.6025,0.5989,0.6025,38355.85,1757112299999,23063.262692,256,13868.49,8336.865607,0
1757112300000,2025-09-05 22:45:00,0.6024,0.6044,0.6024,0.6042,28601.51,1757113199999,17260.622589,354,11173.72,6744.230366,0
1757113200000,2025-09-05 23:00:00,0.6041,0.6047,0.6019,0.6024,63081.08,1757114099999,38078.773038,345,32077.93,19350.794928,0
1757114100000,2025-09-05 23:15:00,0.6024,0.6034,0.6024,0.6027,13664.27,1757114999999,8238.549024,163,11078.14,6679.276764,0
1757115000000,2025-09-05 23:30:00,0.6026,0.6027,0.6017,0.6018,10395.11,1757115899999,6260.718049,159,7540.63,4541.997663,0
1757115900000,2025-09-05 23:45:00,0.6017,0.6023,0.6007,0.6012,28172.05,1757116799999,16942.605304,328,7834.94,4713.400566,0
1757116800000,2025-09-06 00:00:00,0.6012,0.6023,0.5997,0.5997,26288.94,1757117699999,15799.61514,285,12559.65,7553.397766,0
1757117700000,2025-09-06 00:15:00,0.5996,0.6029,0.5994,0.6029,43888.21,1757118599999,26370.020044,307,26334.54,15813.941234,0
1757118600000,2025-09-06 00:30:00,0.603,0.604,0.6019,0.6021,47792.28,1757119499999,28814.785012,865,10174.56,6140.173848,0
1757119500000,2025-09-06 00:45:00,0.6022,0.6033,0.5991,0.6005,88943.92,1757120399999,53474.38714,897,21736.67,13063.863897,0
1757120400000,2025-09-06 01:00:00,0.6004,0.6014,0.599,0.6014,55187.81,1757121299999,33136.356617,458,36608.23,21989.738181,0
1757121300000,2025-09-06 01:15:00,0.6013,0.6027,0.6003,0.6006,38786.95,1757122199999,23330.856319,400,25882.5,15573.69932,0
1757122200000,2025-09-06 01:30:00,0.6006,0.6023,0.6005,0.6017,13620.51,1757123099999,8198.006369,167,4982.73,2996.869446,0
1757123100000,2025-09-06 01:45:00,0.6016,0.6026,0.601,0.602,25960.65,1757123999999,15616.116719,261,5941.3,3575.144448,0
1757124000000,2025-09-06 02:00:00,0.6022,0.6035,0.6019,0.6019,15841.15,1757124899999,9550.258813,225,7801.44,4704.084599,0
1757124900000,2025-09-06 02:15:00,0.6018,0.6018,0.6009,0.6013,46941.54,1757125799999,28220.096575,219,11125.38,6689.831219,0
1757125800000,2025-09-06 02:30:00,0.6014,0.6014,0.6,0.6,11837.74,1757126699999,7109.100137,188,3779.37,2269.711038,0
1757126700000,2025-09-06 02:45:00,0.6001,0.604,0.6001,0.604,15415.26,1757127599999,9278.910928,248,13671.1,8227.934558,0
1757127600000,2025-09-06 03:00:00,0.6041,0.607,0.604,0.6069,24357.84,1757128499999,14754.927119,333,11961.08,7246.058697,0
1757128500000,2025-09-06 03:15:00,0.6068,0.6074,0.6057,0.6072,41303.27,1757129399999,25058.309032,279,26785.66,16251.736649,0
1757129400000,2025-09-06 03:30:00,0.6073,0.6075,0.6043,0.6051,35192.23,1757130299999,21319.183398,367,15635.04,9471.438901,0
1757130300000,2025-09-06 03:45:00,0.605,0.6058,0.6042,0.6057,9202.62,1757131199999,5567.291636,158,5408.57,3273.218781,0
1757131200000,2025-09-06 04:00:00,0.6057,0.6057,0.6019,0.602,51391.45,1757132099999,31021.144215,471,14951.55,9022.802985,0
1757132100000,2025-09-06 04:15:00,0.602,0.602,0.6,0.6009,28790.0,1757132999999,17293.263398,295,13933.48,8368.295681,0
1757133000000,2025-09-06 04:30:00,0.601,0.6015,0.5983,0.6009,65188.32,1757133899999,39106.142633,654,36678.85,22011.253938,0
1757133900000,2025-09-06 04:45:00,0.601,0.6033,0.601,0.602,21213.94,1757134799999,12773.811972,242,8559.63,5149.005293,0
1757134800000,2025-09-06 05:00:00,0.6019,0.6019,0.5995,0.5995,14674.4,1757135699999,8809.941159,258,1978.39,1187.891498,0
1757135700000,2025-09-06 05:15:00,0.5995,0.5997,0.5965,0.597,60516.54,1757136599999,36179.385988,575,28176.81,16835.505761,0
1757136600000,2025-09-06 05:30:00,0.5972,0.5984,0.5961,0.5966,26408.4,1757137499999,15765.272766,352,11711.91,6992.631149,0
1757137500000,2025-09-06 05:45:00,0.5966,0.597,0.595,0.5954,43098.12,1757138399999,25670.845199,420,7256.76,4326.800967,0
1757138400000,2025-09-06 06:00:00,0.5954,0.5964,0.5945,0.5958,56693.02,1757139299999,33752.77595,455,19212.08,11448.610276,0
1757139300000,2025-09-06 06:15:00,0.5958,0.5966,0.5937,0.5946,103387.47,1757140199999,61553.969034,982,49778.04,29650.919752,0
1757140200000,2025-09-06 06:30:00,0.5947,0.5975,0.5947,0.5962,12475.85,1757141099999,7435.423614,247,7589.19,4521.244048,0
1757141100000,2025-09-06 06:45:00,0.5963,0.5974,0.596,0.597,6130.39,1757141999999,3659.950254,147,4633.02,2766.113133,0
1757142000000,2025-09-06 07:00:00,0.5969,0.5979,0.5969,0.5979,8712.84,1757142899999,5205.220889,106,3164.18,1890.411663,0
1757142900000,2025-09-06 07:15:00,0.5978,0.5978,0.5952,0.5957,29818.65,1757143799999,17771.634221,270,15623.05,9307.900968,0
1757143800000,2025-09-06 07:30:00,0.5956,0.5964,0.5954,0.5962,5828.4,1757144699999,3472.674697,119,4245.22,2529.340695,0
1757144700000,2025-09-06 07:45:00,0.5961,0.5981,0.596,0.5981,16798.96,1757145599999,10024.066418,194,14913.87,8898.502781,0
1757145600000,2025-09-06 08:00:00,0.5981,0.5986,0.5964,0.5964,19663.73,1757146499999,11758.410589,241,12450.65,7449.249218,0
1757146500000,2025-09-06 08:15:00,0.5964,0.5966,0.5952,0.5956,42525.41,1757147399999,25339.696546,354,17848.24,10636.972403,0
1757147400000,2025-09-06 08:30:00,0.5957,0.597,0.5957,0.5969,8110.48,1757148299999,4839.467009,113,1512.84,902.532831,0
1757148300000,2025-09-06 08:45:00,0.5968,0.597,0.5959,0.5963,15908.98,1757149199999,9487.729546,230,8625.11,5143.261121,0
1757149200000,2025-09-06 09:00:00,0.5962,0.5962,0.5928,0.5929,17383.67,1757150099999,10334.403897,252,5255.65,3123.770416,0
1757150100000,2025-09-06 09:15:00,0.5929,0.5938,0.592,0.592,14503.26,1757150999999,8593.851028,234,6457.4,3826.026985,0
1757151000000,2025-09-06 09:30:00,0.5919,0.5935,0.5912,0.5934,36855.74,1757151899999,21827.439028,275,4940.88,2926.909913,0
1757151900000,2025-09-06 09:45:00,0.5935,0.5937,0.592,0.592,29125.21,1757152799999,17253.867653,193,2815.02,1668.893577,0
1757152800000,2025-09-06 10:00:00,0.5919,0.5919,0.5909,0.5916,4060.39,1757153699999,2400.939772,96,2366.53,1399.211895,0
1757153700000,2025-09-06 10:15:00,0.5917,0.5919,0.5908,0.5912,53215.91,1757154599999,31461.866284,365,8158.02,4823.950781,0
1757154600000,2025-09-06 10:30:00,0.5912,0.5964,0.5911,0.5963,63762.12,1757155499999,37868.852604,693,39992.33,23753.510033,0
1757155500000,2025-09-06 10:45:00,0.5964,0.5972,0.5949,0.5972,26379.66,1757156399999,15716.677039,301,11987.57,7145.067227,0
1757156400000,2025-09-06 11:00:00,0.5971,0.5971,0.5951,0.596,59837.1,1757157299999,35639.986873,418,18975.6,11302.988562,0
1757157300000,2025-09-06 11:15:00,0.5959,0.5959,0.5942,0.5949,8546.44,1757158199999,5081.524898,152,2893.93,1720.565067,0
1757158200000,2025-09-06 11:30:00,0.5949,0.5949,0.5936,0.5937,14154.07,1757159099999,8407.547674,181,9354.18,5555.623688,0
1757159100000,2025-09-06 11:45:00,0.5937,0.5956,0.5931,0.5956,48367.89,1757159999999,28759.256425,335,28777.8,17107.855284,0
1757160000000,2025-09-06 12:00:00,0.5956,0.5976,0.5949,0.5962,21330.63,1757160899999,12721.866434,292,15828.67,9441.532901,0
1757160900000,2025-09-06 12:15:00,0.5963,0.5968,0.5947,0.5947,9517.92,1757161799999,5672.304745,133,2497.6,1489.318894,0
1757161800000,2025-09-06 12:30:00,0.5946,0.5957,0.5935,0.5944,11522.56,1757162699999,6850.623538,222,9446.85,5616.936508,0
1757162700000,2025-09-06 12:45:00,0.5943,0.5944,0.5926,0.5927,11113.42,1757163599999,6599.066587,154,4858.26,2885.394065,0
1757163600000,2025-09-06 13:00:00,0.5926,0.5926,0.5911,0.5915,47900.63,1757164499999,28334.20423,296,17471.74,10334.721632,0
1757164500000,2025-09-06 13:15:00,0.5914,0.593,0.5914,0.5924,31680.76,1757165399999,18765.312792,296,19540.45,11574.301306,0
1757165400000,2025-09-06 13:30:00,0.5924,0.593,0.5914,0.5915,28980.04,1757166299999,17164.538569,260,12132.22,7186.913273,0
1757166300000,2025-09-06 13:45:00,0.5916,0.5937,0.5911,0.5937,28183.41,1757167199999,16703.988142,303,17832.66,10568.919575,0
1757167200000,2025-09-06 14:00:00,0.5936,0.5979,0.5934,0.5979,34047.8,1757168099999,20288.085833,387,29623.03,17650.381248,0
1757168100000,2025-09-06 14:15:00,0.5979,0.5991,0.5969,0.5987,12175.44,1757168999999,7284.568231,310,7941.6,4752.355024,0
1757169000000,2025-09-06 14:30:00,0.5988,0.5996,0.5982,0.5991,16341.13,1757169899999,9783.710952,225,9204.0,5510.339519,0
1757169900000,2025-09-06 14:45:00,0.5989,0.5992,0.5972,0.5974,24847.67,1757170799999,14865.97301,267,4181.27,2500.294868,0
1757170800000,2025-09-06 15:00:00,0.5973,0.5973,0.594,0.5949,66202.68,1757171699999,39422.772893,617,22760.12,13549.880176,0
1757171700000,2025-09-06 15:15:00,0.5949,0.5959,0.5942,0.5958,38997.12,1757172599999,23209.23895,424,18675.58,11117.772521,0
1757172600000,2025-09-06 15:30:00,0.5957,0.5957,0.5927,0.5928,97354.47,1757173499999,57900.631683,533,24062.03,14311.190811,0
1757173500000,2025-09-06 15:45:00,0.5927,0.5927,0.5892,0.5897,69089.36,1757174399999,40784.977666,638,32809.03,19361.085525,0
1757174400000,2025-09-06 16:00:00,0.5897,0.5926,0.5895,0.5913,88471.46,1757175299999,52268.204854,698,45578.63,26936.76488,0
1757175300000,2025-09-06 16:15:00,0.5913,0.592,0.5881,0.5912,110785.56,1757176199999,65341.573928,854,29587.96,17450.77612,0
1757176200000,2025-09-06 16:30:00,0.5911,0.5927,0.5899,0.592,56443.59,1757177099999,33369.375685,607,30002.07,17749.895279,0
1757177100000,2025-09-06 16:45:00,0.592,0.5973,0.592,0.5952,120314.56,1757177999999,71491.442922,854,67631.06,40199.886423,0
1757178000000,2025-09-06 17:00:00,0.5952,0.5965,0.5938,0.5938,55560.28,1757178899999,33062.515598,645,28602.13,17023.333189,0
1757178900000,2025-09-06 17:15:00,0.5938,0.5951,0.5933,0.5936,57210.0,1757179799999,33990.82007,516,35470.57,21074.874216,0
1757179800000,2025-09-06 17:30:00,0.5936,0.5939,0.592,0.5925,35959.86,1757180699999,21317.733935,473,24679.23,14632.360466,0
1757180700000,2025-09-06 17:45:00,0.5925,0.5944,0.5924,0.5944,26672.61,1757181599999,15829.931505,460,19244.76,11421.761697,0
1757181600000,2025-09-06 18:00:00,0.5944,0.5958,0.5937,0.5957,56172.02,1757182499999,33416.649046,674,33479.73,19921.49254,0
1757182500000,2025-09-06 18:15:00,0.5957,0.5973,0.5955,0.5967,20461.19,1757183399999,12202.973029,336,9685.36,5775.65853,0
1757183400000,2025-09-06 18:30:00,0.5967,0.5967,0.5934,0.5935,65790.63,1757184299999,39146.866713,534,39096.95,23251.937458,0
1757184300000,2025-09-06 18:45:00,0.5935,0.5956,0.5934,0.595,20280.48,1757185199999,12054.864084,256,7776.8,4625.715886,0
1757185200000,2025-09-06 19:00:00,0.5949,0.595,0.593,0.593,34410.45,1757186099999,20446.885176,208,2828.43,1679.676918,0
1757186100000,2025-09-06 19:15:00,0.593,0.5931,0.5918,0.5918,11785.72,1757186999999,6981.929724,212,4045.81,2396.700098,0
1757187000000,2025-09-06 19:30:00,0.5917,0.5917,0.59,0.59,23108.23,1757187899999,13657.862954,228,7707.28,4557.662668,0
1757187900000,2025-09-06 19:45:00,0.59,0.5908,0.589,0.5897,18531.58,1757188799999,10928.352146,308,9499.07,5601.890174,0
1757188800000,2025-09-06 20:00:00,0.5897,0.5917,0.5896,0.5914,10351.12,1757189699999,6117.794755,216,5555.11,3282.510093,0
1757189700000,2025-09-06 20:15:00,0.5915,0.5922,0.5905,0.5922,9976.45,1757190599999,5896.823817,179,1471.75,870.664671,0
1757190600000,2025-09-06 20:30:00,0.5921,0.5941,0.5917,0.5939,6750.92,1757191499999,4001.791812,197,4998.37,2963.184264,0
1757191500000,2025-09-06 20:45:00,0.594,0.5972,0.594,0.5968,24801.68,1757192399999,14783.951518,354,17139.66,10216.057043,0
1757192400000,2025-09-06 21:00:00,0.5969,0.5969,0.5949,0.5955,29174.06,1757193299999,17388.864342,341,10141.13,6045.536075,0
1757193300000,2025-09-06 21:15:00,0.5956,0.5972,0.5956,0.5968,5800.17,1757194199999,3459.868728,109,5079.57,3030.116391,0
1757194200000,2025-09-06 21:30:00,0.5968,0.597,0.5953,0.5958,20337.75,1757195099999,12123.582495,186,13110.14,7815.200584,0
1757195100000,2025-09-06 21:45:00,0.5959,0.5982,0.5958,0.5982,8202.56,1757195999999,4890.507943,115,7846.09,4677.851698,0
1757196000000,2025-09-06 22:00:00,0.5982,0.5998,0.5969,0.5982,34105.16,1757196899999,20397.319117,510,14271.84,8541.126545,0
1757196900000,2025-09-06 22:15:00,0.5981,0.5996,0.5977,0.5984,32167.3,1757197799999,19251.039184,378,17052.09,10208.622193,0
1757197800000,2025-09-06 22:30:00,0.5985,0.5988,0.5961,0.5965,35595.93,1757198699999,21236.469002,244,6920.54,4129.549263,0
1757198700000,2025-09-06 22:45:00,0.5966,0.5968,0.596,0.5966,16932.03,1757199599999,10098.182523,176,10204.45,6086.45011,0
1757199600000,2025-09-06 23:00:00,0.5966,0.5968,0.5952,0.5965,19979.27,1757200499999,11913.572052,267,11391.07,6793.232671,0
1757200500000,2025-09-06 23:15:00,0.5965,0.5991,0.5961,0.5991,18818.51,1757201399999,11252.815907,296,12084.53,7227.163833,0
1757201400000,2025-09-06 23:30:00,0.599,0.5991,0.5968,0.5968,9600.59,1757202299999,5738.677696,161,2954.67,1766.861826,0
1757202300000,2025-09-06 23:45:00,0.5967,0.5967,0.596,0.596,3532.41,1757203199999,2106.262774,91,1877.37,1119.327771,0
1757203200000,2025-09-07 00:00:00,0.596,0.5976,0.5953,0.5976,16360.02,1757204099999,9758.723133,207,7042.57,4203.950031,0
1757204100000,2025-09-07 00:15:00,0.5977,0.5991,0.5967,0.5974,43437.39,1757204999999,25968.005178,412,16998.98,10163.478163,0
1757205000000,2025-09-07 00:30:00,0.5975,0.5978,0.5962,0.5975,40971.86,1757205899999,24466.546901,347,12712.12,7592.247106,0
1757205900000,2025-09-07 00:45:00,0.5977,0.5991,0.5975,0.598,79244.86,1757206799999,47408.365349,588,37039.03,22170.760461,0
1757206800000,2025-09-07 01:00:00,0.5979,0.5993,0.5967,0.5985,59193.68,1757207699999,35397.246421,555,39602.99,23691.510045,0
1757207700000,2025-09-07 01:15:00,0.5985,0.5985,0.5971,0.5978,9187.85,1757208599999,5490.318733,150,4023.73,2404.879455,0
1757208600000,2025-09-07 01:30:00,0.5979,0.5986,0.5971,0.5985,7636.11,1757209499999,4566.064851,140,3952.51,2363.770015,0
1757209500000,2025-09-07 01:45:00,0.5984,0.6009,0.5984,0.5987,27206.72,1757210399999,16322.149064,297,10065.59,6035.598745,0
1757210400000,2025-09-07 02:00:00,0.5986,0.5986,0.5968,0.5984,17705.92,1757211299999,10581.516255,231,6619.43,3956.604297,0
1757211300000,2025-09-07 02:15:00,0.5985,0.5985,0.5977,0.5981,5999.5,1757212199999,3588.430492,115,2228.17,1332.752937,0
1757212200000,2025-09-07 02:30:00,0.5982,0.5996,0.598,0.5992,6681.68,1757213099999,4002.273648,139,5349.73,3204.72432,0
1757213100000,2025-09-07 02:45:00,0.5991,0.5995,0.5986,0.5991,9000.14,1757213999999,5390.112571,102,1060.79,635.681796,0
1757214000000,2025-09-07 03:00:00,0.5991,0.6001,0.5991,0.6001,22839.99,1757214899999,13696.935377,277,19193.18,11510.377651,0
1757214900000,2025-09-07 03:15:00,0.6,0.6007,0.5997,0.5998,5156.43,1757215799999,3094.61535,91,2146.58,1288.753119,0
1757215800000,2025-09-07 03:30:00,0.5999,0.6002,0.5997,0.6,2541.9,1757216699999,1524.73971,38,837.8,502.583225,0
1757216700000,2025-09-07 03:45:00,0.6,0.6005,0.5999,0.6004,7956.03,1757217599999,4775.860563,65,5006.78,3005.805038,0
1757217600000,2025-09-07 04:00:00,0.6004,0.6007,0.6001,0.6001,7638.52,1757218499999,4585.474375,48,6625.34,3977.295641,0
1757218500000,2025-09-07 04:15:00,0.6001,0.6018,0.6001,0.6005,28772.19,1757219399999,17288.34939,260,23256.19,13973.973526,0
